Date,Close,High,Low,Open,Volume
2000-01-03,0.8377242684364319,0.8419337096661432,0.7610146261011718,0.7848695919001958,535796800
2000-01-04,0.7670956254005432,0.827901399832967,0.7572728643773224,0.8101275341259804,512377600
2000-01-05,0.7783205509185791,0.8274335493259829,0.7708371740886002,0.7764496942210538,778321600
2000-01-06,0.7109659910202026,0.8007724118392279,0.7109659910202026,0.7942244381180296,767972800
2000-01-07,0.7446436285972595,0.7558695673465321,0.7147084747208213,0.7221918510189517,460734400
2000-01-10,0.7315470576286316,0.7652239326620371,0.7090952746983015,0.7633530756515028,505064000
2000-01-11,0.6941276788711548,0.7437084129281535,0.6772892661002036,0.7179826423614357,441548800
2000-01-12,0.6524989604949951,0.71470872231691,0.6473532663278413,0.7109661585692337,976068800
2000-01-13,0.7240628600120544,0.7390304661140493,0.6922568406806966,0.7071070904310869,1032684800
2000-01-14,0.7516595125198364,0.7652239378703952,0.7437084076410456,0.7483855252191501,390376000
2000-01-18,0.7778530120849609,0.793289143829344,0.7516595148732694,0.7558697550409323,459177600
2000-01-19,0.797498345375061,0.8138690774059738,0.7736433876420559,0.7904818463092599,597643200
2000-01-20,0.8494178056716919,0.9092881250039941,0.8494178056716919,0.8643853605247033,1831132800
2000-01-21,0.8330469727516174,0.8550302772835878,0.8246273426853714,0.8550302772835878,495924800
2000-01-24,0.7951602339744568,0.8438046792783822,0.7867405505328419,0.8115309247304804,440876800
2000-01-25,0.8400624990463257,0.8466113712448862,0.7661599935743575,0.7858047116855515,497145600
2000-01-26,0.8246275782585144,0.8545627947136741,0.8213536403406146,0.8232244477336603,367158400
2000-01-27,0.8232242465019226,0.8456760780162781,0.8007724649476947,0.8143368893745465,340144000
2000-01-28,0.7605467438697815,0.8297721937844922,0.7530633664887976,0.8096597958535279,423348800
2000-01-31,0.7764500975608826,0.7773855513756432,0.7072246667431077,0.7558700137158508,701680000
2000-02-01,0.7502562999725342,0.7858048800497512,0.7483854929899633,0.7783206529168921,318035200
2000-02-02,0.7394982576370239,0.7642886275114203,0.7259337806727213,0.7539989875692574,464195200
2000-02-03,0.7731759548187256,0.780192456097469,0.7502563931695573,0.7507241199533655,475193600
2000-02-04,0.8082568049430847,0.8232243616452984,0.7755144815398566,0.7778530654768168,425320000
2000-02-07,0.8536275029182434,0.8550306836693025,0.792821704741803,0.8082570427244976,441067200
2000-02-08,0.8597083687782288,0.8690625043527446,0.8325794171749289,0.8531594946574658,408643200
2000-02-09,0.8428690433502197,0.8765467706353967,0.8414659629204313,0.8540949857520352,299364800
2000-02-10,0.8494178056716919,0.8522240660812305,0.8232242599380877,0.8447406383756232,302982400
2000-02-11,0.8138692378997803,0.854094885636017,0.8101275239918275,0.8503531717280642,212251200
2000-02-14,0.8667241930961609,0.8671919199790856,0.8129340527953002,0.8180788986270358,367539200
2000-02-15,0.8905790448188782,0.8975955466501826,0.8620470093177413,0.8625147361383838,485744000
2000-02-16,0.8540948629379272,0.8840308715719198,0.8391273082620807,0.8812238118335537,378246400
2000-02-17,0.8597083687782288,0.8643854365654867,0.8466116197393577,0.8620469026718577,289497600
2000-02-18,0.8325794339179993,0.8634500004038025,0.829772323882884,0.8578374789781197,233441600
2000-02-22,0.8517565727233887,0.8751438144949494,0.7984341131239141,0.8241599391842332,422296000
2000-02-23,0.869998037815094,0.890579016471033,0.8307077870884307,0.8474297448161409,473099200
2000-02-24,0.862163245677948,0.8915142185613927,0.8363209222896953,0.8779497453403353,376432000
2000-02-25,0.826030433177948,0.875611209043309,0.8241596264090978,0.8592404757529776,249144000
2000-02-28,0.8475469946861267,0.8606437440547776,0.8110630572673783,0.8241598066360292,328328000
2000-02-29,0.8578376173973083,0.877482344839445,0.8424015323015268,0.8498856614654475,368961600
2000-03-01,0.9752398729324341,0.988336624603177,0.8868373986766327,0.8873051255334042,1077003200
2000-03-02,0.9130311012268066,0.9574662614382725,0.903208335490009,0.9504505568965581,311259200
2000-03-03,0.9579330086708069,0.9596874078163815,0.8980627139649999,0.9345457829267555,323366400
2000-03-06,0.9406273365020752,0.9663531061650409,0.935481643000083,0.9429658702455337,210560000
2000-03-07,0.9195786714553833,0.9537241232079602,0.906481922728728,0.9462398956603227,273011200
2000-03-08,0.9130311012268066,0.9275310366315165,0.8873053191291408,0.9195790788096991,271230400
2000-03-09,0.914901614189148,0.9354816914152277,0.8849664023024755,0.9046111259349189,276718400
2000-03-10,0.9410950541496277,0.9574657893983871,0.9055464239206749,0.9106921173729913,248606400
2000-03-13,0.9078850746154785,0.9467075928307522,0.8943205995610355,0.9139661217182192,303956800
2000-03-14,0.8550304174423218,0.9298691988707192,0.853159510356779,0.9071835012159724,428579200
2000-03-15,0.869998037815094,0.8999340521874938,0.8540950266586214,0.8653209695980996,443609600
2000-03-16,0.9097560048103333,0.9130307918546066,0.8569012776478804,0.8779499828657787,378100800
2000-03-17,0.9354819059371948,0.9354819059371948,0.8952561965718516,0.8989988108478137,305043200
2000-03-20,0.9205142259597778,0.9448368190753099,0.9158370578505635,0.924256739825287,204489600
2000-03-21,1.0098528861999512,1.0234172624832025,0.9102244848494893,0.9172401866584934,524328000
2000-03-22,1.079078197479248,1.080482177105953,0.9845946951494222,0.993715916430738,567996800
2000-03-23,1.0575628280639648,1.125385116344103,1.0477400651129727,1.0627076233112909,562564800
2000-03-24,1.0379172563552856,1.0772075070630145,1.0140622899908367,1.065981564128946,446913600
2000-03-27,1.0444655418395996,1.083288047554101,1.0243522994218275,1.0299657179003041,279182400
2000-03-28,1.0411919355392456,1.0627074662842408,1.0262234802701746,1.0271589337842935,202966400
2000-03-29,1.0173372030258179,1.043530706740599,1.0015506969627304,1.0430630797974487,239836800
2000-03-30,0.9410950541496277,1.030433657008431,0.9387564205084868,0.9995622940617597,414400000
2000-03-31,1.016401767730713,1.0271590850461692,0.942966058131205,0.9537242747291722,404633600
2000-04-03,0.9976915121078491,1.043998262566916,0.9686917518837314,1.014062249407013,328563200
2000-04-04,0.9527885913848877,0.9953528214071852,0.8737403787711392,0.9925465610483526,660329600
2000-04-05,0.9757083654403687,0.9944176389053848,0.9279985290532201,0.9464738891377896,457665600
2000-04-06,0.9368859529495239,1.006579159190264,0.9223852200777398,0.9775793920916992,259627200
2000-04-07,0.9859980344772339,0.986933388217593,0.9392243522424832,0.9523211031725494,242435200
2000-04-10,0.9354819059371948,0.9934823352656049,0.9336110984006496,0.9855303790523441,212262400
2000-04-11,0.893852710723877,0.934546028587215,0.8835622247744502,0.9242564419199651,541822400
2000-04-12,0.8176109790802002,0.890578953549676,0.784869555429137,0.890578953549676,941136000
2000-04-13,0.8517565727233887,0.8980633294167301,0.8119985914486728,0.8344504294808154,529827200
2000-04-14,0.837256669998169,0.8830948493881635,0.8157402362364069,0.818078820467456,667620800
2000-04-17,0.92706298828125,0.9275307150779217,0.8162078905395316,0.8194827275182797,409561600
2000-04-18,0.9495146870613098,0.9495146870613098,0.8933851784221153,0.9242566429862917,390924800
2000-04-19,0.9064819812774658,0.9747719899110329,0.8961914924756673,0.9443691495699021,520150400
2000-04-20,0.8896438479423523,0.9336112808954733,0.8760793665476928,0.9256601224902813,722120000
2000-04-24,0.9018048048019409,0.9018048048019409,0.8587728469270668,0.8606436539090718,443620800
2000-04-25,0.9602720737457275,0.9635468603666308,0.9134984005562783,0.9139661272961467,391641600
2000-04-26,0.9078850746154785,0.9579334342001258,0.8980631128989666,0.94764294638452,366912000
2000-04-27,0.9485783576965332,0.9504500639234759,0.872453811245808,0.8770143715495727,326603200
2000-04-28,0.9284661412239075,0.9541920163313858,0.9078852612814197,0.9513857552525805,249580800
2000-05-01,0.9303370714187622,0.936418119921234,0.9120955246358748,0.9345464131802704,226195200
2000-05-02,0.8821592330932617,0.9448367161890093,0.8793529725014255,0.9223849328098451,236432000
2000-05-03,0.8611114025115967,0.9074173487215982,0.8353856325898489,0.8901111596752238,489798400
2000-05-04,0.8283689022064209,0.8625143434514194,0.8274334489910307,0.8615788902360291,399515200
2000-05-05,0.846611499786377,0.8587727935766053,0.8286029228480319,0.8293044629326691,284076800
2000-05-08,0.8241599202156067,0.8508210994415759,0.8232244665375766,0.8388936154054251,184900800
2000-05-09,0.789078950881958,0.8325794394703262,0.7848695597846241,0.825562938319157,327140800
2000-05-10,0.7432407140731812,0.7858049489684389,0.7390304737307568,0.7787884479459076,535091200
2000-05-11,0.7694340944290161,0.7801923080160336,0.740902066590237,0.7586759308021241,499744000
2000-05-12,0.805450439453125,0.8269660197236623,0.784050566846278,0.7932891443341685,306913600
2000-05-15,0.7558699250221252,0.8087246081187338,0.7493210996053126,0.8087246081187338,678932800
2000-05-16,0.7909498810768127,0.8162079286382603,0.7689666206868365,0.7821798783295116,440451200
2000-05-17,0.7586759924888611,0.7759821314128497,0.751191765238294,0.7755144046797864,398092800
2000-05-18,0.7539988160133362,0.7853371041968747,0.7530633626204398,0.7708372268861003,373777600
2000-05-19,0.7034829258918762,0.7427731809401569,0.6988049578778702,0.7427731809401569,740667200
2000-05-22,0.6730790138244629,0.7016118937756287,0.6436115297139687,0.7016118937756287,755507200
2000-05-23,0.6422083973884583,0.6988047816838783,0.6408052671307791,0.677289251757208,517585600
2000-05-24,0.6562405228614807,0.6716758043966053,0.6211596699053928,0.6450146319298864,678462400
2000-05-25,0.6530829668045044,0.6934259654941934,0.6436114268770382,0.6623215426811546,406750400
2000-05-26,0.6464176774024963,0.6726111696756221,0.6379988972989189,0.6585789702208028,181148800
2000-05-30,0.6553050875663757,0.6595144779655447,0.6118054555150878,0.6557727643039774,713059200
2000-05-31,0.6286440491676331,0.6829019106395389,0.6272409186267159,0.6501604327598471,433507200
2000-06-01,0.6669988036155701,0.6702727411050495,0.6015150578126595,0.6118055462907545,903840000
2000-06-02,0.6927245855331421,0.7465147133214435,0.666063360045986,0.7016119438029532,792848000
2000-06-05,0.6833695769309998,0.7128370664388626,0.6712082797623653,0.6983371850981527,323668800
2000-06-06,0.6950629353523254,0.7240626871074194,0.6758859428529788,0.6882811487247943,525481600
2000-06-07,0.722659707069397,0.7259336943800241,0.6857080450317985,0.70067645002745,337019200
2000-06-08,0.7095628976821899,0.7371595228090967,0.6969338769066818,0.7306115987088823,238526400
2000-06-09,0.7165797352790833,0.7329504264001119,0.7062892439905726,0.724063065836051,252358400
2000-06-12,0.6824341416358948,0.7217243922809917,0.6800956075322523,0.7212566654762084,290337600
2000-06-13,0.7072243690490723,0.7086274992204413,0.6599822226842459,0.6824340040704757,351456000
2000-06-14,0.6768215298652649,0.7203211660916291,0.6744829461122975,0.7086275478849641,277446400
2000-06-15,0.6913213729858398,0.6988047506815062,0.6660632808636294,0.6829017424910869,248572800
2000-06-16,0.6824341416358948,0.701611989794895,0.6665311305124366,0.6997402832135657,303564800
2000-06-19,0.7231273651123047,0.7324824487303175,0.6721435058195394,0.6777568757351558,394004800
2000-06-20,0.7577405571937561,0.7778530070383018,0.73622417771441,0.7371595812428384,501390400
2000-06-21,0.8325794339179993,0.8522241581902967,0.7530634845601594,0.7558697952331346,490000000
2000-06-22,0.8045142292976379,0.8625146472460697,0.8017079685832791,0.8344502914977995,467712000
2000-06-23,0.7736435532569885,0.8176109156430329,0.7605468049562379,0.8049818940787006,204965600
2000-06-26,0.8101274967193604,0.8194825805363742,0.7801923376197442,0.785804858332602,185354400
2000-06-27,0.7745789885520935,0.830707644448831,0.7727081316104555,0.8049818751874775,203470400
2000-06-28,0.81480473279953,0.8288368859503178,0.7708373662231875,0.7979663188830427,286428800
2000-06-29,0.7670956254005432,0.8073212736399759,0.7642885155923336,0.7942245253963733,203660800
2000-06-30,0.7839342355728149,0.8222890864791399,0.7736437452169908,0.7904822116668643,323097600
2000-07-03,0.7979663610458374,0.8129339185893331,0.7801924926282281,0.7801924926282281,70828800
2000-07-05,0.7727081179618835,0.8260305124843791,0.7596113701998177,0.7970307565774226,265216000
2000-07-06,0.7755144834518433,0.7923537466754015,0.7427730592503144,0.7858049722257762,309545600
2000-07-07,0.81480473279953,0.820418103653219,0.7801924514045658,0.7872081033188147,263603200
2000-07-10,0.8550304174423218,0.8718696803351481,0.8045142274881202,0.8096599214152344,397796000
2000-07-11,0.8522241711616516,0.8868372517936376,0.8297723365125087,0.8531595247999905,357896000
2000-07-12,0.8812241554260254,0.8821595093026603,0.8438047045850252,0.8699982102614015,225433600
2000-07-13,0.8456760048866272,0.9074172247586981,0.8194825118057423,0.8756112114356818,445659200
2000-07-14,0.8634501695632935,0.8830948976842118,0.8512888714228846,0.8550305864131392,190276800
2000-07-17,0.8728052377700806,0.880288567242209,0.8550305192187142,0.8718697841159597,260002400
2000-07-18,0.8569010496139526,0.881223736041313,0.8512885293440301,0.8756112157713903,318404800
2000-07-19,0.7886112332344055,0.8503532666147973,0.774579080091932,0.8260306246951878,457872800
2000-07-20,0.8250952959060669,0.8540950583818856,0.8101276878450306,0.8232244385736984,465572800
2000-07-21,0.8017077445983887,0.8325792017582786,0.7923535115238666,0.8136352236043993,196235200
2000-07-24,0.728740930557251,0.7914175745566279,0.710966211957732,0.7867404561537722,412171200
2000-07-25,0.749320924282074,0.7577405552185983,0.7343533187832267,0.7530634376683862,211607200
2000-07-26,0.749320924282074,0.7670956396412434,0.7371595793213278,0.7460469370009125,210470400
2000-07-27,0.7783205509185791,0.7970306666576215,0.7465145382171043,0.7483853949146296,294985600
2000-07-28,0.7231273651123047,0.7858048416169859,0.7016118368618188,0.7825308546174206,237893600
2000-07-31,0.7605467438697815,0.7727080876810368,0.7296761822241145,0.7357563795085459,155299200
2000-08-01,0.7380949258804321,0.7656915491250623,0.7371594725298294,0.7530633285729134,137284000
2000-08-02,0.7072243690490723,0.7474500152348911,0.7062889655882019,0.7334178641990379,162355200
2000-08-03,0.7184502482414246,0.7193857016474476,0.6623215950363773,0.6819662664432404,339897600
2000-08-04,0.7090953588485718,0.7670957300281234,0.6931923479498827,0.7404345031700983,263121600
2000-08-07,0.7175148129463196,0.7343532233079391,0.7062889229312032,0.7165794095419439,187348000
2000-08-08,0.6997405886650085,0.7184507181865893,0.6931926603404195,0.7175153141288364,176674400
2000-08-09,0.7109659910202026,0.7249981911905433,0.7072243274367495,0.7203210742411337,379640800
2000-08-10,0.7119014263153076,0.7249981727872451,0.7090951662089205,0.71845019923226,251714400
2000-08-11,0.713773250579834,0.7184503685125361,0.6819663806068044,0.7011442278033693,238056000
2000-08-14,0.7044181227684021,0.7137731567664005,0.6931922318511884,0.7123692272049706,156660000
2000-08-15,0.6988047957420349,0.7175149148519605,0.695998535170222,0.7072244267797049,114200800
2000-08-16,0.7259337902069092,0.733418018672756,0.7006765425202524,0.7016119961382766,143673600
2000-08-17,0.7699018716812134,0.7848694766260307,0.7231274005418402,0.7240628040332061,270900000
2000-08-18,0.7483856678009033,0.7755145736307263,0.7465148104212013,0.7689666477419799,190176000
2000-08-21,0.7558699250221252,0.7717729377678879,0.7427731734710619,0.7521273608000119,134467200
2000-08-22,0.7736435532569885,0.7904820155288252,0.753998880447032,0.7577405444579883,276802400
2000-08-23,0.8129337430000305,0.8194825663472242,0.7642884670687955,0.7703695637113072,236863200
2000-08-24,0.8398290276527405,0.8475470696772891,0.7989017821747221,0.818312644876826,310766400
2000-08-25,0.8503531813621521,0.8606436691076093,0.8438044075670394,0.8456761138644159,334460000
2000-08-28,0.8690624237060547,0.8830946249683324,0.854094868925283,0.8569011293212774,359004800
2000-08-29,0.8859018683433533,0.8896434826113354,0.8634499844896159,0.8662562451507353,267030400
2000-08-30,0.8905790448188782,0.8980632734708252,0.8786515612512443,0.8830948161669312,285392800
2000-08-31,0.912095308303833,0.9205140897503541,0.8821591986203995,0.8826269253541382,419596800
2000-09-01,0.9495146870613098,0.9523209476647028,0.9149016083061184,0.9177078689095114,256872000
2000-09-05,0.9345462322235107,0.9598043762277528,0.9317399716191223,0.9378211188643807,298642400
2000-09-06,0.8746758699417114,0.9336108372292923,0.864385382206392,0.918643182080585,355404000
2000-09-07,0.9279986023902893,0.9364181857880788,0.8718698782770096,0.8849666305302532,217464800
2000-09-08,0.8812241554260254,0.9223852216141538,0.8756116324850386,0.9223852216141538,195518400
2000-09-11,0.8746758699417114,0.9036756268521371,0.86999790316625,0.8784175838883698,187381600
2000-09-12,0.8643854856491089,0.8989986669439531,0.8531595431036294,0.8583052372282509,187997600
2000-09-13,0.8681270480155945,0.8905788292544864,0.849417779877913,0.849417779877913,305984000
2000-09-14,0.8510547876358032,0.8924496510986887,0.8503531476027907,0.8765466430192,426552000
2000-09-15,0.8267323970794678,0.8709344361244761,0.8119986505185753,0.8643856602294512,394514400
2000-09-18,0.9078850746154785,0.9092881549062602,0.8241597404841405,0.826966000985964,424536000
2000-09-19,0.897127628326416,0.905546409540053,0.8765466534086347,0.8943205685598181,271510400
2000-09-20,0.9137319922447205,0.9195783246344644,0.8765463805913213,0.8891753978032872,227388000
2000-09-21,0.8484825491905212,0.8924498704328803,0.8269661657582903,0.8756115047048294,510490400
2000-09-22,0.7811278700828552,0.7848695844827628,0.748385595897492,0.7530635132794791,726700800
2000-09-25,0.8007726073265076,0.8307077718266015,0.7792570247766805,0.7895466645932732,435551200
2000-09-26,0.7699018716812134,0.8194826032548133,0.7689664681898475,0.7979662246279873,290936800
2000-09-27,0.7324826121330261,0.7895466814918553,0.722192122773868,0.7745791239015275,402259200
2000-09-28,0.8007726073265076,0.8054505247798935,0.7203212500883597,0.7380951181811696,979585600
2000-09-29,0.38541820645332336,0.43406353371871387,0.37980568567911455,0.42190218941233426,7421640800
2000-10-02,0.36296728253364563,0.4003866973998734,0.35174139062759835,0.39945126885786847,2424788800
2000-10-03,0.3339674770832062,0.37419314695548617,0.3320957959194308,0.3732577185446343,2038120000
2000-10-04,0.35361218452453613,0.35548301642634045,0.32741868937457047,0.3349029162640767,1466024000
2000-10-05,0.3302250802516937,0.36670907705563127,0.3292896514409949,0.3517414916623203,873006400
2000-10-06,0.33209580183029175,0.3433216923622033,0.3143219372859349,0.33958000363226154,612656800
2000-10-09,0.32554781436920166,0.3423862235183343,0.3161927318364701,0.3386445602101337,597564800
2000-10-10,0.31245115399360657,0.33583836712137716,0.3068377582136934,0.32367704627101695,691101600
2000-10-11,0.2937409579753876,0.31432193178408807,0.28625760562655495,0.30122518462641773,1198422400
2000-10-12,0.2993544042110443,0.31151572504680985,0.2918701762742805,0.304031497110046,1191064000
2000-10-13,0.3302250802516937,0.3311605090623925,0.299354480654373,0.3030961459370213,1247752800
2000-10-16,0.3218061923980713,0.34799968947783516,0.31993448605614416,0.33396751242810185,820176000
2000-10-17,0.3012252748012543,0.3283542056490428,0.29467732392329105,0.3246125158644823,601720000
2000-10-18,0.3012252748012543,0.31525745457072735,0.280644294831429,0.29093478481634166,834265600
2000-10-19,0.2834513783454895,0.29654812818082193,0.27409631793960226,0.28672536596377945,1506724800
2000-10-20,0.29187020659446716,0.30496695736258217,0.2834513985335906,0.2853222558715941,791263200
2000-10-23,0.3049669861793518,0.3077740967939042,0.29093480541631406,0.3033299920989342,551292000
2000-10-24,0.2825160026550293,0.31245119471477795,0.2815805739601669,0.30964490863019073,804451200
2000-10-25,0.27690258622169495,0.28719307550701045,0.2759671825742008,0.2853222432319536,663969600
2000-10-26,0.27690258622169495,0.28251598232933395,0.26193500375870293,0.28158055370177126,721851200
2000-10-27,0.2778380513191223,0.2871931132048489,0.2675475606830458,0.2825160194132429,744503200
2000-10-30,0.2890639007091522,0.29841896032956494,0.28064424463251103,0.2862576401177061,639189600
2000-10-31,0.29280564188957214,0.30309610688355193,0.28812852341879114,0.2956127523024007,885880800
2000-11-01,0.3068377375602722,0.3124511329623445,0.29093472846862056,0.29093472846862056,575366400
2000-11-02,0.3339674770832062,0.3358383089248471,0.31525736010227673,0.3161927635330658,590693600
2000-11-03,0.33303123712539673,0.34425715371090215,0.3283541445007482,0.34425715371090215,515821600
2000-11-06,0.3208708167076111,0.33864468574248796,0.3124511843509427,0.3358383997509837,393478400
2000-11-07,0.3189990818500519,0.3264832842950238,0.31151570374723714,0.3218061917158136,301963200
2000-11-08,0.3002897799015045,0.3208707553335882,0.29654809094192036,0.3199344775264743,422088800
2000-11-09,0.3021606504917145,0.3068377431669737,0.2853222125823965,0.2974835328363894,476834400
2000-11-10,0.28532224893569946,0.2974835707391833,0.28532224893569946,0.28976550378035976,422251200
2000-11-13,0.28999924659729004,0.29935432933785605,0.2731608370740718,0.2806441888367849,431816000
2000-11-14,0.30309605598449707,0.30683774513676426,0.2928055927185993,0.2984189632792126,409001600
2000-11-15,0.29748350381851196,0.30216062101761004,0.28812844507822216,0.29982206241806103,282357600
2000-11-16,0.28438687324523926,0.29654819731328846,0.2825160405844149,0.29187025384868426,239372000
2000-11-17,0.27690258622169495,0.2881285041345732,0.2731609216715812,0.28719307550701045,446180000
2000-11-20,0.2834513783454895,0.29187018580675805,0.2731609143172919,0.2783057341602705,408066400
2000-11-21,0.2815806269645691,0.29187026960475465,0.2806443487710705,0.28719315023009756,301952000
2000-11-22,0.27690258622169495,0.28625767185951634,0.27503175394663804,0.28158055370177126,280532000
2000-11-24,0.2890639007091522,0.29187016130059834,0.2815805224785854,0.2822820876264469,160932800
2000-11-27,0.27970901131629944,0.29841914194388663,0.2769027240369146,0.29748371285075836,258792800
2000-11-28,0.26988688111305237,0.2843867589127784,0.26848375093651833,0.27970881732885455,269124800
2000-11-29,0.2628704607486725,0.27409635489269996,0.25819334208628975,0.27082239181308904,492150400
2000-11-30,0.2469673603773117,0.25445071261172086,0.24135396565430514,0.24977362058772293,809597600
2000-12-01,0.2553871273994446,0.26193507973144187,0.2516445874614292,0.2544508491779886,385705600
2000-12-04,0.24977371096611023,0.25725791523073355,0.24603202100497734,0.25725791523073355,371520800
2000-12-05,0.2544507384300232,0.2609995372342776,0.24509652845282323,0.25351533491834866,613978400
2000-12-06,0.21422505378723145,0.22451551485595084,0.20954793710052028,0.218902994815946,1374464000
2000-12-07,0.21422505378723145,0.2226446831693028,0.20954793710052028,0.21609673479594357,408917600
2000-12-08,0.2254510223865509,0.22919356137666436,0.21609681070720818,0.22170933271879992,435624000
2000-12-11,0.22732189297676086,0.2301290034687396,0.22264477437410235,0.22732189297676086,332511200
2000-12-12,0.23012898862361908,0.2394832002454453,0.22451559234411064,0.228257281988855,386260000
2000-12-13,0.22451557219028473,0.2329352287025367,0.222644740025884,0.2329352287025367,344887200
2000-12-14,0.21609671413898468,0.22825718138991424,0.21609671413898468,0.2249832200062271,263317600
2000-12-15,0.21048341691493988,0.21983847691847203,0.2095479883527938,0.21796761979417986,513945600
2000-12-18,0.21328967809677124,0.21890304884429906,0.208612572745715,0.21796762028006775,325808000
2000-12-19,0.2095479816198349,0.2282572517034822,0.2095479816198349,0.21516050285224253,374007200
2000-12-20,0.21516050398349762,0.21890304247371317,0.2039354489696311,0.20627400782211844,565331200
2000-12-21,0.21048341691493988,0.22451556976906875,0.20767714371853507,0.2132896776213113,366844800
2000-12-22,0.22451557219028473,0.22451557219028473,0.21141882277699744,0.21141882277699744,318052000
2000-12-26,0.2198384702205658,0.22451556292866368,0.21328967112292993,0.22264473084143774,216815200
2000-12-27,0.22170928120613098,0.22170928120613098,0.21235422237801116,0.21469278099951578,325466400
2000-12-28,0.22170928120613098,0.22358013809536015,0.21422507926724033,0.21516048273179122,305177600
2000-12-29,0.22264476120471954,0.22451559354708112,0.21703223919756537,0.21983850020114246,630336000
2001-01-02,0.22264476120471954,0.22825728321187372,0.21796764287871143,0.22264476120471954,452312000
2001-01-03,0.2450965791940689,0.24977369764098423,0.2160968161226228,0.2170322448080199,817073600
2001-01-04,0.2553871273994446,0.27690266653569495,0.2516445874614292,0.2715240065723147,739396000
2001-01-05,0.2450965791940689,0.2600641875625256,0.24041863640483999,0.25351538740250246,412356000
2001-01-08,0.2479027956724167,0.2542169069378492,0.23854773611924993,0.25351534179503066,373699200
2001-01-09,0.25725793838500977,0.26403975361120896,0.24790287580779002,0.25164456610569047,588929600
2001-01-10,0.2479027956724167,0.2544507453320783,0.24041859315347644,0.2497736527066432,580781600
2001-01-11,0.26941922307014465,0.27690257689847875,0.24322572357620062,0.24322572357620062,803734400
2001-01-12,0.25725793838500977,0.26941928742071014,0.2553871057260964,0.26754758045921756,423376800
2001-01-16,0.25632256269454956,0.273161007716743,0.25445085552750896,0.2609996573455014,306118400
2001-01-17,0.2516445815563202,0.26287050246178306,0.24696748713183278,0.26287050246178306,840873600
2001-01-18,0.27970901131629944,0.2806444154293467,0.26380596733068895,0.26661225461007376,1227010400
2001-01-19,0.29187020659446716,0.292805635263469,0.27970888449535397,0.2909347779254654,776664000
2001-01-22,0.288128525018692,0.29374104723073785,0.2759672025768432,0.2853222639126691,519327200
2001-01-23,0.3068377375602722,0.31338653649226467,0.2853222073688381,0.2890638964287149,879530400
2001-01-24,0.3068377375602722,0.3096448474323879,0.29280558548859165,0.30870944390246774,717091200
2001-01-25,0.2984189987182617,0.30777405954211184,0.2956127377658175,0.30777405954211184,489708800
2001-01-26,0.29280564188957214,0.2965481560125007,0.2853222623283507,0.2918702131994019,482820800
2001-01-29,0.32461246848106384,0.32554789703567777,0.2928055994580614,0.2928055994580614,855528800
2001-01-30,0.32554781436920166,0.3292894776774022,0.3124510685282696,0.3227415294179608,692423200
2001-01-31,0.323677122592926,0.33677387510440343,0.3208708611924374,0.32180628998595795,730704800
2001-02-01,0.31619274616241455,0.3218061406612148,0.30683768818588775,0.3096447976063011,369695200
2001-02-02,0.30870935320854187,0.32835404558877035,0.3068376474162239,0.3161927041497398,427341600
2001-02-05,0.3021606504917145,0.30777402101629187,0.2956127007622989,0.3068377431669737,286115200
2001-02-06,0.31619274616241455,0.32016829795508334,0.29935433625037344,0.3016928696789371,462711200
2001-02-07,0.310580313205719,0.3124511704501551,0.29654813447039585,0.3091771827624262,393887200
2001-02-08,0.310580313205719,0.3152574313367407,0.30216068122363565,0.30777405231913335,604128000
2001-02-09,0.28625765442848206,0.3115157246387546,0.2797088550721237,0.3068377574435329,590083200
2001-02-12,0.2946772873401642,0.29935440523523493,0.28158053788776316,0.28532222720780637,274120000
2001-02-13,0.28625765442848206,0.30590235385299813,0.28438679728727834,0.2984189752483174,237070400
2001-02-14,0.29187020659446716,0.29374103895240106,0.27690259848834864,0.287193088229528,309120000
2001-02-15,0.3002897799015045,0.30777400714287445,0.2946772589521607,0.2946772589521607,311416000
2001-02-16,0.28438687324523926,0.29187025384868426,0.28064433362101043,0.28438687324523926,263911200
2001-02-20,0.27409628033638,0.29093471729109527,0.2722254483683505,0.2871930283749718,314893600
2001-02-21,0.2825160026550293,0.2984190148897309,0.2731609413242239,0.2731609413242239,390258400
2001-02-22,0.2815806269645691,0.28999941186286177,0.26941930224001354,0.28532231746827974,431961600
2001-02-23,0.2815806269645691,0.28251605583551553,0.2731609927437242,0.27877351600925265,293865600
2001-02-26,0.29187020659446716,0.2946773169437717,0.2778380271573504,0.2853222558715941,206438400
2001-02-27,0.28999924659729004,0.290934674935152,0.27970878547898376,0.28859611658052753,348516000
2001-02-28,0.2731609046459198,0.2909347469037176,0.2712900475074017,0.28999931833445863,508233600
2001-03-01,0.2806442379951477,0.2806442379951477,0.2572578509905373,0.2666120860475468,330461600
2001-03-02,0.288128525018692,0.30590239465265706,0.27316094147082026,0.2740963451861143,406201600
2001-03-05,0.3049669861793518,0.30683781871406335,0.28812854412421074,0.2899993766589223,324172800
2001-03-06,0.3218061923980713,0.33022497404653745,0.30964484738797526,0.3101125741329337,731802400
2001-03-07,0.31806373596191406,0.3236771078293355,0.31058035591522837,0.31899916471276774,419540800
2001-03-08,0.3115156888961792,0.3161927812524158,0.30590231875448753,0.3096448319696332,204859200
2001-03-09,0.30309605598449707,0.3096448550781936,0.2993543918122959,0.3087094515251763,299135200
2001-03-12,0.2787734270095825,0.2974835472198752,0.27129004839126347,0.29467728648302227,391020000
2001-03-13,0.29280564188957214,0.29280564188957214,0.27222551126386013,0.28251600123791015,443329600
2001-03-14,0.30590230226516724,0.3068377056979542,0.2759671192302674,0.2769025226630543,477775200
2001-03-15,0.2946772873401642,0.3199345083476551,0.2946772873401642,0.3124511546876359,529317600
2001-03-16,0.2937409579753876,0.3040314448797378,0.2825159169621072,0.28438674880429965,470316000
2001-03-19,0.3077740967273712,0.30870952548456077,0.29187023411061086,0.295612773481746,356008800
2001-03-20,0.2946772873401642,0.3133865582825963,0.2946772873401642,0.3101125957401005,499206400
2001-03-21,0.3012252748012543,0.3124511934773246,0.28999935612518396,0.2960804544699924,371375200
2001-03-22,0.323677122592926,0.3255479801799671,0.3021607365575009,0.3049669979579895,723301600
2001-03-23,0.3442572057247162,0.35267683803147576,0.329289597789997,0.33022502644828683,944888000
2001-03-26,0.3259972631931305,0.35548316830055016,0.31626752427129456,0.3462035453366925,734451200
2001-03-27,0.34231171011924744,0.3450056603458957,0.32779254641765304,0.3283918681586655,543821600
2001-03-28,0.3318343758583069,0.33677383498400604,0.3218062516486723,0.33048740052262726,584662400
2001-03-29,0.337222158908844,0.3509927923785253,0.32180613876418607,0.32584703837367157,613065600
2001-03-30,0.33033743500709534,0.3400663248659541,0.3194107505558144,0.33752240399623384,400349600
2001-04-02,0.3231531083583832,0.33916845110962895,0.32030912821062835,0.3306364856863016,340911200
2001-04-03,0.3029469847679138,0.3203092860395232,0.3012999235167973,0.31971081340049606,368687200
2001-04-04,0.29187020659446716,0.3030961000245786,0.28064428818428605,0.29576192658885375,685484800
2001-04-05,0.3123764395713806,0.3367736890034285,0.2993543097339679,0.3083346909739992,446762400
2001-04-06,0.30818551778793335,0.31492039226174723,0.2978573113779555,0.31132873398972677,324889600
2001-04-09,0.307437002658844,0.31941057031330283,0.3002520127441007,0.30968168594442685,266582400
2001-04-10,0.3298880457878113,0.3397669880341984,0.3110287442842349,0.3128249860001319,457374400
2001-04-11,0.3262963593006134,0.3442571248920315,0.31851289624848406,0.34395788871112065,334096000
2001-04-12,0.33557599782943726,0.3445563811483848,0.3165674673461952,0.3206083925370783,298933600
2001-04-16,0.32090768218040466,0.3352768174691535,0.3122265336140168,0.33063656978656825,285224800
2001-04-17,0.30534160137176514,0.317465202292896,0.293367181411053,0.31731517201019754,685199200
2001-04-18,0.3411140739917755,0.3604226732592533,0.3155198631911277,0.3228540633594805,1100842400
2001-04-19,0.3849698603153229,0.385418277526453,0.35323842859663,0.3824251157487229,1873670400
2001-04-20,0.37479156255722046,0.3836227634027528,0.3682058943046998,0.3731453515795907,693403200
2001-04-23,0.36296728253364563,0.3741931994197592,0.35922474402343874,0.3643142576676213,541525600
2001-04-24,0.35967403650283813,0.37045066194701143,0.35189057256890627,0.36416422840939455,377137600
2001-04-25,0.3700020909309387,0.3720975680469947,0.35278900766564947,0.3623678605722469,330780800
2001-04-26,0.3695530593395233,0.39065707477006095,0.369403029017974,0.37673720358294327,799696800
2001-04-27,0.39215394854545593,0.3935009236160586,0.3704506434804297,0.3771863431755914,453012000
2001-04-30,0.3815273642539978,0.405924620121721,0.37224689511481435,0.3996381617469642,494776800
2001-05-01,0.38811302185058594,0.3966441387125197,0.3771863417342825,0.380329583314459,427252000
2001-05-02,0.3979911804199219,0.39963821630206375,0.38556834220977276,0.39424949079577676,368524800
2001-05-03,0.37359386682510376,0.3929024582967809,0.3701514139510496,0.3887115027384257,301543200
2001-05-04,0.38541820645332336,0.3869152367073627,0.35862626349656485,0.3628172187900069,281052800
2001-05-07,0.37359386682510376,0.3855682860696593,0.3717976252512139,0.38347280829048175,276550400
2001-05-08,0.36775675415992737,0.3809280951865226,0.358477133059891,0.3794319389196729,315436800
2001-05-09,0.3589255213737488,0.3674574627404825,0.3542861236914321,0.3613202353515615,324889600
2001-05-10,0.3442572057247162,0.36670901730790506,0.34350870292564023,0.3623680308101805,288976800
2001-05-11,0.342012494802475,0.3515913514566703,0.3406655196068678,0.3444072089660238,203044800
2001-05-14,0.3485982120037079,0.3544353800885258,0.34051553539424034,0.3426110136136454,309220800
2001-05-15,0.34695199131965637,0.3816766119782477,0.34485651315483823,0.349795147964211,237025600
2001-05-16,0.3607216775417328,0.36670887323987555,0.3420123873041973,0.34814878889816325,322330400
2001-05-17,0.3524898886680603,0.36416422256945286,0.3479996968335112,0.36266804151938736,332119200
2001-05-18,0.3521905541419983,0.35383676500860917,0.346053303372296,0.3496457855739435,159051200
2001-05-21,0.3526391386985779,0.3578778592354999,0.3450057286503573,0.3536868778099481,460997600
2001-05-22,0.3517414629459381,0.36117111516469974,0.3502444322460248,0.3592248178803626,412916000
2001-05-23,0.34769970178604126,0.35548314264063674,0.34216176960417594,0.35548314264063674,281041600
2001-05-24,0.34725117683410645,0.3487473579172485,0.3385700291831046,0.3485981519800315,271756800
2001-05-25,0.34066542983055115,0.34859807297096684,0.33677371121204314,0.34725109813033095,158743200
2001-05-29,0.3213570713996887,0.33677395161350226,0.31147814972708265,0.33407917566659395,515989600
2001-05-30,0.29606106877326965,0.31072943596407504,0.2888769279186765,0.31072943596407504,777078400
2001-05-31,0.29860591888427734,0.3029469305769766,0.29172101173959936,0.2963604103758838,442892800
2001-06-01,0.3126756548881531,0.31566884032161346,0.2990550536992063,0.30129971170876946,456075200
2001-06-04,0.3092331886291504,0.3159680616243105,0.30623917899409264,0.3155196196525398,281920800
2001-06-05,0.3134244382381439,0.31581915359955176,0.30459325556455985,0.31132895925408244,471794400
2001-06-06,0.31028103828430176,0.3132742246497418,0.30429384121126657,0.3132742246497418,223176800
2001-06-07,0.32420089840888977,0.32479934582150555,0.3060900766420576,0.3099809715366203,325180800
2001-06-08,0.31911134719848633,0.3240508047073261,0.30998093475390864,0.3240508047073261,342624800
2001-06-11,0.29995277523994446,0.3153696443688318,0.29860580040628054,0.31507040822157356,294000000
2001-06-12,0.30399465560913086,0.30968179308431176,0.29576192415498814,0.29591195445220264,303794400
2001-06-13,0.30638933181762695,0.32524865741461656,0.3002520792349295,0.32060841024849107,511487200
2001-06-14,0.2975582182407379,0.30609018744464084,0.2959120063938793,0.29995293302046966,297348800
2001-06-15,0.30594006180763245,0.3105802839403552,0.28962548073790284,0.30085139752884443,454624800
2001-06-18,0.3042939007282257,0.3120765165374366,0.2993544415683071,0.3054908457716506,345912000
2001-06-19,0.3021984100341797,0.32030920997500095,0.2995036101334667,0.31207650360226624,321087200
2001-06-20,0.32435014843940735,0.32704494844477894,0.2990552045264753,0.2993544407865501,431620000
2001-06-21,0.3366236686706543,0.34425707538343453,0.31581890085936903,0.3225537748165412,341331200
2001-06-22,0.33318138122558594,0.3442572455104498,0.32569715173209607,0.3364746290536621,286025600
2001-06-25,0.35907554626464844,0.35922472721349447,0.3360252661231793,0.3367737687941812,439549600
2001-06-26,0.3554829955101013,0.3557822316741366,0.34440713573054826,0.34934659329225426,272781600
2001-06-27,0.34934666752815247,0.35922476040860196,0.33677379991464873,0.35668086528276377,374130400
2001-06-28,0.3523397445678711,0.3578776988922005,0.34335936316321575,0.3450055740742766,348409600
2001-06-29,0.3479997515678406,0.37568940962635977,0.34725122377392326,0.3541361556937,515390400
2001-07-02,0.3577285706996918,0.36266802884776406,0.3463526240835457,0.3538368514211455,230048000
2001-07-03,0.35683006048202515,0.3619195745614125,0.35174142070503245,0.3518906016736159,112543200
2001-07-05,0.34710103273391724,0.35578217753821295,0.3444070833254624,0.3532382833400302,152292000
2001-07-06,0.32973888516426086,0.3436587288933145,0.32509863749374746,0.3406655420770055,302920800
2001-07-09,0.3397669196128845,0.34425711082729077,0.3245000796354283,0.3306364819486356,337467200
2001-07-10,0.31641754508018494,0.3453050016798424,0.3119273518880532,0.34350875953450455,395270400
2001-07-11,0.33737221360206604,0.3375222438608556,0.31432193534576874,0.3147712017800563,470506400
2001-07-12,0.3646135628223419,0.371349264107987,0.348747420764213,0.348747420764213,614801600
2001-07-13,0.37194764614105225,0.37434236006510124,0.35683001060913394,0.3611710213117606,454742400
2001-07-16,0.35862624645233154,0.37568930300152603,0.35787774385091753,0.37239688076579086,278667200
2001-07-17,0.3756893277168274,0.3774855692099751,0.34440716772897484,0.3589255062369502,647830400
2001-07-18,0.31117868423461914,0.34096465831013245,0.3056407547512313,0.3259970808123841,1137012800
2001-07-19,0.29875582456588745,0.32060830446352134,0.2956126088335068,0.31776432484728395,861140000
2001-07-20,0.2990550696849823,0.30025198920553,0.29172087444190925,0.29486409026891536,444584000
2001-07-23,0.29246941208839417,0.30683769387477955,0.29202014567568163,0.3007012917165551,241360000
2001-07-24,0.28573375940322876,0.2981565959771747,0.280345034606687,0.29022395122925954,348376000
2001-07-25,0.2764531970024109,0.2888768787094645,0.26896982126306573,0.286182929390652,443878400
2001-07-26,0.27824950218200684,0.2813927435397255,0.26717364190134124,0.27660331601437066,369140800
2001-07-27,0.2837875187397003,0.28812850510952015,0.2769025871586565,0.28064427670149966,334135200
2001-07-30,0.2833389937877655,0.28977463197431064,0.2770525615076844,0.28618297377285334,243359200
2001-07-31,0.28124353289604187,0.2906731818705548,0.27705257779625836,0.28842767406335373,235026400
2001-08-01,0.28528448939323425,0.2960611145109959,0.2836382780905363,0.2845359867077812,304136000
2001-08-02,0.2966603934764862,0.2974080467319231,0.2882784585751969,0.2941156246011814,252089600
2001-08-03,0.29187020659446716,0.29785740471334654,0.28438682720259234,0.2977082237372663,186054400
2001-08-06,0.2863321900367737,0.2942648336270535,0.28438674278819626,0.28498521511975017,99652000
2001-08-07,0.288128525018692,0.2944149595693375,0.2840875989542724,0.2893262944131436,168548800
2001-08-08,0.28288981318473816,0.29486420906682637,0.27750106275504716,0.28827853863436026,276169600
2001-08-09,0.2851353585720062,0.2866315399948729,0.2801958990205918,0.2837875587778536,200664800
2001-08-10,0.28468602895736694,0.28917622091680545,0.2782495400853789,0.28498526517570294,186961600
2001-08-13,0.28573375940322876,0.28932624260092327,0.28079430109194253,0.2858829653368641,147996800
2001-08-14,0.28034505248069763,0.2897747032192226,0.279447343795126,0.2873799890488043,228950400
2001-08-15,0.27600494027137756,0.2834883203564493,0.27241243121874087,0.2807943694732135,289279200
2001-08-16,0.2791481912136078,0.28064434782448433,0.26897000970269075,0.273460203160494,288092000
2001-08-17,0.27046695351600647,0.2761540654350393,0.2692691593064292,0.26941921456851325,208426400
2001-08-20,0.27121469378471375,0.2728617550256584,0.26657529434718885,0.27151477942492713,252302400
2001-08-21,0.2682214379310608,0.2715147102513783,0.2649281905908118,0.2715147102513783,185701600
2001-08-22,0.2725623846054077,0.2731608569462862,0.2635811528018311,0.26852061046924697,173975200
2001-08-23,0.2665751576423645,0.274507801191145,0.2631327052408569,0.27241232369961427,217078400
2001-08-24,0.27795031666755676,0.2786988193516976,0.26418048019422147,0.2694191996211099,290332000
2001-08-27,0.28318896889686584,0.2888769289746507,0.2718138730833363,0.2783995416429629,175644000
2001-08-28,0.2754054367542267,0.28648214292921553,0.2754054367542267,0.28288966122589493,171735200
2001-08-29,0.2668745219707489,0.2818421327438027,0.2668745219707489,0.27600496388330326,239971200
2001-08-30,0.2668745219707489,0.2721132182154141,0.25864181396202013,0.26552754641389875,368692800
2001-08-31,0.2776511013507843,0.27839960409123704,0.26418050006924254,0.26537744498018684,216904800
2001-09-04,0.2731609046459198,0.28558374176980716,0.27211314071532455,0.2769025689628219,348213600
2001-09-05,0.2776511013507843,0.28363829893218123,0.2712146122766032,0.27301085398524483,360057600
2001-09-06,0.2652282416820526,0.2833390655296515,0.26418050270341664,0.2754055708954591,282368800
2001-09-07,0.2586416006088257,0.27091522516360456,0.2574446563645152,0.2619348459642117,241830400
2001-09-10,0.25998952984809875,0.26193497739212984,0.25325382989798106,0.2544507497628019,308845600
2001-09-17,0.2543015480041504,0.25549849275111625,0.235442224180364,0.23948314921454214,458007200
2001-09-18,0.2436741143465042,0.26522821340499403,0.24202790308193795,0.25295458320062386,327101600
2001-09-19,0.25475090742111206,0.255947852604877,0.23349603766266788,0.24696746635698782,373318400
2001-09-20,0.23469381034374237,0.2537031716245431,0.23199985930164452,0.24382422703354528,411174400
2001-09-21,0.23544225096702576,0.2432257150563546,0.2197261418291449,0.2215224084761342,570516800
2001-09-24,0.24621878564357758,0.2520559506474716,0.23873458552066362,0.2411301230861651,294537600
2001-09-25,0.23259827494621277,0.24277642836481936,0.22975429427931454,0.24157865911583293,374404800
2001-09-26,0.2267610728740692,0.23783693327317637,0.22346780122130305,0.23663916420798564,493796800
2001-09-27,0.23214903473854065,0.23574151855032136,0.22750963618583256,0.228257289686094,322240800
2001-09-28,0.23214903473854065,0.23813623297740327,0.23035279283265028,0.2351430460291298,365108800
2001-10-01,0.23259827494621277,0.23933397524453903,0.22795805257694604,0.23184977220837405,208208000
2001-10-02,0.22526413202285767,0.23693929246310821,0.22271936226561737,0.23095209410982573,235883200
2001-10-03,0.2242162674665451,0.22990422637099756,0.22197073523203503,0.2237669761672237,683043200
2001-10-04,0.23768700659275055,0.24322578852819493,0.22436645686186438,0.22975435914796327,401122400
2001-10-05,0.2415786236524582,0.24172865391489062,0.2243663605777907,0.230502763179698,342686400
2001-10-08,0.2424772083759308,0.24472189239754286,0.23199981802900108,0.23304755706369404,207984000
2001-10-09,0.2394830733537674,0.24247708295699755,0.2339451447980129,0.24023157575457493,174025600
2001-10-10,0.25175678730010986,0.25220605372164867,0.2387346308318847,0.24098013859752093,307759200
2001-10-11,0.26552748680114746,0.26552748680114746,0.25220611586367475,0.2532538548773831,334163200
2001-10-12,0.2695683538913727,0.2706160926770347,0.2523552419062676,0.25909096603475257,287812000
2001-10-15,0.26926907896995544,0.27510624440955306,0.268670606704859,0.268670606704859,318752000
2001-10-16,0.2695683538913727,0.2724123340727526,0.26597587109993676,0.2707661229358785,202949600
2001-10-17,0.2543015480041504,0.2755555856639807,0.25385228155298206,0.2745078218592654,285538400
2001-10-18,0.26941922307014465,0.27286167624307767,0.25879177799777503,0.25879177799777503,612572800
2001-10-19,0.27390941977500916,0.2754055759761415,0.2676229608071531,0.2685206695158734,166790400
2001-10-22,0.28468602895736694,0.28543453167430655,0.2707661616003812,0.2725624282326631,391938400
2001-10-23,0.2715146839618683,0.29067322063868223,0.26747290925819217,0.28618302876748025,684980800
2001-10-24,0.28363820910453796,0.28573368637728225,0.26567659706868557,0.2703168179846091,374427200
2001-10-25,0.28723081946372986,0.2881285282629347,0.27181396917655926,0.27600492559084516,254951200
2001-10-26,0.27944743633270264,0.2881285872035226,0.2786989333424164,0.28229141795879026,278964000
2001-10-29,0.2638804316520691,0.2794473347492889,0.26343198949491325,0.2779503293129009,239181600
2001-10-30,0.26343202590942383,0.2694192491204624,0.2553493495147322,0.2601387783625811,276763200
2001-10-31,0.2628326416015625,0.275405506400875,0.2610372246376953,0.2653773854801016,273750400
2001-11-01,0.27824950218200684,0.28109350736215166,0.25819325920577924,0.26418045578351623,312995200
2001-11-02,0.27795031666755676,0.2822913024987085,0.27181391360506274,0.27720178900335035,197204000
2001-11-05,0.28543439507484436,0.28812834409283267,0.2785486429995459,0.28199194369812486,235793600
2001-11-06,0.29291805624961853,0.2936665593398675,0.277351994737315,0.28378763749675756,316019200
2001-11-07,0.2932170629501343,0.30129973591428294,0.28932616887662266,0.29127161591337847,382989600
2001-11-08,0.28004586696624756,0.29770825170778653,0.2779503886448787,0.29381650636769,342143200
2001-11-09,0.28004586696624756,0.2881285439690098,0.27765115236216553,0.27839965524013677,134293600
2001-11-12,0.2806442379951477,0.2869306962244543,0.2688198741704535,0.2792972878992543,201499200
2001-11-13,0.2899247109889984,0.29022394719428357,0.2800457945037722,0.28558372515695557,224672000
2001-11-14,0.29351717233657837,0.29785733350410454,0.28663144275778524,0.2932171118114161,221149600
2001-11-15,0.2911217212677002,0.2978574225986831,0.28782929792711204,0.2911217212677002,213029600
2001-11-16,0.2839374542236328,0.28872688118663564,0.27540548964510797,0.2884276450441967,230664000
2001-11-19,0.2993544042110443,0.30010290694093533,0.2837875008705564,0.2843867976597973,332589600
2001-11-20,0.29231947660446167,0.3023476007924693,0.2918702100461004,0.29666048818330254,276584000
2001-11-21,0.2945651113986969,0.29636052971761395,0.2882786742544997,0.29351737187466403,201583200
2001-11-23,0.29695963859558105,0.29860584984908095,0.29291788908335775,0.2950133668031358,60004000
2001-11-26,0.3198598623275757,0.3225538122228599,0.29755808689860896,0.2984557954163459,460689600
2001-11-27,0.31432202458381653,0.32210546472485646,0.3068377957231595,0.3173152115306621,268553600
2001-11-28,0.3072870373725891,0.3174651902869988,0.30549079575920135,0.3120764654468355,250611200
2001-11-29,0.3056408166885376,0.3098317722108728,0.3021983638440703,0.30833476685513705,202764800
2001-11-30,0.3188122510910034,0.32090772947941026,0.3030961381978791,0.30638941107790685,303912000
2001-12-03,0.3150705397129059,0.3185129933560525,0.30833483839150966,0.3152197456778028,181165600
2001-12-04,0.3352767825126648,0.33767149659072115,0.3101310231997133,0.31507048163541507,380419200
2001-12-05,0.35563305020332336,0.3596739749247394,0.3318342702850153,0.33467825035210735,568579200
2001-12-06,0.34096476435661316,0.3517414155131147,0.3313850831207581,0.3514421792779701,338934400
2001-12-07,0.33737221360206604,0.3399169576069203,0.3292895145152339,0.33617444455799306,203515200
2001-12-10,0.33737221360206604,0.3441079127480538,0.332731992026645,0.33363052489522005,170010400
2001-12-11,0.3259972631931305,0.34201258831899223,0.32405096568772374,0.33931781284872037,205475200
2001-12-12,0.3216560184955597,0.3280925046782443,0.318063536692146,0.3273440022740452,192460800
2001-12-13,0.31432202458381653,0.32255390694437835,0.3068377957231595,0.32165619816301927,197842400
2001-12-14,0.3051914572715759,0.3117771247522213,0.300701241933892,0.3102809441942827,189884800
2001-12-17,0.3086339831352234,0.31432194364613086,0.3021983443368676,0.3053415607757213,173712000
2001-12-18,0.3144720494747162,0.3192614782441932,0.30264683418515453,0.312675807600587,235239200
2001-12-19,0.32360154390335083,0.3245000767434618,0.30638928179186753,0.3080354928759974,289956800
2001-12-20,0.30938252806663513,0.3213569230925085,0.3086340253347411,0.3203091841363,220864000
2001-12-21,0.31432202458381653,0.3224047009853095,0.31132883763697095,0.3144720548852007,256334400
2001-12-24,0.3197106719017029,0.32105764691460337,0.3128249422304925,0.3128249422304925,50629600
2001-12-26,0.3216560184955597,0.33377963913481873,0.31641732600802086,0.3195605415005442,146400800
2001-12-27,0.33033743500709534,0.3330313612267112,0.3230032350503837,0.3230032350503837,191508800
2001-12-28,0.33572617173194885,0.3442572922321379,0.3286912328635931,0.3288404138754523,299124000
2001-12-31,0.3277924954891205,0.3391684407114402,0.32674475674796766,0.33692293297666415,137782400
2002-01-02,0.34874728322029114,0.34874728322029114,0.3286910419222132,0.33003801677963446,529496800
2002-01-03,0.3529382646083832,0.3554830086095304,0.3408146656369313,0.34425711816326454,612007200
2002-01-04,0.3545854091644287,0.3584771290474271,0.3441079938617777,0.3493466890230687,409976000
2002-01-07,0.3427610695362091,0.35922483591143134,0.34051556084373436,0.355033879159397,444584000
2002-01-08,0.3384200930595398,0.3450057646842257,0.3361745842967855,0.3405155715011409,450038400
2002-01-09,0.32405081391334534,0.3432093728093393,0.31851288392551236,0.3412639255376385,327835200
2002-01-10,0.3177644610404968,0.3212069143644493,0.30309608968916113,0.3176152550894347,452737600
2002-01-11,0.3150705397129059,0.3268949063453998,0.30833483839150966,0.3201592050240036,348801600
2002-01-14,0.3165675401687622,0.32030923002203054,0.31282502597316003,0.3144720619561585,415996000
2002-01-15,0.3247993588447571,0.3256970674697728,0.31746518654286104,0.3191113978598091,290320800
2002-01-16,0.31102877855300903,0.3204584303437449,0.3068377972215006,0.3204584303437449,566893600
2002-01-17,0.33647456765174866,0.3403654629989159,0.3273441530616587,0.328691128272945,660576000
2002-01-18,0.3318343758583069,0.3382700162779219,0.3286911586276175,0.3292896061651138,338811200
2002-01-22,0.326595664024353,0.334827545924367,0.326595664024353,0.33333136470580843,327314400
2002-01-23,0.34455639123916626,0.3448564517884438,0.3231531462001926,0.3262963878681575,443279200
2002-01-24,0.347400426864624,0.35189061936835037,0.342761028404743,0.3429102343608976,344002400
2002-01-25,0.3479997515678406,0.3505436469440848,0.33916854746359937,0.34261100093345276,185914400
2002-01-28,0.3482988178730011,0.3524897973923673,0.3400661146896699,0.35024426490540944,186446400
2002-01-29,0.3453049063682556,0.3523398426863576,0.34201248362927045,0.3475504145157257,240324000
2002-01-30,0.36057260632514954,0.36132028476746625,0.34335949032632007,0.3453049380924364,471576000
2002-01-31,0.3700020909309387,0.37015129681528414,0.36087168001928005,0.36162018246671473,468445600
2002-02-01,0.3653619885444641,0.37359386944518047,0.36431424964752734,0.36431424964752734,398305600
2002-02-04,0.37943196296691895,0.38197585843897863,0.36221884564694634,0.3640150875993742,522373600
2002-02-05,0.380928099155426,0.38886159436710643,0.37539016762841415,0.3755401979258116,456887200
2002-02-06,0.3692536950111389,0.3888615221398841,0.361470256522623,0.38317356137195785,597576000
2002-02-07,0.3637158274650574,0.37853338000121284,0.3604225800446434,0.3689545226732503,347832800
2002-02-08,0.35967403650283813,0.36880445059445166,0.349795094723034,0.3652119673323307,355331200
2002-02-11,0.3738931715488434,0.3741932571313527,0.35533392868258945,0.3581770603448623,398602400
2002-02-12,0.3698521554470062,0.37479161339185757,0.36596043632857445,0.36910365280783314,224280000
2002-02-13,0.37434226274490356,0.37778471463715124,0.3689543639020562,0.37015130838183197,312872000
2002-02-14,0.36820587515830994,0.37763554780682695,0.36491262903229466,0.3749407489629519,260170400
2002-02-15,0.3577285706996918,0.3738930958708449,0.35698006802972354,0.3671582205254259,260187200
2002-02-19,0.3385700285434723,0.3572793239361217,0.33647455068883775,0.3556331125766783,390258400
2002-02-20,0.34620344638824463,0.3472511853432153,0.3345282876004793,0.3408147213303034,285443200
2002-02-21,0.3218061923980713,0.34425715109627075,0.3210576647377061,0.3430602062815182,446751200
2002-02-22,0.3403654396533966,0.3435086563782176,0.32180619985727293,0.32420091388444444,406476000
2002-02-25,0.3563815653324127,0.3700021694782793,0.33467826213699087,0.34201243360014977,426848800
2002-02-26,0.3542861342430115,0.3647635234218371,0.34799970073571607,0.3578777931456191,260131200
2002-02-27,0.32869112491607666,0.36296729965948027,0.31342428190770266,0.35832707726847934,1030159200
2002-02-28,0.3247993588447571,0.3381207533200055,0.3195606643434028,0.3315350837100418,456937600
2002-03-01,0.35099291801452637,0.35174144581806954,0.326595682812427,0.3282418694386074,348992000
2002-03-04,0.363565593957901,0.36790657799360027,0.34066535315716084,0.34814872821908227,348258400
2002-03-05,0.3521905541419983,0.36566112588525707,0.35024425782690266,0.3614701714306504,274702400
2002-03-06,0.36027243733406067,0.36431418628626094,0.3432093567632193,0.35144208555434014,226206400
2002-03-07,0.36491265892982483,0.36715816660998735,0.35338750807738745,0.36012323175590993,258249600
2002-03-08,0.3691035807132721,0.3755400426792781,0.3637156817109905,0.3703013495704195,269774400
2002-03-11,0.37509089708328247,0.37628869130614334,0.3607217878808488,0.36820599087831857,262785600
2002-03-12,0.3700020909309387,0.37030132704153207,0.3607216497930322,0.36685887525685473,254055200
2002-03-13,0.36655911803245544,0.3719478455065515,0.3614704512590739,0.36476369988367446,200765600
2002-03-14,0.3656612038612366,0.3682059479918902,0.35727929316460993,0.36371575645328624,217296800
2002-03-15,0.3734445869922638,0.3735937928942995,0.36296720016975514,0.36611041621650775,240900800
2002-03-18,0.3703014552593231,0.37494085309277686,0.36401502173446204,0.37344467202175363,304556000
2002-03-19,0.37194764614105225,0.3786833707677279,0.36371576550575,0.36955293221700325,242345600
2002-03-20,0.37299537658691406,0.37628864835206693,0.3667089435498464,0.36910365741985446,294319200
2002-03-21,0.3632664978504181,0.363715764316628,0.3481488623679249,0.357129245639284,616352800
2002-03-22,0.36057260632514954,0.3676067189472981,0.357279358941406,0.36251805409126586,202193600
2002-03-25,0.34949585795402527,0.3605725689177019,0.3478496466040759,0.3602725083611763,262830400
2002-03-26,0.35114288330078125,0.35383683330099036,0.3442571287149198,0.347251139241468,257840800
2002-03-27,0.35129210352897644,0.3550337927635129,0.34814888672983846,0.3494958618805837,127702400
2002-03-28,0.3542861342430115,0.3574293509966592,0.35114291748936377,0.3547345514119052,108455200
2002-04-01,0.36611056327819824,0.3697022228157795,0.3484481795071666,0.34994518518085205,199046400
2002-04-02,0.36027243733406067,0.3637157139755742,0.3572792514386009,0.3592246736392845,203795200
2002-04-03,0.3554829955101013,0.3665588802697165,0.35323833708887414,0.35997321163479173,214530400
2002-04-04,0.37269607186317444,0.37494075505386704,0.35428604259481716,0.35428604259481716,338497600
2002-04-05,0.3703014552593231,0.3770363309343972,0.3607217746938352,0.37344467202175363,278348000
2002-04-08,0.36760658025741577,0.3694028213942959,0.35593224938063867,0.3616202089237655,261514400
2002-04-09,0.3607216775417328,0.374193098928105,0.35937470276949474,0.3680558480121136,191531200
2002-04-10,0.3691035807132721,0.3734445654357346,0.359374696988528,0.3623678826184675,224980000
2002-04-11,0.3720977008342743,0.37718636521411386,0.3704506651253937,0.37464162085309577,407254400
2002-04-12,0.37509089708328247,0.376737108492683,0.3677567243694937,0.3743423943493137,320241600
2002-04-15,0.3741932511329651,0.37643791023900597,0.3711992149150129,0.37509093491887935,299370400
2002-04-16,0.3852691054344177,0.38901079505344954,0.37598863504102836,0.37643790158484247,614577600
2002-04-17,0.39080706238746643,0.39170477119138997,0.37988037974347755,0.3881131116333597,396250400
2002-04-18,0.38032951951026917,0.3819757055182469,0.37239685139656065,0.38167646936969507,401710400
2002-04-19,0.3738931715488434,0.38152743070251116,0.3731454930696885,0.38152743070251116,375407200
2002-04-22,0.3671582341194153,0.37314543135868883,0.36266804227550464,0.3717976318975554,269427200
2002-04-23,0.36296728253364563,0.37089992740160665,0.360572568479668,0.3673074441495466,233469600
2002-04-24,0.3557822108268738,0.3667088890352412,0.354435235996617,0.36371570322822633,140448000
2002-04-25,0.3610210120677948,0.36431425911900095,0.3524898947378994,0.3526390756943207,194202400
2002-04-26,0.34440717101097107,0.36476350065119184,0.34425714074255975,0.36341570126189265,304981600
2002-04-29,0.35862624645233154,0.36012325165515957,0.34560408976022344,0.3466518285337886,272288800
2002-04-30,0.3632664978504181,0.36491270910366796,0.3554830343860341,0.35757853708555876,280963200
2002-05-01,0.3589255213737488,0.3635657433982265,0.3496458766868889,0.3635657433982265,214704000
2002-05-02,0.3545854091644287,0.36431429670078697,0.3532384338861361,0.35638165098291075,239344000
2002-05-03,0.35189056396484375,0.3595248217757996,0.35069361913486297,0.3527891219095645,230781600
2002-05-06,0.33901840448379517,0.3517413243859214,0.33617442447335566,0.3494957917106606,249664800
2002-05-07,0.3363245129585266,0.3435086550114567,0.33138505464743573,0.3433594490778273,242748800
2002-05-08,0.36476367712020874,0.3670083618373952,0.3448566043122451,0.347251319370426,436682400
2002-05-09,0.362068772315979,0.36446348652053334,0.3562316049209879,0.3629673053565863,224616000
2002-05-10,0.3490474224090576,0.36356573626436534,0.3439579090266153,0.36356573626436534,235396000
2002-05-13,0.3583269715309143,0.3605724790923285,0.34335936916737503,0.352040514589274,265608000
2002-05-14,0.3833227753639221,0.3843705143145381,0.36251802663406685,0.365960479708632,526506400
2002-05-15,0.3783840835094452,0.3888614707271412,0.37179756569937644,0.3797310583885731,335826400
2002-05-16,0.37733638286590576,0.38092801647861807,0.370450628203615,0.3750908499660062,227052000
2002-05-17,0.37434226274490356,0.3858674122234089,0.3683550673202401,0.3815272519713295,236493600
2002-05-20,0.3703014552593231,0.373145435807549,0.36715823849689255,0.3677567109253018,269914400
2002-05-21,0.35114288330078125,0.3741931622300027,0.3502443254259109,0.371648393170794,280991200
2002-05-22,0.364015132188797,0.3647636351225233,0.349047546541585,0.34979520015279936,290875200
2002-05-23,0.3768870532512665,0.3777847617229857,0.36027243961719774,0.3659603996308457,369398400
2002-05-24,0.36147022247314453,0.3740430876123539,0.3586262423570763,0.3740430876123539,166174400
2002-05-28,0.3589255213737488,0.3622187683070919,0.35069361557356704,0.3545853598958886,149716000
2002-05-29,0.3589255213737488,0.36581125144489146,0.3509928517780235,0.35802781276037937,221793600
2002-05-30,0.3622187077999115,0.3649126575321672,0.3518905016094978,0.3557822203016579,196375200
2002-05-31,0.34874728322029114,0.36296720801095006,0.34844804706775506,0.3605724944486436,365495200
2002-06-03,0.34291014075279236,0.3509928147899995,0.3379706830443839,0.3500951312512945,235110400
2002-06-04,0.34096476435661316,0.34485648409798414,0.33198353061097924,0.3424609455323362,347821600
2002-06-05,0.3400660753250122,0.34171311037620217,0.3345281466593996,0.34171311037620217,277082400
2002-06-06,0.33168432116508484,0.34769964239951884,0.32988805442210584,0.34365871668965703,259996800
2002-06-07,0.32030922174453735,0.32839192309896664,0.3132742844494041,0.32569712309923515,612376800
2002-06-10,0.32150617241859436,0.3268948982100734,0.319410694223407,0.32150617241859436,277575200
2002-06-11,0.30623915791511536,0.32479921361262853,0.3054906555578717,0.32390153036907265,349496000
2002-06-12,0.3007012903690338,0.31058023033225196,0.2984557826575754,0.30549074258976133,528718400
2002-06-13,0.29246941208839417,0.3001028443743613,0.2900738741152883,0.29965355298158686,352083200
2002-06-14,0.300851434469223,0.3047423050577619,0.2710654248521962,0.287978480421488,424900000
2002-06-17,0.307437002658844,0.30878397749859515,0.2971087966706789,0.302946811745671,324609600
2002-06-18,0.30159902572631836,0.30818554417682087,0.29905513095046576,0.30564080007879285,353360000
2002-06-19,0.25624698400497437,0.2634319495360185,0.2526553255815279,0.259989497028258,1709467200
2002-06-20,0.256097674369812,0.26343184284620624,0.25220595700698667,0.2569953825265832,396636800
2002-06-21,0.25220614671707153,0.2617850049615054,0.25130758856260815,0.25400238872349334,445177600
2002-06-24,0.2584925591945648,0.26537746600462436,0.24996059150806388,0.2510083305592595,431933600
2002-06-25,0.256546288728714,0.26462896493982735,0.25235530751638535,0.2604380087075683,301201600
2002-06-26,0.24771596491336823,0.2587918293805529,0.2391839961080975,0.25145765506047685,558952800
2002-06-27,0.2553492784500122,0.2584924948208274,0.24576957409799952,0.2513075042262808,251658400
2002-06-28,0.2652282416820526,0.26672442283565156,0.2544507663426721,0.25594779681857216,269858400
2002-07-01,0.2553492784500122,0.2676229077563504,0.2551992481905083,0.2650781637393804,222689600
2002-07-02,0.2535530626773834,0.25684630964060795,0.2519068513668554,0.25490003778073983,305188800
2002-07-03,0.2626833915710449,0.26462883845949053,0.2507089761242241,0.25160753377733497,199029600
2002-07-05,0.28049513697624207,0.2806443179681545,0.2650782606809324,0.2650782606809324,161649600
2002-07-08,0.2695683538913727,0.27854873652788087,0.2646288961386687,0.2772017615666128,211204000
2002-07-09,0.262384295463562,0.2737593954371767,0.2613365563472156,0.2707662083943334,226749600
2002-07-10,0.2592410445213318,0.27196311823278063,0.25819330554075437,0.2650782118867675,206880800
2002-07-11,0.27390941977500916,0.2746579225367337,0.2540023538336125,0.2583425157724669,373676800
2002-07-12,0.26208508014678955,0.2812436470228427,0.25834256561610025,0.2776511628103441,443492000
2002-07-15,0.2728615999221802,0.2783995295072338,0.25160756504461457,0.2608871829872982,295993600
2002-07-16,0.26732367277145386,0.2779502916190384,0.26358115968802,0.27166383386931275,446768000
2002-07-17,0.23394522070884705,0.24247716163628644,0.22735955152340614,0.2414294228035545,1215485600
2002-07-18,0.22436635196208954,0.23289746804061093,0.22077386922267545,0.23199975952679222,559462400
2002-07-19,0.2239171266555786,0.227060343544287,0.21748063761387082,0.22002538205012648,385207200
2002-07-22,0.22331856191158295,0.2273594858089655,0.21867831648714275,0.22077381852700115,430897600
2002-07-23,0.21658296883106232,0.22646191280746508,0.21613370223785466,0.2230186097359651,399890400
2002-07-24,0.22750961780548096,0.22780885404190165,0.21328968902856232,0.21448745831649416,406593600
2002-07-25,0.21493671834468842,0.2237670722500277,0.20969802351007014,0.22346783602265297,479354400
2002-07-26,0.21463672816753387,0.21748070977364475,0.20655487435121186,0.2164329704631036,207704000
2002-07-29,0.22481480240821838,0.2260125965930767,0.21508591585972966,0.21673212721690066,274960000
2002-07-30,0.23095206916332245,0.23214901409929095,0.21792990978002139,0.22227092100858117,354838400
2002-07-31,0.22840726375579834,0.23080197733142285,0.22301851497406494,0.2305027411772226,310699200
2002-08-01,0.2215224653482437,0.23080208794382068,0.22047472613540028,0.2261618394947501,228956000
2002-08-02,0.2162836641073227,0.22451554443772648,0.21328965355654894,0.2206238253269878,179060000
2002-08-05,0.20939795672893524,0.2200253763677218,0.209098720510437,0.21718139577868878,204024800
2002-08-06,0.22062379121780396,0.2279579868344154,0.21074570121692793,0.21269114830046856,272053600
2002-08-07,0.22496487200260162,0.22990433073106267,0.21478669333089329,0.22586255572668815,333474400
2002-08-08,0.22900578379631042,0.2302035530047873,0.22107311387944217,0.22107311387944217,227348800
2002-08-09,0.22451557219028473,0.22825726149915326,0.2207739078614833,0.22825726149915326,205716000
2002-08-12,0.22436635196208954,0.22481476906790135,0.2198753113867244,0.22301852769819433,179765600
2002-08-13,0.21837912499904633,0.2276587684218039,0.21777982832961043,0.2230185220493697,269869600
2002-08-14,0.22706028819084167,0.22975423791236077,0.2176306148434435,0.2195760620107584,399084000
2002-08-15,0.23364600539207458,0.23574148324473357,0.2246656215498767,0.22825725550137407,322078400
2002-08-16,0.23663927614688873,0.24098026367679087,0.22870662840662132,0.23125137366009796,245224000
2002-08-19,0.23918381333351135,0.24322558600521302,0.235292095843756,0.23619062837157495,216557600
2002-08-20,0.23813621699810028,0.24083016750500977,0.23244825540150432,0.23903475006191036,186625600
2002-08-21,0.24127937853336334,0.24307561990551843,0.23125125724274076,0.239633167418084,202428800
2002-08-22,0.23903466761112213,0.24322564719733894,0.23439444662802666,0.24247711970304017,258311200
2002-08-23,0.23544225096702576,0.2384354375170925,0.2312512951916087,0.23798699535701642,163245600
2002-08-26,0.23244823515415192,0.2387346686842026,0.2269103043313247,0.2387346686842026,189968800
2002-08-27,0.2222709059715271,0.23559145136534945,0.22017542813310292,0.23514300921582043,262231200
2002-08-28,0.22002533078193665,0.22631178807461083,0.2192768282196691,0.22152236088653324,247973600
2002-08-29,0.22002533078193665,0.22571331576160839,0.21718135078213152,0.2192768282196691,164169600
2002-08-30,0.22077389061450958,0.22661105737509613,0.21822912141894793,0.22047465441424224,193519200
2002-09-03,0.21029645204544067,0.21777982919361508,0.21029645204544067,0.21688212069897286,276936800
2002-09-04,0.21673208475112915,0.22122312511256167,0.21209268780429438,0.2125411298688072,420660800
2002-09-05,0.21224196255207062,0.2149367375233445,0.2102965147294318,0.2128412594025191,226178400
2002-09-06,0.2152358740568161,0.21927679812808593,0.21299036667816676,0.21718132097811288,181591200
2002-09-09,0.21508590877056122,0.2174806227590241,0.21179348616473653,0.21373893367343616,158244800
2002-09-10,0.2144874930381775,0.21688220765945343,0.2113442755335561,0.2156844381776242,249468800
2002-09-11,0.2138889580965042,0.21852835567254378,0.21179348037115014,0.21463663641943737,202412000
2002-09-12,0.21164347231388092,0.21718140340608985,0.21134423608487352,0.2125411810009032,269830400
2002-09-13,0.21209274232387543,0.2146366624834776,0.2102965005779995,0.2114934455137553,282951200
2002-09-16,0.21703214943408966,0.21867833533090741,0.21134416498960856,0.21164340111795424,286641600
2002-09-17,0.2215224653482437,0.22496491928438384,0.21808001141210356,0.21808001141210356,427996800
2002-09-18,0.22481480240821838,0.22586254133408934,0.21733142399039254,0.21987534399451356,328641600
2002-09-19,0.21822911500930786,0.22152238677988537,0.2167321097097905,0.2207738841301267,205945600
2002-09-20,0.22257009148597717,0.2236178301665246,0.21733137310317946,0.21882755383110516,352788800
2002-09-23,0.2222709059715271,0.22391711731823566,0.21628368368993653,0.2209230815163139,263709600
2002-09-24,0.21912768483161926,0.22182163504366437,0.21553517667404662,0.21553517667404662,250661600
2002-09-25,0.22346775233745575,0.2270602593851303,0.21927679803920833,0.21987527026983925,254682400
2002-09-26,0.22002533078193665,0.22735952679337962,0.217779823095134,0.2260125519181096,208644800
2002-09-27,0.22032466530799866,0.22227096268733562,0.2167321811419699,0.21688221145821984,206152800
2002-09-30,0.21703214943408966,0.2180798880542752,0.21164340111795424,0.21553511947035076,237697600
2002-10-01,0.21718135476112366,0.2185283296610717,0.20954794743338884,0.2183791237511019,342423200
2002-10-02,0.21209274232387543,0.21897764873119796,0.211045003333968,0.21448745653762924,229348000
2002-10-03,0.2140382081270218,0.21852840070054028,0.2104457243312822,0.212241966229152,217896000
2002-10-04,0.2099972367286682,0.21553516718388657,0.20939793999735776,0.21493669479470995,190825600
2002-10-07,0.2061055302619934,0.2126911999766491,0.20595548749432013,0.20909871673513333,244697600
2002-10-08,0.20475855469703674,0.2089495103558414,0.19996828978109618,0.20805097737627865,453644800
2002-10-09,0.2034115344285965,0.20730241617925693,0.2007167479400878,0.20266303189246362,356686400
2002-10-10,0.2111942023038864,0.21284123804951097,0.20326155716867872,0.2040100598999235,321574400
2002-10-11,0.21718135476112366,0.2212231287830737,0.21104495258535066,0.21328963597124936,294677600
2002-10-14,0.22107310593128204,0.2242163475856238,0.21613364767996737,0.21777985898301733,194404000
2002-10-15,0.2269103229045868,0.228257273170899,0.2212231856801195,0.22780885596367786,405518400
2002-10-16,0.2179298996925354,0.22646186648654418,0.20805098271685613,0.22242009167906118,307624800
2002-10-17,0.2111942023038864,0.21523595218416527,0.20924875467642198,0.212691207766376,469296800
2002-10-18,0.21463672816753387,0.21478675850153742,0.2085003226382906,0.20954806194883174,288299200
2002-10-21,0.2179298996925354,0.21897763863413156,0.20954798815976614,0.21343970770600962,238520800
2002-10-22,0.22002533078193665,0.2227192805324767,0.21343966231282271,0.21658287846912908,218148000
2002-10-23,0.22271931171417236,0.22421634202835988,0.2170322002404316,0.21897762272101043,209036800
2002-10-24,0.21987541019916534,0.22765887649850705,0.21777993171647325,0.22481487010014528,174748000
2002-10-25,0.23080205917358398,0.23125132573520507,0.21837919550795437,0.21987537680949984,279070400
2002-10-28,0.23364600539207458,0.23873466974473542,0.22825725550137407,0.2327482967447317,349300000
2002-10-29,0.2311013638973236,0.23768703660206403,0.22391721849466834,0.23304763667938547,259179200
2002-10-30,0.23918381333351135,0.2450209773972601,0.23170043875778604,0.2318496446179101,270676000
2002-10-31,0.24053098261356354,0.24606891510102072,0.23828629815935903,0.2393340373959708,295836800
2002-11-01,0.24487188458442688,0.24696738730777407,0.23783694868310146,0.23858545135458065,189828800
2002-11-04,0.2528045177459717,0.2601386887937613,0.2447218191541784,0.24696735182606627,376818400
2002-11-05,0.25295451283454895,0.25385222118127837,0.24472178513751539,0.2507089804747932,210694400
2002-11-06,0.25774404406547546,0.2592410495933706,0.24996057955105372,0.25564856606332265,216389600
2002-11-07,0.2394830733537674,0.2559476781260361,0.23663909396743918,0.2535529650485626,336179200
2002-11-08,0.23708848655223846,0.2424772121030368,0.23229905784638893,0.23963323120197297,190064000
2002-11-11,0.2269103229045868,0.23783697950848795,0.22631185042669677,0.2355914712030163,152975200
2002-11-12,0.23409520089626312,0.24008239642281115,0.22870647761978724,0.22930494986985936,223792800
2002-11-13,0.2333468198776245,0.24053096364390691,0.2287065966693166,0.23199984444284477,231739200
2002-11-14,0.24397343397140503,0.24562049512139011,0.23619081711448076,0.23798705926374863,141713600
2002-11-15,0.2387346476316452,0.24307563321386066,0.23589149167398074,0.2429256029487708,160994400
2002-11-18,0.23424457013607025,0.24247727885430456,0.2322991217957245,0.24232724851619314,164578400
2002-11-19,0.22855731844902039,0.23574145994426635,0.2246655993441373,0.23274827374010823,210952000
2002-11-20,0.23244823515415192,0.23499297949027392,0.22825725448738515,0.22900578217467493,208740000
2002-11-21,0.2447219341993332,0.24606890971083742,0.23574154789435936,0.23798705664181197,418482400
2002-11-22,0.23963318765163422,0.24397334902057458,0.2379869763973562,0.24083013243942178,227858400
2002-11-25,0.23903466761112213,0.2415785869491631,0.23514294914226555,0.23993237602302317,199427200
2002-11-26,0.23065276443958282,0.23798693519243871,0.228557287081624,0.23723843265859662,240262400
2002-11-27,0.23529213666915894,0.23738761380863002,0.23125121261814108,0.23349589564362488,286798400
2002-11-29,0.23199984431266785,0.23768698232939442,0.23065286887864392,0.23634000689537046,143432800
2002-12-02,0.22720950841903687,0.2409801692260559,0.2246656134851857,0.2379869828334987,398742400
2002-12-03,0.2269103229045868,0.229605097739604,0.22601261418775176,0.22750961972473285,227869600
2002-12-04,0.22406631708145142,0.22735958937354947,0.21703222959254623,0.22720953410292055,325757600
2002-12-05,0.2189776599407196,0.22571338572706523,0.21748065435215053,0.2249648829327807,243398400
2002-12-06,0.22376707196235657,0.22735958035075066,0.2173314322265129,0.21927687987305972,245358400
2002-12-09,0.22077389061450958,0.22376705197926716,0.21957609649122564,0.2236178710302734,236084800
2002-12-10,0.22870662808418274,0.23125137333407167,0.2204747440331976,0.22077398035509904,308610400
2002-12-11,0.231849804520607,0.231849804520607,0.22571340016267227,0.22900582345735138,253500800
2002-12-12,0.2273595780134201,0.23274830307051236,0.2246656276559813,0.2321490062804701,149340800
2002-12-13,0.22137226164340973,0.22676100939517568,0.21927678462250025,0.22661097917573997,164780000
2002-12-16,0.2222709059715271,0.22601259515665983,0.21867839774210893,0.22167158422177777,251624800
2002-12-17,0.2257133275270462,0.22735953864462716,0.21942689488674955,0.22227087503479878,222661600
2002-12-18,0.21807993948459625,0.22242007590202137,0.2170322006173199,0.22152239228534057,150701600
2002-12-19,0.21254116296768188,0.22331863733096527,0.21104498194958946,0.21748062118278377,347519200
2002-12-20,0.21164347231388092,0.21792990614972274,0.2062547346750276,0.2138889805447796,318096800
2002-12-23,0.2168821543455124,0.21777986297942278,0.21134422358094843,0.21194269600355536,125826400
2002-12-24,0.21493671834468842,0.21658292976636154,0.21403818532034005,0.21613366325418737,39340000
2002-12-26,0.21553516387939453,0.22167156662970883,0.21373892239727005,0.21583440006939508,85422400
2002-12-27,0.21044567227363586,0.2152359242637682,0.20969799398159492,0.21418818544438112,80035200
2002-12-30,0.21059571206569672,0.21179348120294977,0.20715325926654402,0.21074574233615787,155041600
2002-12-31,0.2144874930381775,0.21493675963666126,0.20879953059865805,0.20954803348200352,200726400
2003-01-02,0.2215224653482437,0.22331870747632065,0.2147867384734863,0.21493676879350007,181428800
2003-01-03,0.22301863133907318,0.22346789797579986,0.21837923201522416,0.22152247476747977,147453600
2003-01-06,0.22301863133907318,0.23020362513696344,0.22271939502873964,0.2249649288499946,390532800
2003-01-07,0.2222709059715271,0.22451556476566584,0.21658291990368475,0.22137234800802955,342344800
2003-01-08,0.21777983009815216,0.2201753930913141,0.21613361901344466,0.21822909651836528,229644800
2003-01-09,0.21972611546516418,0.22331862334802657,0.2170321904391827,0.218827582568411,215252800
2003-01-10,0.22032466530799866,0.2218216960809828,0.21688221145821984,0.2182291869348814,175100800
2003-01-13,0.2189776599407196,0.22301858581911477,0.21493673406232444,0.22301858581911477,178942400
2003-01-14,0.21867850422859192,0.22182174749691091,0.2168822617292276,0.2198754496664428,186860800
2003-01-15,0.21598437428474426,0.22002529831426193,0.2134396308169513,0.2183790875254111,371128800
2003-01-16,0.21882760524749756,0.2209230831009522,0.21269120196617722,0.21269120196617722,559070400
2003-01-17,0.21104493737220764,0.21792984162766427,0.21074570123179448,0.21792984162766427,266761600
2003-01-21,0.20984721183776855,0.21568437863715614,0.20954797563551214,0.212691192272437,253456000
2003-01-22,0.20775175094604492,0.21179350086002152,0.20655480603984586,0.20924875642101567,215140800
2003-01-23,0.21209274232387543,0.2149367230596588,0.20879949506606252,0.2102965005779995,228256000
2003-01-24,0.20655487477779388,0.21314054698015414,0.20296239017923515,0.21314054698015414,305468800
2003-01-27,0.21149341762065887,0.21703219739595572,0.2043092759268877,0.20475854238966512,391406400
2003-01-28,0.21822911500930786,0.21987532623350178,0.21194268196188534,0.21314045106992427,286255200
2003-01-29,0.22346775233745575,0.22601252081056844,0.21403810516639904,0.21777979312071552,373044000
2003-01-30,0.21433736383914948,0.22556327820551764,0.21388892178993876,0.22421630337388107,407058400
2003-01-31,0.21493671834468842,0.2177798746758605,0.2102964959648196,0.21239197389866693,341224800
2003-02-03,0.21942685544490814,0.22316854343668854,0.21478660977621095,0.21568431813114572,264784800
2003-02-04,0.21852831542491913,0.2192768179521384,0.21418815484583376,0.21628363218525162,317413600
2003-02-05,0.2162836641073227,0.22346780561337806,0.21613363384293918,0.22017540819812534,221614400
2003-02-06,0.21598437428474426,0.2183790875254111,0.2128411585922614,0.2149366357205833,179149600
2003-02-07,0.21179348230361938,0.21852835766646408,0.2105957131601416,0.21777985499455918,269701600
2003-02-10,0.21478667855262756,0.21807995057249285,0.21044569259228174,0.21343970341795132,167888000
2003-02-11,0.21478667855262756,0.21897763423481484,0.2125411704333754,0.21703221165194606,164780000
2003-02-12,0.2153850942850113,0.2185283102192622,0.21358885313087211,0.21358885313087211,228687200
2003-02-13,0.21763065457344055,0.21912768493520354,0.21314046277051946,0.21568438270880005,208493600
2003-02-14,0.21957612037658691,0.22032462312975168,0.21478669196701955,0.21867841167813273,243297600
2003-02-18,0.22855731844902039,0.22900576055727212,0.22032458880882774,0.22077388023925418,290897600
2003-02-19,0.2222709059715271,0.2267610978621237,0.21972613666132101,0.2255633286649442,240368800
2003-02-20,0.22107310593128204,0.22391711137981152,0.22017542229391077,0.22227090007676156,224352800
2003-02-21,0.22451557219028473,0.22541413018349715,0.21927687742098323,0.22182164681534358,157444000
2003-02-24,0.22062379121780396,0.22496480108851027,0.20655474656747005,0.22242003240214084,180252800
2003-02-25,0.22481480240821838,0.2257133603774267,0.21822913263734256,0.2197261380577845,188641600
2003-02-26,0.21703214943408966,0.2248147368168722,0.2167320639837335,0.2243663197753885,217095200
2003-02-27,0.22242006659507751,0.22451554424194706,0.21718137247790364,0.21807993035926101,154341600
2003-02-28,0.22466567158699036,0.22586259173662357,0.22107316253305104,0.22242013797515733,195098400
2003-03-03,0.21927683055400848,0.22691026280321536,0.2177798254135368,0.22466557943454557,203761600
2003-03-04,0.2179298996925354,0.2216715889576062,0.21613365802948425,0.22062385001601004,126414400
2003-03-05,0.21882760524749756,0.22152240485500035,0.21733142416802465,0.21867839931064656,126683200
2003-03-06,0.2179298996925354,0.2185283721328177,0.21553518558920193,0.21822913591267656,99859200
2003-03-07,0.21748065948486328,0.22017545945641312,0.2141882363230489,0.2165829507159059,200984000
2003-03-10,0.21508590877056122,0.2195761005416997,0.21403816987922342,0.21718138655323682,134573600
2003-03-11,0.2129904329776764,0.21688215237359737,0.21134422165938488,0.2149367048467231,161190400
2003-03-12,0.2128412276506424,0.2153851476019273,0.2104456892908128,0.21209272495596748,222560800
2003-03-13,0.22032466530799866,0.2215224597908799,0.21209278213177948,0.21658297516811695,335445600
2003-03-14,0.2212231159210205,0.2246655680967511,0.21912763856692397,0.21972608587603504,153098400
2003-03-17,0.22466567158699036,0.22556338043426924,0.22017547866584414,0.2228694295500567,399912800
2003-03-18,0.22451557219028473,0.22586254736778885,0.22182164681534358,0.22451557219028473,229980800
2003-03-19,0.22376707196235657,0.2267611078967706,0.22137235780421313,0.2255633386465873,141316000
2003-03-20,0.22316862642765045,0.22436639568824165,0.2185283790333586,0.2234678376771731,163178400
2003-03-21,0.22451557219028473,0.22676110536100128,0.22182164681534358,0.22586254736778885,297948000
2003-03-24,0.21508590877056122,0.22152239737262963,0.21478667256477396,0.2195761005416997,161100800
2003-03-25,0.21777983009815216,0.22197078510799337,0.21508588026098435,0.21568435259323154,167697600
2003-03-26,0.2156844139099121,0.21792992230729533,0.21403820235720497,0.21777989201055387,178343200
2003-03-27,0.2168821543455124,0.22002537107746867,0.21433741003616302,0.21433741003616302,122393600
2003-03-28,0.21807993948459625,0.21882759283074654,0.21508590383108694,0.21553517030053274,145303200
2003-03-31,0.21164347231388092,0.21748063963509728,0.21014646682661517,0.21448745300279443,256659200
2003-04-01,0.21194271743297577,0.21418822575806384,0.2105957421748282,0.21254118991609397,154341600
2003-04-02,0.21852831542491913,0.21987529023711772,0.21358885821886414,0.21493665737305304,171371200
2003-04-03,0.21643289923667908,0.22002538264555951,0.21478668781686855,0.21792990471408313,145712000
2003-04-04,0.2156844139099121,0.21957613386000244,0.21538517765871898,0.21733144980490904,146020000
2003-04-07,0.2168821543455124,0.22376706023203188,0.2156843851581186,0.2222709041555806,196862400
2003-04-08,0.2162836641073227,0.21927685031598443,0.2149366890963193,0.2171813726672876,128934400
2003-04-09,0.2123918980360031,0.21882753548142342,0.21164339556380615,0.21733135487895924,146725600
2003-04-10,0.21508590877056122,0.2153851449763485,0.21254116450812238,0.21254116450812238,107100000
2003-04-11,0.19757357239723206,0.21613364882547823,0.1935326470841021,0.21029648192578965,1392708800
2003-04-14,0.2032615840435028,0.20580632879775296,0.20206380215666633,0.20520701943815509,502958400
2003-04-15,0.20041757822036743,0.20356079530871224,0.1990706029456873,0.20341160184726742,303968000
2003-04-16,0.198172926902771,0.2046085551969857,0.19338264848382683,0.1944304001101226,1016176000
2003-04-17,0.19637663662433624,0.19832208423323153,0.19038943917374032,0.19757358150913115,616257600
2003-04-21,0.19667580723762512,0.19742430971203703,0.1942810939246663,0.19652577700596988,152320000
2003-04-22,0.2022138088941574,0.20386002032338033,0.19592737506378483,0.19727435026426068,300568800
2003-04-23,0.2032615840435028,0.20401008687371308,0.19996832396900718,0.2025130687232573,209680800
2003-04-24,0.2011660784482956,0.20371083550387395,0.19458040811006053,0.20236386024631028,325108000
2003-04-25,0.19981911778450012,0.20326158381578677,0.1980228758624726,0.20146532940372405,205318400
2003-04-28,0.20745250582695007,0.20894951123775102,0.20101602954422224,0.2017645322496227,636798400
2003-04-29,0.21044567227363586,0.21194267754193397,0.20326153080159953,0.20924872753268386,458236800
2003-04-30,0.2128412276506424,0.2147866751830573,0.20730246008845016,0.2085002417583979,458175200
2003-05-01,0.21493671834468842,0.21538516051463844,0.20954799322527068,0.21328968258079112,342759200
2003-05-02,0.2162836641073227,0.2183791417560195,0.21463662856755233,0.21643287002959416,321182400
2003-05-05,0.24083015322685242,0.25265536723093346,0.2207739072209785,0.22107311846368718,1555708000
2003-05-06,0.2619348466396332,0.2679220409019223,0.2409800539124518,0.24127928997430104,1514492000
2003-05-07,0.2641805112361908,0.2730108655254534,0.2560978353767603,0.25939025836325347,1054379200
2003-05-08,0.26941922307014465,0.2704669620506997,0.25879177799777503,0.26492818159435394,687736000
2003-05-09,0.27390941977500916,0.2754055759761415,0.2676229608071531,0.27435783697817684,588386400
2003-05-12,0.2778010964393616,0.2804950464898976,0.2713646081806605,0.2716638443704844,419372800
2003-05-13,0.27944743633270264,0.28393762993191984,0.26867078184600557,0.275854926736253,446796000
2003-05-14,0.2776511013507843,0.2819920875085203,0.2758548346620753,0.28184205722353967,355488000
2003-05-15,0.28034505248069763,0.2821412941940682,0.2764533078453651,0.2783996048241788,284995200
2003-05-16,0.28139281272888184,0.28453602987939475,0.27361019717210444,0.2782495705982996,341628000
2003-05-19,0.2709153890609741,0.27914812023921615,0.27031691657675727,0.27735187844430076,445888800
2003-05-20,0.26627597212791443,0.27181392805441873,0.26343199151386126,0.27091537006875244,416220000
2003-05-21,0.2671736776828766,0.27076616097906353,0.26447972738183506,0.26627596902992856,305009600
2003-05-22,0.27301090955734253,0.2754056242089068,0.2655275293140032,0.26777221365004783,178460800
2003-05-23,0.274208664894104,0.27630414295791533,0.2688199144604023,0.27256245337033097,206718400
2003-05-27,0.2825906574726105,0.2828898938035988,0.26807148787077867,0.2688199908695043,290130400
2003-05-28,0.2736102044582367,0.2792973420661184,0.27166390728042655,0.2769026026707858,339679200
2003-05-29,0.2709153890609741,0.27690258692993713,0.26792220229762503,0.2737593698744014,333765600
2003-05-30,0.2686707079410553,0.2721131612754344,0.26238427376290036,0.27121462819725595,382748800
2003-06-02,0.26118648052215576,0.27375934772714805,0.2584925302188569,0.27091536714380005,418588800
2003-06-03,0.25909098982810974,0.26447971451013164,0.25475082837012514,0.2610372616614054,360858400
2003-06-04,0.26343202590942383,0.2662760068948074,0.2565462945555371,0.25894183332177617,271202400
2003-06-05,0.26403045654296875,0.26552746194879856,0.25939023439020675,0.2611864760087657,205497600
2003-06-06,0.25669634342193604,0.2700177161893821,0.2565463131098274,0.2655275232769886,241388000
2003-06-09,0.2513076663017273,0.25505020676220663,0.24891295099984134,0.2535532005700466,259952000
2003-06-10,0.257145494222641,0.25879170520267175,0.25070900688300074,0.2528045092347381,176646400
2003-06-11,0.26118648052215576,0.26208501351805413,0.25160762418056054,0.25669628856925825,225114400
2003-06-12,0.2659758925437927,0.2676229281555379,0.261186464663793,0.26268347000459846,252588000
2003-06-13,0.26073721051216125,0.2686706797195438,0.25639704889777337,0.26567666889647507,191245600
2003-06-16,0.2734600603580475,0.2734600603580475,0.2611864316667598,0.26343193939428133,238526400
2003-06-17,0.272262305021286,0.27690252661896153,0.2692691189098702,0.2755555766317833,177464000
2003-06-18,0.28618302941322327,0.2915709299339497,0.27405857957715274,0.27615405741125415,454983200
2003-06-19,0.28648221492767334,0.2935171498889267,0.28094428510933495,0.28977463703163936,381528000
2003-06-20,0.28737983107566833,0.2930677893176245,0.28288964143161976,0.2896253380685797,356546400
2003-06-23,0.28528448939323425,0.2947141394140463,0.28064424236865854,0.288876972546543,307361600
2003-06-24,0.2810935378074646,0.29441490737590514,0.2801958291775121,0.29142172093388735,514382400
2003-06-25,0.28573375940322876,0.2903739815050696,0.2800457983972416,0.2822913064813444,329812000
2003-06-26,0.28872689604759216,0.28917616245536965,0.2798965441941751,0.2798965441941751,161705600
2003-06-27,0.28034505248069763,0.2890262004767992,0.27660336311080824,0.28887699453365095,365792000
2003-06-30,0.28528448939323425,0.28752999744959334,0.2782495283805076,0.2795965034774572,222152000
2003-07-01,0.28573375940322876,0.28708073451682053,0.2770526119606127,0.2824405124149797,180992000
2003-07-02,0.2884277403354645,0.2903740124173155,0.2846860508058069,0.28483525675532617,325298400
2003-07-03,0.2863321900367737,0.2926186225442531,0.28408750662241933,0.28438674278819626,137771200
2003-07-07,0.2974080741405487,0.30204829594373334,0.2863322133930645,0.288427691066487,286272000
2003-07-08,0.30534160137176514,0.3068377575076192,0.2917209700124334,0.2921694121761035,256737600
2003-07-09,0.2977081835269928,0.30609009489285227,0.2977081835269928,0.3024976116382874,213645600
2003-07-10,0.29306790232658386,0.298455802240343,0.28992468592952697,0.29755809370208053,170934400
2003-07-11,0.29710879921913147,0.29935433184604343,0.2923193721162666,0.294264819269926,136858400
2003-07-14,0.2978573441505432,0.3053415713430323,0.29740807768884353,0.29950355538726664,188406400
2003-07-15,0.29351717233657837,0.30294684662249804,0.29082239800483234,0.29965357494456785,206645600
2003-07-16,0.2974080741405487,0.29935437087000344,0.29007390228356994,0.29890507943359956,250930400
2003-07-17,0.31282496452331543,0.3135734672154036,0.30129981163787056,0.3021983695853109,751212000
2003-07-18,0.3122265338897705,0.3170159625494665,0.3053416271486722,0.31282500638666194,298838400
2003-07-21,0.3084847629070282,0.3113287430305779,0.30384454142428574,0.30968170758511343,183808800
2003-07-22,0.31132882833480835,0.31372354268919644,0.30683778655518423,0.3123765673862463,198424800
2003-07-23,0.31117868423461914,0.31372342795525304,0.30623922703538425,0.3135733977132202,143035200
2003-07-24,0.30698779225349426,0.3218061918574186,0.3050423447617104,0.31492043683545884,229236000
2003-07-25,0.3224046230316162,0.3228539144648901,0.3053415655729203,0.3054907714959129,216686400
2003-07-28,0.3141719102859497,0.3218061674069086,0.312226462941979,0.3218061674069086,170357600
2003-07-29,0.3101309835910797,0.31551970783512784,0.3071377974613354,0.3141719085175481,197120000
2003-07-30,0.30354535579681396,0.31282497596534425,0.30189914441931065,0.3108795283684951,173594400
2003-07-31,0.3155197203159332,0.3195606454022458,0.3078854879160269,0.310430232049329,301464800
2003-08-01,0.31028103828430176,0.3183628887736364,0.3089332388605908,0.3143219635289691,149604000
2003-08-04,0.31746524572372437,0.32180625738936636,0.3035454012169713,0.307287091031975,230115200
2003-08-05,0.30504241585731506,0.3203092361730796,0.30085145935162677,0.3195607333195853,249440800
2003-08-06,0.2938164472579956,0.30189914761476044,0.291870175298344,0.300252086897555,245464800
2003-08-07,0.29830655455589294,0.3007012679980688,0.29067314785208975,0.29531254449669064,174378400
2003-08-08,0.2939656972885132,0.3012998710378369,0.2933672247537252,0.30100063477044287,137659200
2003-08-11,0.29426491260528564,0.29830666278318246,0.2920202285884769,0.29666047623862163,137228000
2003-08-12,0.2948642373085022,0.2963604186803593,0.2912717533313378,0.29576194613161644,164438400
2003-08-13,0.3020482361316681,0.30444294952107154,0.29306785483591563,0.29725880935286125,284099200
2003-08-14,0.29890498518943787,0.3042937329201505,0.2984557188747511,0.3024974920032651,192780000
2003-08-15,0.295013427734375,0.3004021783963349,0.29426492491669776,0.2996536505985877,125865600
2003-08-18,0.30444297194480896,0.3054907356312777,0.29516335383463593,0.29725883124745106,192774400
2003-08-19,0.3041437566280365,0.3060900281088585,0.299354329561719,0.3048922591712751,133688800
2003-08-20,0.3144720494747162,0.31836294513597807,0.30144991414400557,0.3020483616745452,273212800
2003-08-21,0.3245001435279846,0.3249494350205699,0.31357348733821583,0.31477125659085514,255326400
2003-08-22,0.3125257194042206,0.32928954133407673,0.3089332363214947,0.3264455609220978,250264000
2003-08-25,0.3122265338897705,0.3129750366820259,0.30668860243781904,0.3110287645537054,137782400
2003-08-26,0.3150705397129059,0.31536977598504723,0.3045931484762217,0.3105803469460909,164959200
2003-08-27,0.32150617241859436,0.32150617241859436,0.3092333638544915,0.31297505367666123,225702400
2003-08-28,0.33213356137275696,0.33258282786344684,0.31926143317778743,0.31926143317778743,319625600
2003-08-29,0.3384200930595398,0.3420125773429772,0.3300381792931352,0.33228368805588954,263155200
2003-09-02,0.342012494802475,0.34276099754275113,0.33527679448221415,0.3391685141263154,242132800
2003-09-03,0.34350863099098206,0.34904741065587136,0.3406654750290886,0.3412639474061065,268828000
2003-09-04,0.3417132794857025,0.3479997386581153,0.340814746405496,0.3466519140577366,199780000
2003-09-05,0.3367738425731659,0.3465027307432566,0.3354268672071323,0.34021629614021376,240133600
2003-09-08,0.3403654396533966,0.3411139423510461,0.33632451429670307,0.33647454457310416,167244000
2003-09-09,0.3348274528980255,0.3393176439907131,0.3310857643777925,0.3372221665246562,180370400
2003-09-10,0.3319835960865021,0.3384200865894765,0.3309358568857326,0.3330313352872715,224890400
2003-09-11,0.33767154812812805,0.3411140016621287,0.3307866410601268,0.33303130022112054,213684800
2003-09-12,0.3457540273666382,0.34635249955056974,0.3339296678538088,0.33692285311531767,179989600
2003-09-15,0.33243271708488464,0.342760897816601,0.33108574228117926,0.3414130986709105,226844800
2003-09-16,0.3346783220767975,0.3396177806895771,0.3322836079128915,0.332432813855634,269007200
2003-09-17,0.33108580112457275,0.33497752032804956,0.32704487599526894,0.3348274900600909,289396800
2003-09-18,0.3424607813358307,0.34410781635280574,0.32854091987096984,0.33078645205134616,252907200
2003-09-19,0.3379707932472229,0.34500573080206054,0.3357261090473374,0.3424609859893369,205956800
2003-09-22,0.3304874300956726,0.3367738651195812,0.32809271546880997,0.3319835865433992,179821600
2003-09-23,0.33572617173194885,0.3361746140502504,0.3274934382355539,0.32958891686261743,132451200
2003-09-24,0.31911134719848633,0.3339297447050675,0.3155196889264545,0.3324327395588637,301285600
2003-09-25,0.3057899475097656,0.31985984210605584,0.3030959977847928,0.31941057570455333,574380800
2003-09-26,0.30968183279037476,0.32479944802878297,0.3015991305971175,0.3038446642695629,347250400
2003-09-29,0.3188122510910034,0.3243501833543068,0.30908336205088627,0.32165623238132746,365702400
2003-09-30,0.3101309835910797,0.3176151854285759,0.3059400284041835,0.3156689137534654,285426400
2003-10-01,0.31117868423461914,0.3158189052917776,0.302198302604368,0.30998091532432404,236112800
2003-10-02,0.30788546800613403,0.31132874483070044,0.30354530700988264,0.31132874483070044,204058400
2003-10-03,0.3246493935585022,0.32719413835205,0.3125257908119172,0.3141720024584073,299600000
2003-10-06,0.33363059163093567,0.3342290641016432,0.3230031464134545,0.3243501216436696,268329600
2003-10-07,0.34755048155784607,0.35039448766976805,0.3279426742528616,0.33003815252450336,418174400
2003-10-08,0.3451556861400604,0.35233982809856595,0.34021622789389117,0.3479996915856273,428668800
2003-10-09,0.35099291801452637,0.35428619054941435,0.34111399969238965,0.34874740954410743,347748800
2003-10-10,0.35443535447120667,0.35638165156710305,0.34979513179437804,0.35174142889027443,174837600
2003-10-13,0.36446353793144226,0.36536207109879587,0.3550338607482902,0.3551839160370389,279865600
2003-10-14,0.36745747923851013,0.3703014598217765,0.36206875428986895,0.3640150262194608,275419200
2003-10-15,0.3714982867240906,0.3743422664042514,0.36790662890772513,0.37194755307936234,610103200
2003-10-16,0.3479997515678406,0.35683008136963607,0.3354268577366682,0.3562316338355504,975682400
2003-10-17,0.3405154347419739,0.3515912951014133,0.33572600718255563,0.3499450839420057,359811200
2003-10-20,0.34755048155784607,0.34934672355387575,0.33497761192799563,0.33827003530208577,279132000
2003-10-21,0.34695199131965637,0.35024441452590493,0.3405155265238655,0.34889743918313826,176461600
2003-10-22,0.34066542983055115,0.34725109813033095,0.3394676608933149,0.34335937951182294,161599200
2003-10-23,0.34410789608955383,0.34650260971968877,0.3381206998431958,0.34021617731231907,165211200
2003-10-24,0.3382698893547058,0.34201240204103334,0.3327319597893428,0.33767141706169396,219856000
2003-10-27,0.3382698893547058,0.3426108743340452,0.33662367837792256,0.34051539696650235,162013600
2003-10-28,0.3550337553024292,0.3557822579387984,0.33527674793914725,0.3376714617702623,251714400
2003-10-29,0.3545854091644287,0.35772862626120333,0.3493466890230687,0.351890609285499,267080800
2003-10-30,0.3456041216850281,0.35922472699956437,0.3423116991451589,0.35907554605080716,260556800
2003-10-31,0.3426109552383423,0.3494958612597874,0.340964743872822,0.3487473585457701,218153600
2003-11-03,0.3465026617050171,0.34874734542039243,0.340964731040349,0.3417132337261958,302842400
2003-11-04,0.34291014075279236,0.3457541209086684,0.33812071330188226,0.34530485447824744,249233600
2003-11-05,0.3447064459323883,0.3462034514161487,0.3363245341708926,0.3415632290218274,322470400
2003-11-06,0.34605342149734497,0.3465026880113942,0.3390184849268931,0.34291020458345545,397073600
2003-11-07,0.3367738425731659,0.3478497061092902,0.33602533973818516,0.3471012032743095,210145600
2003-11-10,0.3277924954891205,0.33901841045896985,0.326894787000438,0.3360252244879816,234276000
2003-11-11,0.3224046230316162,0.32958876457239283,0.32150609012519665,0.3277925231016697,215073600
2003-11-12,0.3342290222644806,0.34006618897882657,0.32150610064987023,0.32150610064987023,300003200
2003-11-13,0.33557599782943726,0.3376714755600013,0.3280926198443624,0.33033730350302715,212772000
2003-11-14,0.32120686769485474,0.3384199811359861,0.31851291754444216,0.336474533658944,237048000
2003-11-17,0.31626737117767334,0.31985985383741106,0.3135734213538957,0.31956061767277477,228256000
2003-11-18,0.3054907023906708,0.31941054021231496,0.30459299402943835,0.31746509325868,267192800
2003-11-19,0.3056408166885376,0.3090832695330049,0.30324610272465413,0.30773629444970524,344584800
2003-11-20,0.30504241585731506,0.31551980712153577,0.30085145935162677,0.30085145935162677,239590400
2003-11-21,0.30354535579681396,0.3080355477714062,0.2971088669031038,0.30444303947478485,241836000
2003-11-24,0.3165675401687622,0.31836295777185064,0.3060901491057438,0.3068378026224597,381824800
2003-11-25,0.3095325529575348,0.3180636703996318,0.30848481401957895,0.31776443418053035,268654400
2003-11-26,0.3101309835910797,0.3165674466318519,0.30309602321271345,0.3126757276237211,245128800
2003-11-28,0.3129749596118927,0.3153696733520421,0.3071377933488987,0.3110286879628419,76098400
2003-12-01,0.3249494135379791,0.32704489133489606,0.31432196929833295,0.3149204417139748,361536000
2003-12-02,0.3224046230316162,0.3277925231016697,0.3204583512957845,0.3233023315959198,205296000
2003-12-03,0.31477120518684387,0.32689480430717127,0.31372346639022075,0.3224046129419422,191296000
2003-12-04,0.3165675401687622,0.3168667764359436,0.31087957806531397,0.31342432284985666,177940000
2003-12-05,0.31207647919654846,0.3165674955989774,0.31028106184623827,0.3128249819302866,186177600
2003-12-08,0.3150705397129059,0.31551980629229165,0.3054908572926457,0.31102878918312915,148237600
2003-12-09,0.3060901463031769,0.31806371859247207,0.30534164347090975,0.3168667735347057,135144800
2003-12-10,0.30504241585731506,0.30848486950950904,0.29875598109878265,0.30609015498373715,271336800
2003-12-11,0.31746524572372437,0.3194106936116751,0.3024976621213843,0.3030961096695563,183136800
2003-12-12,0.3126756548881531,0.31911129208975736,0.30983167533832157,0.31911129208975736,192673600
2003-12-15,0.30189910531044006,0.3216561123077072,0.30040210006543494,0.3216561123077072,388908800
2003-12-16,0.3011505901813507,0.30668852014736864,0.2995035297633448,0.3021983289409233,373956800
2003-12-17,0.2975582182407379,0.3012999085626664,0.29621124269854116,0.3005514056297933,274260000
2003-12-18,0.29995277523994446,0.3020482526127558,0.29785729786713316,0.29785729786713316,330915200
2003-12-19,0.2948642373085022,0.30564088987771304,0.29366646786866285,0.3021984362089112,453560800
2003-12-22,0.29710879921913147,0.2977081208435613,0.2881284173157563,0.2941156133653445,377064800
2003-12-23,0.29651039838790894,0.29860587629325996,0.2933671815298824,0.2981566097871953,308498400
2003-12-24,0.3054907023906708,0.308185476158227,0.2941155831253542,0.2951633217177568,177475200
2003-12-26,0.31102877855300903,0.3129750507689306,0.3044430827838673,0.30459313806605437,103695200
2003-12-29,0.3165675401687622,0.316716746131186,0.31222655343879724,0.31297505627791766,233458400
2003-12-30,0.3185129761695862,0.3218062486502071,0.3165675283344671,0.3170159705473081,204853600
2003-12-31,0.3198598623275757,0.32225457605028085,0.3170158821749654,0.3195606261549967,174451200
2004-01-02,0.3185129761695862,0.3255479383635993,0.3170159705473081,0.32255390213897334,144642400
2004-01-05,0.3318343758583069,0.3351267990472325,0.32060845729115894,0.32060845729115894,395018400
2004-01-06,0.330636590719223,0.3355760749627092,0.32494947793922974,0.3330313051985658,509348000
2004-01-07,0.33812081813812256,0.3417133020112118,0.3282418746782214,0.33078664443025774,586874400
2004-01-08,0.3496459722518921,0.3551839293834354,0.3390185502071222,0.34186253144001516,460303200
2004-01-09,0.3442572057247162,0.36117108580549073,0.341113988573971,0.34769965912663375,427459200
2004-01-12,0.35518378019332886,0.35922467989379875,0.34575410661665296,0.3479996393139258,487547200
2004-01-13,0.3610210120677948,0.3717976375247204,0.35712926760619046,0.3697021596763685,679016800
2004-01-14,0.3622187077999115,0.3673073711099526,0.355932275529966,0.3652118936866374,620043200
2004-01-15,0.342012494802475,0.3502443762610632,0.3367737999627666,0.3429102034854714,1018208800
2004-01-16,0.3400660753250122,0.3448563259168364,0.33841986461568974,0.34261081866986876,372820000
2004-01-20,0.3402162790298462,0.34126401807765977,0.33303128666917625,0.3393177459361272,315946400
2004-01-21,0.3384200930595398,0.3438088194846959,0.33572614201817375,0.3397670685802228,226660000
2004-01-22,0.3319835960865021,0.34171333451006963,0.3319835960865021,0.3376715836828686,205004800
2004-01-23,0.33767154812812805,0.34036549883433354,0.33303130022112054,0.33557606994723016,227169600
2004-01-26,0.34440717101097107,0.34515567366875927,0.3357260239964694,0.336174466117435,271269600
2004-01-27,0.3453049063682556,0.3479997059937259,0.3412639809134471,0.34485646421252003,307070400
2004-01-28,0.33707305788993835,0.3499451625615621,0.33542684636068876,0.3418624865253616,275402400
2004-01-29,0.33946776390075684,0.3412640056806554,0.33213359083248806,0.3387192611306109,212699200
2004-01-30,0.33767154812812805,0.34231177105506516,0.33557606994723016,0.3390185234812308,185298400
2004-02-02,0.3340788781642914,0.34141304771130454,0.330487220671166,0.3361743551777237,287431200
2004-02-03,0.33318138122558594,0.33527685956825665,0.3292896358459273,0.3337798537970961,180812800
2004-02-04,0.3261463940143585,0.3306365866506651,0.3247994186576989,0.32928961129400547,305552800
2004-02-05,0.33557599782943726,0.34291016988641143,0.3264455592601798,0.32659561451048974,352844800
2004-02-06,0.33991697430610657,0.34261092436001556,0.3352767525027242,0.33602525514928155,193340000
2004-02-09,0.3393177092075348,0.34216168979265904,0.3367737891826961,0.33857003083341664,188260800
2004-02-10,0.3439579904079437,0.3460534686359781,0.33587531376519114,0.3385700888743353,255343200
2004-02-11,0.3562316298484802,0.35727936890767875,0.3450057114709552,0.34560418397841247,348544000
2004-02-12,0.35518378019332886,0.3590754989646039,0.3532383329787114,0.35338751390790624,183988000
2004-02-13,0.3442572057247162,0.36072181925758723,0.34171328541860563,0.3569801296044972,315980000
2004-02-17,0.3466518521308899,0.35159131016280093,0.34575414355332795,0.34575414355332795,170956800
2004-02-18,0.3481488525867462,0.35084280262403994,0.34500563609586465,0.3469519078333342,141635200
2004-02-19,0.3363245129585266,0.3538368630989421,0.33542680433022587,0.3491966160172189,323080800
2004-02-20,0.3352767825126648,0.3369229938771669,0.33243280193803676,0.33677378793977336,277603200
2004-02-23,0.33213356137275696,0.3361744867624116,0.3276433694924125,0.3343790694840216,194079200
2004-02-24,0.3346783220767975,0.3403654590877398,0.32928957197127273,0.33138507488753605,259056000
2004-02-25,0.34141314029693604,0.3427609396069539,0.33243275761599733,0.333480496406843,276276000
2004-02-26,0.3448563516139984,0.3469518287972336,0.34126386948790133,0.34246081396864775,198408000
2004-02-27,0.358027845621109,0.3595248511229514,0.34350868082609065,0.34365871111316953,468837600
2004-03-01,0.35952481627464294,0.36371577179978803,0.35727930823953374,0.3607217610863091,321680800
2004-03-02,0.3563815653324127,0.360721726370238,0.3557822436620366,0.3592246961775083,256687200
2004-03-03,0.358027845621109,0.36206877126539944,0.3532384172258973,0.3532384172258973,225131200
2004-03-04,0.3765879273414612,0.3774856110363732,0.3578778070482597,0.3581770182931856,660223200
2004-03-05,0.4002366364002228,0.4114625531252975,0.37269616368120845,0.3734446663764991,1540599200
2004-03-08,0.38916072249412537,0.4009850850652363,0.38616671211638726,0.3984403411125718,522872000
2004-03-09,0.4056254029273987,0.4075708505417322,0.38541825238668964,0.38766378554533476,618363200
2004-03-10,0.4143065810203552,0.42119148765706793,0.4032298689620406,0.4047268745238546,1006964000
2004-03-11,0.4063730239868164,0.4196944180115198,0.40547531539216225,0.4081692655182686,595851200
2004-03-12,0.41251033544540405,0.4158027584405873,0.4066731678868431,0.408917851866784,329224000
2004-03-15,0.3958956003189087,0.40936702342215747,0.39305244451626103,0.4045775959900371,481717600
2004-03-16,0.38646605610847473,0.39829124632083823,0.3800304158165318,0.39739271322000336,605432800
2004-03-17,0.39200469851493835,0.3948478542651539,0.3858674719100225,0.3885614217481508,411432000
2004-03-18,0.38422128558158875,0.39005845205432976,0.3830234915173711,0.38826221059915356,321081600
2004-03-19,0.3870653212070465,0.40322984793092503,0.3822750435474717,0.3825751290980676,408576000
2004-03-22,0.3870653212070465,0.3917047192590628,0.37793490670382457,0.3797311484158615,419031200
2004-03-23,0.37853336334228516,0.38916080856653373,0.3774856243467567,0.38736456681102105,385515200
2004-03-24,0.3816766142845154,0.38541830407506683,0.3782341607561296,0.3782341607561296,428215200
2004-03-25,0.40218210220336914,0.4027814239721971,0.3875137568674538,0.3912562705139108,566445600
2004-03-26,0.4047268033027649,0.40951623104703483,0.4027813808686336,0.4041283559003267,419893600
2004-03-29,0.4177490770816803,0.41894602217978394,0.4071216304729919,0.40966640030006457,350728000
2004-03-30,0.4178982377052307,0.4183475042394506,0.40921706433641114,0.41520428718444086,359676800
2004-03-31,0.4047268033027649,0.4187966996665124,0.40337982827107177,0.41789816675063385,390773600
2004-04-01,0.4057745337486267,0.40816924757122036,0.39844036201726174,0.40248213635091473,318332000
2004-04-02,0.4116116762161255,0.4180481639971328,0.40757077642028733,0.4153542141465324,274478400
2004-04-05,0.42388543486595154,0.4246339376409809,0.41071409418377186,0.4113125666668901,385672000
2004-04-06,0.4165512025356293,0.4213414547464135,0.4105639805486935,0.41475496099935344,257992000
2004-04-07,0.40876850485801697,0.4146056704022678,0.4029304899917285,0.41325869561066975,255119200
2004-04-08,0.4120609760284424,0.4190959113081954,0.4071214933267624,0.41729966992378226,240917600
2004-04-12,0.4196944236755371,0.42059295662446133,0.4114625429159432,0.41161172386592865,230540800
2004-04-13,0.40308067202568054,0.41954531050717636,0.40173369672683223,0.4187967827294606,436396800
2004-04-14,0.39873963594436646,0.4051761247098483,0.3938001775680588,0.4002366413534744,639732800
2004-04-15,0.43855366110801697,0.4427446160277074,0.42149063024962996,0.4313695452294826,1761446400
2004-04-16,0.43675750494003296,0.43870375177903737,0.42658017674086607,0.43630906280976023,402931200
2004-04-19,0.4243346154689789,0.4303217867819843,0.4165511528737243,0.42089216307742583,712353600
2004-04-20,0.4150550365447998,0.4252323650480308,0.41251029224790414,0.4222392035875304,354519200
2004-04-21,0.4150550365447998,0.4208922284721668,0.4096663117411694,0.41310876466758223,325875200
2004-04-22,0.41580283641815186,0.4217900353912403,0.40577468593792426,0.41251041280552414,344584800
2004-04-23,0.4146057963371277,0.4190959884536584,0.4048769093609397,0.4146057963371277,315828800
2004-04-26,0.40607380867004395,0.4137072422947051,0.4041283860905806,0.4128095336538883,231128800
2004-04-27,0.40322980284690857,0.4107140300666344,0.39948811389814526,0.40772084377605067,283864000
2004-04-28,0.3958956003189087,0.4042775104961548,0.39424938920325564,0.4014343796735699,231168000
2004-04-29,0.4006859064102173,0.40412838434515946,0.38886154214184043,0.39589565398665777,460790400
2004-04-30,0.3858675956726074,0.40352997920376393,0.3815274333571277,0.3997874400903075,466502400
2004-05-03,0.39020854234695435,0.3941002620415115,0.3852690836708717,0.3891608033654288,297634400
2004-05-04,0.39125633239746094,0.39739273680068193,0.3816766250463755,0.38871158758381996,279983200
2004-05-05,0.3988896608352661,0.4003866912042233,0.3885614777309602,0.3921539609274296,238106400
2004-05-06,0.3978419601917267,0.4003867297092021,0.3876638063843521,0.3951480097063861,263558400
2004-05-07,0.3991888165473938,0.41265941428458547,0.39739257531137473,0.39739257531137473,419036800
2004-05-10,0.39335161447525024,0.3981410411011678,0.3882621273860221,0.39320158424359497,249978400
2004-05-11,0.406223863363266,0.40697236606733256,0.3951479767842588,0.3951479767842588,305172000
2004-05-12,0.40861859917640686,0.4092170466545967,0.3927524593146864,0.40098516515575605,245420000
2004-05-13,0.40697234869003296,0.41490499319848967,0.40263133794861133,0.4056253736171016,229852000
2004-05-14,0.40502604842185974,0.4089177926582245,0.3958956348478761,0.40787002881462275,257801600
2004-05-17,0.39873963594436646,0.40502606945199704,0.39454868027261275,0.3996381689267055,300445600
2004-05-18,0.40502604842185974,0.40846850121031725,0.4011343291655599,0.4036790733604757,206063200
2004-05-19,0.39619553089141846,0.41161154690390317,0.39544702853649966,0.41011539151592075,375592000
2004-05-20,0.39978745579719543,0.40412846760561566,0.39619579616728345,0.39859051070134227,196296800
2004-05-21,0.4057745337486267,0.4071215087524539,0.40008657320614965,0.40263131729232743,179894400
2004-05-24,0.4092170000076294,0.417598935816753,0.4057745472517138,0.4084684973490156,235603200
2004-05-25,0.42523232102394104,0.42672932626032795,0.40846847529103425,0.4116116916821924,319978400
2004-05-26,0.4267292618751526,0.4307710355152171,0.41909585526865745,0.4240353123297934,322168000
2004-05-27,0.4216408133506775,0.42807642899196896,0.4164020928218995,0.4259809507724861,235972800
2004-05-28,0.4199935793876648,0.42313682058921637,0.41610270991049336,0.4202936898525415,145717600
2004-06-01,0.4199935793876648,0.42208905686865783,0.41325872985171047,0.415952679658117,182134400
2004-06-02,0.4328666925430298,0.4366083573010421,0.41610284237819656,0.4195453208383792,318712800
2004-06-03,0.42508313059806824,0.4339142822366558,0.42343689449997646,0.42987255803710106,250930400
2004-06-04,0.430771142244339,0.4378052290041737,0.4267293676028725,0.42747787029358264,399112000
2004-06-07,0.4461871385574341,0.44873190780815403,0.4312195828046624,0.4346620356955766,295876000
2004-06-08,0.4542697072029114,0.4556166819151044,0.4464871200300847,0.4488818083541393,415620800
2004-06-09,0.4520252048969269,0.459658613791435,0.44903114401834204,0.45037811919475956,349204800
2004-06-10,0.4601078927516937,0.4635503461142175,0.45202524167344255,0.45202524167344255,257577600
2004-06-14,0.450827419757843,0.4592093315507224,0.44154782425674977,0.45876009001553436,243986400
2004-06-15,0.45935940742492676,0.46609428411100395,0.4529229426556623,0.4571138989680266,444634400
2004-06-16,0.49004289507865906,0.49872406483568227,0.456964501808289,0.45890994874339847,909641600
2004-06-17,0.4910908043384552,0.49588023281145477,0.4821104198660184,0.48734913984538303,551320000
2004-06-18,0.4925878643989563,0.5000712434147282,0.48540284732034983,0.4888453005886758,406252000
2004-06-21,0.48390576243400574,0.5014180864859482,0.48076257090069896,0.4957309751623809,390213600
2004-06-22,0.4939347207546234,0.4952816457194211,0.48330725296579546,0.483457283220591,360511200
2004-06-23,0.5044122934341431,0.5063577414080557,0.4922878160162432,0.4939349020153174,390868800
2004-06-24,0.4966287612915039,0.5044122511800053,0.49363559940651475,0.5015682702699386,252515200
2004-06-25,0.5044122934341431,0.5044122934341431,0.4939349020153174,0.4949826161771284,323428000
2004-06-28,0.48630139231681824,0.5117463903910838,0.4821104361756029,0.5115963600964928,521096800
2004-06-29,0.48645076155662537,0.49378491190892504,0.4701361739146352,0.4800150945826347,590553600
2004-06-30,0.48704901337623596,0.49348547679415455,0.47732012745688723,0.4873490739146738,373044000
2004-07-01,0.48345744609832764,0.48615139685576975,0.47747027268448705,0.4804634347302034,341941600
2004-07-02,0.46519654989242554,0.46669355536810303,0.44499027333966906,0.45621616572280543,910683200
2004-07-06,0.46325114369392395,0.47028523152597657,0.4610056352795069,0.4680405724339251,348980800
2004-07-07,0.45486918091773987,0.46938749582984934,0.4509774363884981,0.4617540870127852,397992000
2004-07-08,0.45112672448158264,0.45920937584459404,0.4482826935542187,0.45097749354352207,233380000
2004-07-09,0.44948047399520874,0.4565154110453384,0.44948047399520874,0.4530729576681013,208863200
2004-07-12,0.4361589848995209,0.4496303828636389,0.43301574364010564,0.4493303223533624,511621600
2004-07-13,0.43735700845718384,0.44304417295223,0.4343629961773806,0.4378054508250839,316176000
2004-07-14,0.44274452328681946,0.448582562335084,0.4301716611613625,0.43196792706532217,835800000
2004-07-15,0.49288707971572876,0.5033644698978619,0.4806134227591235,0.48884530461268616,1767724000
2004-07-16,0.48196035623550415,0.4927370067054406,0.4807626120090548,0.49094074008669697,488381600
2004-07-19,0.4785178005695343,0.48225951396110056,0.47387760434043863,0.4791162728732912,533170400
2004-07-20,0.48196035623550415,0.48196035623550415,0.4722314696730131,0.4782186920012724,323747200
2004-07-21,0.47327932715415955,0.48959386174254177,0.46908832065589245,0.485253724218045,301257600
2004-07-22,0.47417697310447693,0.4749254759039453,0.4648973269640378,0.46774135782524046,334118400
2004-07-23,0.45950865745544434,0.4752247192997243,0.45621623412596846,0.4719323459303906,273571200
2004-07-26,0.4678904414176941,0.47073442172684055,0.4607062748740904,0.46175403868688647,393932000
2004-07-27,0.4854028522968292,0.4901922808634063,0.4725307727903056,0.4759732260939245,425006400
2004-07-28,0.48300811648368835,0.48510359432257094,0.4663943240506282,0.48360658891131575,285051200
2004-07-29,0.4885461628437042,0.49124011374737664,0.48091275238837766,0.4860013929310626,222157600
2004-07-30,0.48405566811561584,0.49393463153004424,0.4789670304827338,0.48869591370935245,243023200
2004-08-02,0.4726806879043579,0.48196028155365134,0.4659449639085302,0.46669346650384463,365092000
2004-08-03,0.4683397710323334,0.47477628546576905,0.4662442929725072,0.47073451031759317,211629600
2004-08-04,0.47582387924194336,0.4807625375355982,0.4665434362700819,0.4668426474597462,276488800
2004-08-05,0.4698367714881897,0.48345735230041254,0.4677412936739914,0.4761232049307845,244501600
2004-08-06,0.445738822221756,0.46549580932860124,0.44454102786870286,0.46250264738967467,492290400
2004-08-09,0.4535212516784668,0.45576675932585636,0.4461870557957535,0.4467863774203271,290847200
2004-08-10,0.4717820882797241,0.4720813494188344,0.4542697660680757,0.4548690877082705,351036000
2004-08-11,0.46414875984191895,0.4659450264233243,0.45292286809017956,0.4654957349573795,322392000
2004-08-12,0.45456916093826294,0.4617541282373403,0.45322218565525557,0.45576690528879965,226200800
2004-08-13,0.46160411834716797,0.4681897641208426,0.45501842261335296,0.45801243390107377,328048000
2004-08-16,0.46070656180381775,0.47477649180689824,0.45861108283328195,0.4639989862760129,435674400
2004-08-17,0.4620533883571625,0.4659451336453254,0.4542699477409799,0.4577124014598084,323019200
2004-08-18,0.47507530450820923,0.47672154034282793,0.4563651905116528,0.45666445161600067,364655200
2004-08-19,0.4596584439277649,0.4768715523012961,0.4544197261185551,0.4716328344920862,388920000
2004-08-20,0.4610055387020111,0.46384951902755994,0.4563652919096237,0.4596585636724613,316780800
2004-08-23,0.46519654989242554,0.4680405305593238,0.45801238244510656,0.4619032777343123,254660000
2004-08-24,0.47821852564811707,0.4782185256481171,0.4668425573810055,0.4678903209239757,374136000
2004-08-25,0.4946834444999695,0.4961796010264445,0.47492555522910235,0.4770210336806982,505618400
2004-08-26,0.5187811851501465,0.52656377273308,0.49004292534243943,0.4945330910869454,955858400
2004-08-27,0.5141411423683167,0.5202775464368834,0.508902422082532,0.5190806014197477,388813600
2004-08-30,0.5106985569000244,0.5196789395760435,0.5083038181624951,0.5089022905163404,218142400
2004-08-31,0.5162366032600403,0.5231215099056667,0.5089024050967651,0.5099501691030063,376560800
2004-09-01,0.5367421507835388,0.538688397935832,0.5117463940900282,0.5133926306111087,515726400
2004-09-02,0.5337490439414978,0.5359937534021736,0.5213253539569628,0.5313543541157887,406324800
2004-09-03,0.5273124575614929,0.5376406666867886,0.524020034584716,0.524020034584716,293468000
2004-09-07,0.5352450609207153,0.5416815244602212,0.5273123913913846,0.5298571606012724,301957600
2004-09-08,0.5440762042999268,0.5473694761304595,0.5340481071433353,0.5343473183601966,343526400
2004-09-09,0.5343473553657532,0.5433277392640232,0.5280609217685247,0.540334577725399,461339200
2004-09-10,0.5368919968605042,0.5422798961795814,0.530754745682382,0.5337487558303148,328014400
2004-09-13,0.532701313495636,0.5398854327147451,0.5286595376253054,0.5370414513622288,281976800
2004-09-14,0.5312045216560364,0.5321022059340871,0.5205770449228062,0.5274628049195975,254822400
2004-09-15,0.5268632173538208,0.5310542237595924,0.520876893256495,0.5292588061477549,232668800
2004-09-16,0.5440762042999268,0.5502134565144681,0.5250677238669905,0.5268630910884174,501916800
2004-09-17,0.5559006333351135,0.5594931164821244,0.5448247220708893,0.5470702800834429,502308800
2004-09-20,0.5644326210021973,0.5684735466172822,0.5518597532989586,0.5520089342626548,245000000
2004-09-21,0.5689228177070618,0.5817949472888008,0.5606909357632719,0.5650311228136445,386652000
2004-09-22,0.552608072757721,0.5708680464743715,0.5509609875668666,0.5702695742133534,401688000
2004-09-23,0.55784672498703,0.56128917690252,0.5527572378878358,0.55440427307154,397404000
2004-09-24,0.5581462383270264,0.5687728100177722,0.5560507601843522,0.5605409277468262,369488000
2004-09-27,0.5617383718490601,0.5684732442924693,0.5512609876684321,0.5530563541320377,397516000
2004-09-28,0.5693720579147339,0.573113722177166,0.5605408549538586,0.5606908852341262,353186400
2004-09-29,0.5789510607719421,0.5816458610833416,0.5660789290929814,0.5677251658615705,273509600
2004-09-30,0.5799984931945801,0.5877819803881531,0.5755083272605751,0.5837410558680961,425012000
2004-10-01,0.578801691532135,0.5865842806936247,0.5774547164757533,0.5855365668140438,465404800
2004-10-04,0.5805979371070862,0.5864351290707372,0.5799986153614409,0.5864351290707372,574084000
2004-10-05,0.5892791748046875,0.5937693421813511,0.574760009384169,0.5771546987048727,406162400
2004-10-06,0.608287513256073,0.6100837295113832,0.5907751416785934,0.591224433052999,446303200
2004-10-07,0.5930207967758179,0.6126286506134814,0.5906261076272284,0.6067914584234259,426148800
2004-10-08,0.5846389532089233,0.5952663742555155,0.5813456807047193,0.5921231820116749,359228800
2004-10-11,0.5776038765907288,0.5846388121577865,0.5717666851294912,0.5807471180363647,323870400
2004-10-12,0.5731137990951538,0.5774548356592707,0.56353414209178,0.576257041302904,460191200
2004-10-13,0.5949661731719971,0.5951162034367954,0.579849387480395,0.5817948348700875,1163008000
2004-10-14,0.6732473373413086,0.6847724375503826,0.6368756706445486,0.6464553737465544,2768427200
2004-10-15,0.6810308694839478,0.682677055663292,0.6614230684635826,0.67175122556475,1031128000
2004-10-18,0.7147087454795837,0.7147087454795837,0.6690566205698895,0.6690566205698895,1200752000
2004-10-19,0.7097693681716919,0.7236892133540697,0.7081222821654517,0.7199474983773847,801992800
2004-10-20,0.7105177044868469,0.7124631520131907,0.6982440489051996,0.7061766686480178,605108000
2004-10-21,0.7175518274307251,0.7203958080680976,0.7088706545978554,0.7106669212616425,724505600
2004-10-22,0.7096191644668579,0.7135108588429755,0.7037819726235996,0.7115654113359658,483067200
2004-10-25,0.7117146849632263,0.7160556710593187,0.7045305175928356,0.7064759652166065,392644000
2004-10-26,0.7180012464523315,0.7191989909215654,0.7030336372389248,0.7102177559276045,594361600
2004-10-27,0.7528757452964783,0.7576660229103466,0.7209951343242492,0.7260837738612107,1193494400
2004-10-28,0.7811646461486816,0.781613937594286,0.7409021274149469,0.7480862441728228,864264800
2004-10-29,0.7843078970909119,0.7962822911396108,0.7753275137254619,0.7759259861252523,810219200
2004-11-01,0.7850564122200012,0.7971800373700318,0.7789200091693982,0.7858049149026917,602050400
2004-11-02,0.8007726073265076,0.8094537305909315,0.7843079945687125,0.7843079945687125,729988000
2004-11-03,0.8278646469116211,0.8398381932206611,0.8081067617255049,0.8137947732618791,1204173600
2004-11-04,0.8149914145469666,0.8314560223090505,0.813794519921923,0.8236734344595371,928625600
2004-11-05,0.8190332055091858,0.8232241603290316,0.778919873588032,0.8211286829191087,1205047200
2004-11-08,0.8139437437057495,0.8299599102627978,0.8061611054862862,0.812297507663397,526920800
2004-11-09,0.8090054988861084,0.8164888793248279,0.7989764991113044,0.8116994498966543,475764800
2004-11-10,0.8194825053215027,0.8290613596699912,0.8069096407325916,0.8075080630837427,508676000
2004-11-11,0.8277145624160767,0.8296600100161994,0.8116992420876081,0.8224758427331368,407299200
2004-11-12,0.8307074904441833,0.8335514702465443,0.8208294255773758,0.8233733449020384,395701600
2004-11-15,0.8268170356750488,0.8301094592594753,0.8133456320153848,0.8262177637232545,376045600
2004-11-16,0.8223258256912231,0.8262175702763944,0.8154409194972325,0.8256190978270604,295103200
2004-11-17,0.821727454662323,0.8299601863768193,0.811549275076269,0.8260684413113154,397751200
2004-11-18,0.8290615081787109,0.8299600411486014,0.8125968969531204,0.8127469272288269,459149600
2004-11-19,0.8257690668106079,0.8518125335099997,0.8157400701864274,0.830558494734176,765279200
2004-11-22,0.9182696342468262,0.9579336915474199,0.8666311297720972,0.9250045613402693,2568210400
2004-11-23,0.9170716404914856,0.9347339452723931,0.9137791680149876,0.932488437276753,911450400
2004-11-24,0.9586813449859619,0.9758944976269507,0.9212620300840983,0.9233574565626533,1390788000
2004-11-26,0.9661661982536316,0.984277045776311,0.9630230065242759,0.9781398432710257,550144000
2004-11-29,1.0243901014328003,1.0413030993251324,1.0089732091585337,1.0320235074764874,1712916800
2004-11-30,1.0035852193832397,1.0296294459619575,1.0035852193832397,1.0296294459619575,1028518400
2004-12-01,1.0146616697311401,1.0170563591695778,0.9919106212617771,1.0146616697311401,800553600
2004-12-02,0.9760439991950989,1.0013398049085822,0.9678121708734857,0.9898146057688445,987442400
2004-12-03,0.9381764531135559,0.9729011434740368,0.9242566608418618,0.9658661572586387,1238848800
2004-12-06,0.9845765829086304,0.9914614906753939,0.9422176734862346,0.9616754516144298,1247920800
2004-12-07,0.941319465637207,0.9987950841311554,0.9363800086956636,0.9868206430607473,1056899200
2004-12-08,0.9471571445465088,0.9643702135323697,0.9287471303741845,0.9441639322578629,691902400
2004-12-09,0.9577844738960266,0.9639208782364406,0.9290462014593256,0.940122065069992,741501600
2004-12-10,0.9751465916633606,0.9886171415932233,0.968410867057262,0.9733503251602108,775773600
2004-12-13,0.9715540409088135,0.9863724149469593,0.9669138440675203,0.9821814595837008,395040800
2004-12-14,0.9772419929504395,0.9860732449973454,0.9732002185673868,0.9788882790996404,415721600
2004-12-15,0.9767928719520569,0.9797868828927485,0.967812537774555,0.9764936107463643,398361600
2004-12-16,0.9968498349189758,1.010320384354169,0.988617105288941,0.9901141105602284,1126115200
2004-12-17,0.9727522134780884,1.0034358364555291,0.9714051880308647,1.0004418248465528,783496000
2004-12-20,0.9387752413749695,0.9878689794248527,0.9244061035996672,0.9799363072972554,1168126400
2004-12-21,0.953292965888977,0.954490709704538,0.9220108390781437,0.9513475189807457,1064414400
2004-12-22,0.9541922807693481,0.9633226987740674,0.9489535589293947,0.9528452550941605,565829600
2004-12-23,0.9580833911895752,0.961675024472919,0.9519461896901662,0.9541916974040787,245929600
2004-12-27,0.9453604817390442,0.975146508689832,0.941169526655827,0.9699077898557477,559490400
2004-12-28,0.9606272578239441,0.96167502153222,0.928746703869862,0.9474559707270996,611755200
2004-12-29,0.9645190834999084,0.9726017324543708,0.9514977762617897,0.9550894096532442,449562400
2004-12-30,0.9699079990386963,0.9733504522649161,0.961226825848542,0.9700571800054543,345340800
2004-12-31,0.9639207124710083,0.972901146282334,0.958382831578166,0.9712549599028601,278588800
2005-01-03,0.9473066329956055,0.9745477854599577,0.9369783783914446,0.9696083287956894,691992000
2005-01-04,0.9570356011390686,0.9799358223489416,0.9425164901879024,0.9547900934869558,1096810400
2005-01-05,0.9654175043106079,0.976643443772271,0.9586817807612201,0.9648181826887773,680433600
2005-01-06,0.9661661982536316,0.9715540987028265,0.9479053704154179,0.9679616654687123,705555200
2005-01-07,1.0365139245986938,1.0422018854013442,0.9691593759516518,0.9729010899292863,2227450400
2005-01-10,1.0321738719940186,1.0582173904457222,1.0160084712517314,1.0451951815786638,1725309600
2005-01-11,0.9663152694702148,1.035016837730967,0.9600288867253984,1.0215462887756162,2611627200
2005-01-12,0.9797869324684143,0.9863725778119848,0.94745622898949,0.9796369521370377,1919702400
2005-01-13,1.0447466373443604,1.1138974513650266,1.043698973435152,1.103270032603035,3164716800
2005-01-14,1.0507328510284424,1.0734838899797006,1.0356160180615535,1.0514813535352667,1770742400
2005-01-18,1.0574690103530884,1.058217513168613,1.0140623418708414,1.0454945640291697,1006460000
2005-01-19,1.0459434986114502,1.069592223797802,1.0439980513359417,1.055073911333286,751895200
2005-01-20,1.0546249151229858,1.0667493410474813,1.0398073380629063,1.0425012885606797,914922400
2005-01-21,1.0550744533538818,1.071688301845012,1.047740303205937,1.067348163618498,911332800
2005-01-24,1.0591152906417847,1.0743829108957794,1.0559720981240166,1.0624085634329954,841629600
2005-01-25,1.0784237384796143,1.0902481039585308,1.0618098944688574,1.0682455595279767,969231200
2005-01-26,1.0814177989959717,1.0889011284781969,1.0660008992527177,1.087554203112403,739496800
2005-01-27,1.0872546434402466,1.0914455985671527,1.0709400643853213,1.0800696778843626,496227200
2005-01-28,1.1073108911514282,1.1073108911514282,1.084260588930433,1.0869553380953103,801612000
2005-01-31,1.1510170698165894,1.165835447087393,1.1152447105204026,1.1162924745698533,1681097600
2005-02-01,1.1604464054107666,1.1640388381592002,1.1462272542337903,1.1532622393556498,678395200
2005-02-02,1.1918785572052002,1.1960695120366356,1.162841034598353,1.166732728296342,1020062400
2005-02-03,1.1646376848220825,1.1888857383251903,1.15745351676609,1.1839462793107403,731651200
2005-02-04,1.1800545454025269,1.1814015707376315,1.1604467885885732,1.1655362282031085,563556000
2005-02-07,1.1815515756607056,1.187687979609211,1.1599982723908384,1.1814014954052117,524456800
2005-02-08,1.2108877897262573,1.2180719548531511,1.1793055007864535,1.1834965552111663,890019200
2005-02-09,1.178557276725769,1.2272026562860978,1.1689784209336416,1.2129835035870031,1191456000
2005-02-10,1.1728702783584595,1.1866400903870569,1.1474252828391978,1.1782581789462774,1093019200
2005-02-11,1.2155282497406006,1.2237601802624005,1.1815513649359284,1.1953211759615792,1201054400
2005-02-14,1.2667173147201538,1.2691120032957655,1.2281009380534698,1.2382783145396967,1271463200
2005-02-15,1.3232959508895874,1.3333240518074503,1.2872235246626718,1.2971024445772525,2312217600
2005-02-16,1.3490400314331055,1.3500876956031902,1.307429628349321,1.3194040750963858,1639243200
2005-02-17,1.3143149614334106,1.3602654888839745,1.3089262620879212,1.3568230362629694,1518473600
2005-02-18,1.2993476390838623,1.3150636991012652,1.290965727085211,1.31326753227858,1163254400
2005-02-22,1.2765966653823853,1.3216495198929556,1.2765966653823853,1.291713504389078,1219293600
2005-02-23,1.3206019401550293,1.3238943137894963,1.2804885390912575,1.298000069935218,1345181600
2005-02-24,1.3310788869857788,1.3367660485792894,1.3131173204786215,1.3243432620754965,1519028000
2005-02-25,1.3319764137268066,1.3457470219993721,1.3200019717506628,1.341406086942533,915510400
2005-02-28,1.3429038524627686,1.3512857667519251,1.3159618423614796,1.3375150507613105,651610400
2005-03-01,1.3321268558502197,1.3503868869920148,1.3219486765620456,1.3467952525956843,468188000
2005-03-02,1.3207508325576782,1.3438011400131014,1.319553887636601,1.3246425272555755,458161200
2005-03-03,1.2510019540786743,1.3294325012119468,1.2339389627943953,1.3282355558446348,1411653600
2005-03-04,1.2815359830856323,1.2875223062277206,1.2527977151291254,1.2800389776389738,756618800
2005-03-07,1.2797399759292603,1.2947076353444018,1.2677656285725143,1.2812361823171634,450632000
2005-03-08,1.2132829427719116,1.2620775104402537,1.200410813218825,1.2542948201126722,1021451200
2005-03-09,1.1779590845108032,1.2057987730682627,1.1623930036551406,1.1866402583774835,1322465200
2005-03-10,1.1923282146453857,1.2052003447643962,1.170475649463218,1.1833477795822285,777109200
2005-03-11,1.2054991722106934,1.2150789264586355,1.1914302008772897,1.2037030057592988,632830800
2005-03-14,1.2069963216781616,1.2210661928105921,1.183048334062274,1.2129834434824531,605385200
2005-03-15,1.2261545658111572,1.2315432640353434,1.2049005328190074,1.2165757125706305,508608800
2005-03-16,1.2327402830123901,1.2665671811832968,1.220766740718244,1.2336388657318138,697813200
2005-03-17,1.264771819114685,1.2836311649880707,1.2369312423439816,1.2432177242751903,801920000
2005-03-18,1.2860263586044312,1.3003954943541076,1.2722556454101752,1.2971022218538393,940150400
2005-03-21,1.3081778287887573,1.316260478554332,1.283032095954388,1.2959042235507878,541128000
2005-03-22,1.2821346521377563,1.3159615634228599,1.27764443464633,1.3084773346956622,551415200
2005-03-23,1.2737524509429932,1.2991974459448312,1.257886312054577,1.270758440150915,609823200
2005-03-24,1.2722556591033936,1.2872233174898664,1.2722556591033936,1.2845293667985416,352704800
2005-03-28,1.2731542587280273,1.286026389152255,1.2713579918163003,1.2797399046024793,275410800
2005-03-29,1.2498035430908203,1.2821343401739473,1.2423202154669457,1.2740515909430383,461356000
2005-03-30,1.281235933303833,1.281235933303833,1.2518992426188174,1.2593834705529492,394959600
2005-03-31,1.2474088668823242,1.2728538597210377,1.2450141780376116,1.2707583321214668,636134800
2005-04-01,1.2240592241287231,1.262676402048957,1.2144803694368291,1.2599816528476249,641284000
2005-04-04,1.2300465106964111,1.236632254672057,1.2022068293013202,1.2270533994721589,580014400
2005-04-05,1.2539945840835571,1.2644720228514819,1.2300465951180295,1.2339383893785714,556239600
2005-04-06,1.2671672105789185,1.2815363486561058,1.2617785090191593,1.2692627390252613,414825600
2005-04-07,1.3039872646331787,1.3096752271503858,1.264772447637736,1.2671671373116469,506987600
2005-04-08,1.3093756437301636,1.330629683420312,1.3033884214169968,1.3081778995067335,649950000
2005-04-11,1.254893183708191,1.3246424231741716,1.2545939225213678,1.321649311704628,821662800
2005-04-12,1.2770451307296753,1.292911272191942,1.2575873547933856,1.2719564906167646,981061200
2005-04-13,1.2285493612289429,1.286923566431324,1.2090915925888777,1.285726621842891,1371946800
2005-04-14,1.1153937578201294,1.1842454167912697,1.1028208904943877,1.1617935325486901,2753192400
2005-04-15,1.0582178831100464,1.1150950242280921,1.0561223542707867,1.0962357642763274,1728087200
2005-04-18,1.0663000345230103,1.0866563909514435,1.0178047318666195,1.0477399447444593,1327177600
2005-04-19,1.110304832458496,1.1207821692385604,1.07378308484847,1.0956364410621162,1081642800
2005-04-20,1.0630067586898804,1.1297628896889504,1.0609113307662925,1.1273682005650791,945131600
2005-04-21,1.1129987239837646,1.1138972067498887,1.0746816114720918,1.0896491632905478,759592400
2005-04-22,1.062707781791687,1.1076114622858666,1.0447470090360726,1.1028211834741943,839129200
2005-04-25,1.107012152671814,1.1082098972485643,1.080968727129697,1.0923437534383509,746460400
2005-04-26,1.0833630561828613,1.1228779225864005,1.0812675284528654,1.1010245619735881,810507600
2005-04-27,1.0761792659759521,1.0884520763448706,1.0630070730159646,1.074382998801233,613888800
2005-04-28,1.0639054775238037,1.087853470943845,1.0549242430792234,1.0863564653093751,575106000
2005-04-29,1.0794713497161865,1.0845607881927184,1.0543255168396668,1.0821652998637428,671630400
2005-05-02,1.09054696559906,1.0971334079395387,1.0782741624236785,1.0839612227002489,465920000
2005-05-03,1.0839613676071167,1.0998275045091557,1.0785734678034051,1.0896493279262125,496739600
2005-05-04,1.1121015548706055,1.1135976612627883,1.0806693317951972,1.0809685930417468,448176400
2005-05-05,1.0980316400527954,1.1156932504193824,1.0917452550462414,1.1150947278935652,387366000
2005-05-06,1.114795207977295,1.117489157998692,1.101324558588005,1.1043177697760533,326247600
2005-05-09,1.1067125797271729,1.1210817136304776,1.1001269348553808,1.115993074197536,355695200
2005-05-10,1.090247631072998,1.1150940955878814,1.087553681712676,1.100126544516725,440263600
2005-05-11,1.0660008192062378,1.0677970859334383,0.9911620343882975,1.0537272125327706,2041981200
2005-05-12,1.0216965675354004,1.0654014944855685,1.0178047728774868,1.0603128548146252,970242000
2005-05-13,1.0408552885055542,1.054625104042831,1.0199005045641287,1.0237922000792354,702713200
2005-05-16,1.064204454421997,1.0686946711850407,1.0336700211987795,1.0345685042005437,474294800
2005-05-17,1.0585166215896606,1.0615106327021417,1.0339694075334267,1.0519309762014444,588344400
2005-05-18,1.0728857517242432,1.1243750687468745,1.0474407541155226,1.0612105672748513,636722800
2005-05-19,1.1240743398666382,1.1279660323959473,1.0710888481582852,1.0710888481582852,793161600
2005-05-20,1.1240743398666382,1.1270683491854276,1.1132977448509496,1.1150939106337077,452650800
2005-05-23,1.1902328729629517,1.1944238299130916,1.1330564815267408,1.1330564815267408,1042574400
2005-05-24,1.1884362697601318,1.1971173418402385,1.1683799756632713,1.18095284190139,593460000
2005-05-25,1.1908310651779175,1.195920504012445,1.1770612529288045,1.1824491536029065,396006800
2005-05-26,1.2195693254470825,1.2255564479283942,1.195621335123171,1.195621335123171,525520800
2005-05-27,1.21418035030365,1.2210661546730943,1.1977165901981697,1.216575938360438,316008000
2005-05-31,1.1902328729629517,1.2195696715342257,1.1848441714318014,1.2171748818142725,404205200
2005-06-01,1.2063981294631958,1.2201679438355602,1.1932259383040058,1.1941245214098535,453812800
2005-06-02,1.1986145973205566,1.206996609815644,1.1854433059038008,1.1989138585579688,373973600
2005-06-03,1.1447304487228394,1.1549086269244826,1.1306614752275785,1.1423357595935129,956869200
2005-06-06,1.1351516246795654,1.1564056653720156,1.1243750236887229,1.1474253310800973,811966400
2005-06-07,1.09384024143219,1.1294634084764232,1.0911462916327992,1.125571714667341,745264800
2005-06-08,1.105215311050415,1.1150942256463645,1.0947379741184706,1.0965341404086433,404006400
2005-06-09,1.127069115638733,1.1357502897316405,1.1022226383483629,1.1076113392016047,390255600
2005-06-10,1.0719878673553467,1.1195845813446499,1.0633058962674284,1.1195845813446499,678932800
2005-06-13,1.0746819972991943,1.0959360384241843,1.0722873080527955,1.0743827360835987,435772400
2005-06-14,1.0776753425598145,1.082165560313873,1.0701919127571426,1.0752805530962974,347846800
2005-06-15,1.1115024089813232,1.1165918493840477,1.086656727164508,1.1037198167738547,563343200
2005-06-16,1.1369472742080688,1.1399404841999365,1.1022219016054584,1.1132977577934864,547674400
2005-06-17,1.1468257904052734,1.1537114947569262,1.1324566587592062,1.1516160671687194,596125600
2005-06-20,1.1258710622787476,1.1402401945292147,1.1210815846758546,1.1330560280850028,323716400
2005-06-21,1.1333553791046143,1.1432342957003814,1.1189862457149342,1.1291644234994005,370526800
2005-06-22,1.1540106534957886,1.1555068592046838,1.1417370504474091,1.1453294829204899,424925200
2005-06-23,1.1641888618469238,1.1908307966526719,1.1570038967786767,1.1623925955998007,674254000
2005-06-24,1.1303616762161255,1.1710744020419888,1.1279669863210149,1.1701758187896008,410709600
2005-06-27,1.1106044054031372,1.140539519007762,1.0980314378646014,1.1028209161529636,600171600
2005-06-28,1.116890788078308,1.1252726998150095,1.1126998322099573,1.1222795881387717,350299600
2005-06-29,1.088752031326294,1.1162925604457241,1.0812678019853286,1.1144962934453433,448358400
2005-06-30,1.1019233465194702,1.1124006873258243,1.086955688247456,1.0959361233382166,418390000
2005-07-01,1.0926425457000732,1.1067124163266358,1.0863561629558305,1.10252146119039,250000800
2005-07-05,1.1369472742080688,1.1420359110506328,1.092642150812284,1.0941391554890822,454269200
2005-07-06,1.1192853450775146,1.1423356495914463,1.113597384401553,1.1288650998750052,394626400
2005-07-07,1.1264702081680298,1.130361002386487,1.1016236416527514,1.1019229027710205,383723200
2005-07-08,1.1450297832489014,1.1459283662714796,1.1216803137393787,1.1336546594352277,290735200
2005-07-11,1.1405397653579712,1.1570044311177345,1.1309609066325363,1.1486225175617775,388788400
2005-07-12,1.1447304487228394,1.1495207262638991,1.1348524310045685,1.1444312874421416,387038400
2005-07-13,1.1480234861373901,1.152513702197452,1.1345521385154758,1.1462272198569208,684835200
2005-07-14,1.219868540763855,1.257587244202512,1.2043025611923515,1.2210663849783006,2096060400
2005-07-15,1.2438172101974487,1.2444156325968747,1.2111872521482654,1.2264540677115148,687682800
2005-07-18,1.242021083831787,1.2602811125737354,1.2384285506251067,1.2396263947615502,586297600
2005-07-19,1.292911171913147,1.2941089162197517,1.229448309631054,1.2429188613292532,671062000
2005-07-20,1.3060823678970337,1.3111719065294796,1.2767456780897317,1.2830321615800007,453395600
2005-07-21,1.295904517173767,1.3183563049607117,1.2842301310908943,1.3081781251926616,404264000
2005-07-22,1.3171589374542236,1.3171589374542236,1.2988981119458556,1.3003951171428219,301106400
2005-07-25,1.3114711046218872,1.3255409764196475,1.3090764156593406,1.316859004907226,294627200
2005-07-26,1.3060823678970337,1.3204515015662954,1.297999717718041,1.3174583900197485,268592800
2005-07-27,1.3168587684631348,1.3192542563576513,1.277344709031503,1.3120692914777397,283749200
2005-07-28,1.3111717700958252,1.317158991768573,1.29620421551523,1.3126679759924829,251311200
2005-07-29,1.2767456769943237,1.3285342505257123,1.265071392889756,1.3039869388950074,562080400
2005-08-01,1.2797399759292603,1.2896180955705117,1.2596828766605166,1.2743512748140198,314249600
2005-08-02,1.292911171913147,1.302190767621363,1.2755488255208665,1.2839307375008324,296875600
2005-08-03,1.2938086986541748,1.2965034481565851,1.2803381485904555,1.2929110150348468,258322400
2005-08-04,1.2785418033599854,1.2872229749683464,1.2659689376896035,1.2839305026709844,269304000
2005-08-05,1.286923885345459,1.297999747243203,1.257886356151907,1.2719563288669566,241931200
2005-08-08,1.2767456769943237,1.2947073438661534,1.2755487321375276,1.2872231161623606,176383200
2005-08-09,1.3117704391479492,1.3138658670475358,1.284529177011461,1.2851275994849065,380839200
2005-08-10,1.2985990047454834,1.328833377407638,1.296503476998005,1.317159093605217,360945200
2005-08-11,1.3171589374542236,1.3207505708679836,1.294707156868005,1.2988981119458556,271983600
2005-08-12,1.3800230026245117,1.3836147352792343,1.297999283646027,1.300993293473716,916036800
2005-08-15,1.427321195602417,1.4467789709957248,1.3905010729547047,1.3913987567275294,1086727600
2005-08-16,1.3845139741897583,1.4219334220201854,1.3833162297161812,1.418640149299352,537622400
2005-08-17,1.4114559888839722,1.4201371633411173,1.3881056170087611,1.3890042001499898,499724400
2005-08-18,1.3860098123550415,1.4069645896593777,1.3695460510520439,1.40427063953229,442559600
2005-08-19,1.3719406127929688,1.3979841266785662,1.3701443464473488,1.3854111615414832,376569200
2005-08-22,1.3731377124786377,1.399481289850616,1.354877684295318,1.3815196235693645,387732800
2005-08-23,1.3692458868026733,1.380023285218885,1.3566730213723608,1.3725391583991866,295604400
2005-08-24,1.3701441287994385,1.4105567678279254,1.3647554305388265,1.365054691641933,572070800
2005-08-25,1.3788257837295532,1.391697912580171,1.3713415556729103,1.3806220504216877,276253600
2005-08-26,1.3692458868026733,1.3872074514410917,1.3578707654370292,1.380621807530336,261058000
2005-08-29,1.3722401857376099,1.3779281472972549,1.3548778392022203,1.3551771004208613,256295200
2005-08-30,1.3940927982330322,1.4006785441507676,1.3746350215709422,1.3767305497667661,518761600
2005-08-31,1.4036723375320435,1.4078632933524982,1.3851122475839315,1.4027737545576888,402956400
2005-09-01,1.3848130702972412,1.412054334741107,1.3797235311940144,1.4069647956378801,356367200
2005-09-02,1.3836151361465454,1.4009782798687558,1.3806219248135043,1.3860098251172912,222378800
2005-09-06,1.4608485698699951,1.4632432587886202,1.3934940221635104,1.3979842387463852,818619200
2005-09-07,1.4572559595108032,1.4788100556409178,1.4345057181100112,1.4683326184349472,963074000
2005-09-08,1.4901853799819946,1.5003635581231058,1.471026867858649,1.4773133514468801,702640400
2005-09-09,1.535987138748169,1.537184883303975,1.4904850359033248,1.4988669496272207,615641600
2005-09-12,1.538681149482727,1.5455669569222148,1.5141347292777652,1.529700812773776,452796400
2005-09-13,1.5213180780410767,1.5353879474170613,1.5063504252792543,1.5273051990979516,492884000
2005-09-14,1.4850966930389404,1.532394249595178,1.4806064762313482,1.5285024552465438,474426400
2005-09-15,1.4928792715072632,1.5021597656056227,1.4767147708960595,1.4967710658271525,415156000
2005-09-16,1.5329934358596802,1.5329934358596802,1.4952748361727022,1.5036567472142528,591004400
2005-09-19,1.5758010149002075,1.5832852434552367,1.52820349155863,1.52820349155863,783731200
2005-09-20,1.5922651290893555,1.6108252153041143,1.584182480278336,1.5862780077271832,819828800
2005-09-21,1.5599346160888672,1.5880743595618105,1.5524512880537027,1.585380409430876,434747600
2005-09-22,1.5536483526229858,1.570712236346785,1.5362860070594384,1.5530498302192057,463727600
2005-09-23,1.5925647020339966,1.601545136034871,1.5518528883059903,1.559635478134867,558457200
2005-09-26,1.6117234230041504,1.6332766259325207,1.5961573430139966,1.6174113846399916,546562800
2005-09-27,1.599749207496643,1.6236980024566472,1.5994499462309284,1.6141183445842409,341703600
2005-09-28,1.5291017293930054,1.58987063392237,1.5144333352265082,1.5886728897593616,1125544000
2005-09-29,1.5668203830718994,1.5743038113235583,1.5210191323022926,1.5335919992005487,636846000
2005-09-30,1.6048388481140137,1.606035793331744,1.5530502589659714,1.56652171302264,531633200
2005-10-03,1.6296848058700562,1.6326780172769673,1.6069337612825811,1.621302894664283,507553200
2005-10-04,1.6090294122695923,1.6569261941425004,1.6057361400598307,1.644951748873596,539459200
2005-10-05,1.5799914598464966,1.6272898065764498,1.5790937763723154,1.6263912238200704,610769600
2005-10-06,1.547662377357483,1.6012463350836794,1.5228158966304026,1.592565159790011,757537200
2005-10-07,1.5356874465942383,1.5545467971416884,1.5132356627496635,1.5482604135727154,677882800
2005-10-10,1.5078474283218384,1.5539480305807787,1.5051526792845686,1.5494569154123197,507505600
2005-10-11,1.5443682670593262,1.5527501765204703,1.5087451018893423,1.5335916690667728,1225884800
2005-10-12,1.4743196964263916,1.5057519050715311,1.4330085738111158,1.4563580346625076,2697486400
2005-10-13,1.6087301969528198,1.6150165810577939,1.4749186649432267,1.4800074046466014,1865575600
2005-10-14,1.616512656211853,1.6269900954312648,1.5802910602989724,1.6174112391611768,1035552000
2005-10-17,1.599749207496643,1.6233988411112217,1.576998956403833,1.6159146116205518,616834400
2005-10-18,1.5629291534423828,1.6150169031120614,1.5626298921627173,1.5940621187163824,609588000
2005-10-19,1.6446524858474731,1.6452510082697163,1.5329935816057279,1.5587378395432991,1008683200
2005-10-20,1.680574893951416,1.6913514941777321,1.6269900548852148,1.6305824881079343,1357762000
2005-10-21,1.6662054061889648,1.70572036703918,1.6572250739056702,1.7015293121597306,796726000
2005-10-24,1.7000325918197632,1.7000325918197632,1.6491426014983626,1.653932079545108,609753200
2005-10-25,1.6793770790100098,1.7018287628593352,1.6671042725493819,1.6883583121032235,465127600
2005-10-26,1.7072170972824097,1.7230822318545285,1.6739886241818662,1.6847652210269717,631593200
2005-10-27,1.6587222814559937,1.7066182587866026,1.6587222814559937,1.7060197364284317,411541200
2005-10-28,1.6305826902389526,1.6892561758222933,1.6216023554709036,1.6775818905042428,769787200
2005-10-31,1.7239817380905151,1.7356560238761798,1.6389646681253753,1.652436120059667,940844800
2005-11-01,1.7212867736816406,1.7404460863369373,1.702427421685712,1.7135041834628317,749686000
2005-11-02,1.7946285009384155,1.7961255063401853,1.72428063796538,1.727873171152887,857060400
2005-11-03,1.8515068292617798,1.865575804739912,1.7982211416939227,1.8039092036395497,884382800
2005-11-04,1.830552101135254,1.833246151991613,1.784750838490188,1.8066032060513506,878035200
2005-11-07,1.8030102252960205,1.84611762146859,1.8003161754056478,1.8215702126499613,638831200
2005-11-08,1.793131709098816,1.8075008379519355,1.769182827942844,1.7946279146496735,473765600
2005-11-09,1.7994188070297241,1.8323471328468899,1.7961256347190842,1.7961256347190842,552930000
2005-11-10,1.8314493894577026,1.8320479118649498,1.7664896242974624,1.815284088608079,665344400
2005-11-11,1.8422259092330933,1.8592890928635788,1.8362386870185174,1.8422259092330933,425448800
2005-11-14,1.8395320177078247,1.8553973568589193,1.8233667179311377,1.8422258679629797,369933200
2005-11-15,1.8643790483474731,1.8883269433584686,1.8398316316188412,1.8440226881062662,536841200
2005-11-16,1.9443063735961914,1.9475987468412836,1.8886259970838644,1.8904223638881215,784515200
2005-11-17,1.931433916091919,1.9721458279937456,1.9233511661248988,1.9634645556474735,676205600
2005-11-18,1.9326305389404297,1.958674952508187,1.9269434778681092,1.955082419761785,524960800
2005-11-21,1.9446048736572266,1.9514897783290737,1.9074847018851695,1.940414018674256,511711200
2005-11-22,1.9913047552108765,1.9984896231886715,1.9314343192991128,1.9410130774531384,540282400
2005-11-23,2.0089666843414307,2.0350101022093465,1.9963939171608378,2.002080978998033,485853200
2005-11-25,2.0757224559783936,2.081708877898021,2.0206406197090336,2.0254309962558152,395012800
2005-11-28,2.0853006839752197,2.1275093802618357,2.067638986869398,2.1170319465099134,1018519600
2005-11-29,2.038602828979492,2.104460482132909,2.016150943006962,2.0951808861851533,891433200
2005-11-30,2.0302212238311768,2.061055026663304,2.0212407878288556,2.0484820565470097,595674800
2005-12-01,2.143376111984253,2.147267805552372,2.0598561793558874,2.0640472339677083,812893200
2005-12-02,2.1742100715637207,2.1775024437830797,2.1164343847675617,2.1634324736176045,895762000
2005-12-05,2.1499626636505127,2.171216706224964,2.1400837454931585,2.1538543586821977,583671200
2005-12-06,2.2167181968688965,2.240067561316237,2.19576332133638,2.213125664134646,857029600
2005-12-07,2.213724136352539,2.2289917506460024,2.1888783667760037,2.222106046407785,679464800
2005-12-08,2.217616319656372,2.2203111693819646,2.1733118710605943,2.191273539087011,790479200
2005-12-09,2.225100517272949,2.2328839066441355,2.1957637260877925,2.2215079838764766,555402400
2005-12-12,2.2424633502960205,2.2556346433400605,2.231985908322906,2.24126630519848,524994400
2005-12-13,2.244558334350586,2.2589274696493016,2.221508125419668,2.240666639417034,493816400
2005-12-14,2.1556506156921387,2.194267007422913,2.1035629713657222,2.171216796947625,1450716400
2005-12-15,2.160738229751587,2.1810945787796014,2.1358916653724593,2.175705880709248,561162000
2005-12-16,2.1287078857421875,2.164331051672137,2.1272108806373327,2.1595414746666557,671171200
2005-12-19,2.136791706085205,2.17331257722895,2.12661362407031,2.1287091526876196,529295200
2005-12-20,2.1586437225341797,2.1667264736977896,2.129007767629837,2.144274586972763,479108000
2005-12-21,2.200254201889038,2.2035473745430476,2.1715159297437348,2.1733120967328867,475736800
2005-12-22,2.2158203125,2.2298902880700227,2.2032475425228335,2.212527939015977,370610800
2005-12-23,2.195762872695923,2.2230041253860326,2.194265867788894,2.22031027594714,229857600
2005-12-27,2.222107172012329,2.2505460881690067,2.2137252577112387,2.2152222636485694,590590000
2005-12-28,2.20235013961792,2.2379733254987504,2.194865909264034,2.2292920499439415,398115200
2005-12-29,2.1388864517211914,2.209833638622804,2.1379879686757497,2.208635794455905,490025200
2005-12-30,2.1520581245422363,2.1682234266361915,2.1056581459700214,2.1227213316642306,624262800
2006-01-03,2.2376744747161865,2.2376744747161865,2.1628357512366194,2.166727447991266,807234400
2006-01-04,2.2442588806152344,2.2744933534951253,2.230188908458019,2.249048258689828,619603600
2006-01-05,2.226597785949707,2.2421637671698447,2.2077384322329348,2.2400682390145223,449422400
2006-01-06,2.2840728759765625,2.2960473201925202,2.2316858815748932,2.2526407592717708,704457600
2006-01-09,2.276587963104248,2.311014280020106,2.2673083711521973,2.296944312302305,675040800
2006-01-10,2.420579433441162,2.451413241511676,2.2700041268565907,2.2825768992683058,2279869200
2006-01-11,2.511582374572754,2.5385234736160234,2.472366671556309,2.5097862080442965,1493794400
2006-01-12,2.523257255554199,2.5864210612219227,2.50320105710316,2.543613614526491,1280809600
2006-01-13,2.56217360496521,2.574746372973451,2.532537651916824,2.5442119368375957,776305600
2006-01-17,2.535830020904541,2.5858223312452013,2.5106842850869877,2.565465973906405,835623600
2006-01-18,2.4693729877471924,2.51607292398549,2.4502144750967583,2.4870354941213417,1200637200
2006-01-19,2.366095781326294,2.4445271906007764,2.35711554783439,2.432253585322893,1695848000
2006-01-20,2.2777857780456543,2.396030379976176,2.270002391746987,2.373280142145918,1134758800
2006-01-23,2.3250844478607178,2.381662285733668,2.2750921532096573,2.2780851640986004,1059730000
2006-01-24,2.276289939880371,2.377472414901329,2.2682071884273305,2.3577143781755545,1142254400
2006-01-25,2.2212088108062744,2.3199955849839635,2.1927697034798577,2.316703012256237,1275786400
2006-01-26,2.165229320526123,2.258029673281748,2.153255674536042,2.2310877707608054,1181387200
2006-01-27,2.156248092651367,2.203246374478872,2.128408316815133,2.1837885074639654,953864800
2006-01-30,2.2451562881469727,2.2930530606103185,2.12152296280151,2.130504194669864,1398401200
2006-01-31,2.260423421859741,2.285269985944941,2.2077372831184183,2.260124260690971,913542000
2006-02-01,2.2577297687530518,2.288862727921243,2.2343801992573193,2.2436605944765686,521186400
2006-02-02,2.158344268798828,2.255933993443122,2.156847263390053,2.2481506044882464,707322000
2006-02-03,2.150859832763672,2.1789995748802613,2.1266125841095738,2.162534915065022,692123600
2006-02-06,2.0146539211273193,2.1706180783706577,1.997890096870436,2.155949782106022,1651767600
2006-02-07,2.0236339569091797,2.0799128190338227,1.9960935475365118,2.0436903421692416,1388830800
2006-02-08,2.059857130050659,2.0679398819610664,1.9757386363518012,2.0502773723903416,953114400
2006-02-09,1.9443063735961914,2.072429952731412,1.9317334046908816,2.068538057802843,1149764000
2006-02-10,2.0149543285369873,2.0257309312794063,1.8829390464569122,1.9511913967337597,1760477600
2006-02-13,1.9371211528778076,1.9981902252926007,1.93502582475975,1.994597691808736,883498000
2006-02-14,2.024832248687744,2.0386028615397085,1.945803303450067,1.9487965152585178,1160938800
2006-02-15,2.0721302032470703,2.0841046474276608,1.998190008837161,2.0104628149196477,1159771200
2006-02-16,2.1125426292419434,2.125714117385973,2.0799136696498275,2.0927857967069237,948175200
2006-02-17,2.104161024093628,2.12212269191697,2.083804866908255,2.1044603852240167,575999200
2006-02-21,2.0679399967193604,2.1194283242925906,2.0559655487801725,2.113141938965103,779606800
2006-02-22,2.134995222091675,2.1454726637838712,2.035609106688847,2.065545225353918,978238800
2006-02-23,2.14786696434021,2.185286306530543,2.138287208262227,2.1490648085509747,856917600
2006-02-24,2.139185667037964,2.181992905604902,2.131402078570063,2.159541822228529,534744000
2006-02-27,2.1251158714294434,2.1589428792901173,2.1149377929905473,2.1550509848133252,791240800
2006-02-28,2.0502769947052,2.167324797166689,2.0386027101252315,2.142778183978251,1266980400
2006-03-01,2.068537950515747,2.0802132350147793,2.036208145889411,2.060754560743426,763817600
2006-03-02,2.0838046073913574,2.095180528769925,2.055665663841915,2.0652452188213273,625273600
2006-03-03,2.027226209640503,2.092785478343637,2.021539149215963,2.0775176655516323,737668400
2006-03-06,1.9601706266403198,2.027225890636691,1.9440061321511486,2.0263282073347346,912665600
2006-03-07,1.9850176572799683,2.0026801617238257,1.94819764148205,1.9685531967375502,872877600
2006-03-08,1.965559959411621,2.0116605682235504,1.9562803651120642,1.9844193084637973,653251200
2006-03-09,1.9137718677520752,1.989808400837515,1.9101801334723787,1.975140104163074,799304800
2006-03-10,1.8916199207305908,1.9305354668125048,1.8694671982116942,1.9173639774282765,1043142800
2006-03-13,1.966159462928772,1.9841209375117959,1.9395175115773946,1.9473001044651803,861187600
2006-03-14,2.0152525901794434,2.0152525901794434,1.9607702789120114,1.968852827280715,642020400
2006-03-15,1.982622742652893,2.036806095471816,1.961368706851067,2.0269271804623905,891996000
2006-03-16,1.9251477718353271,2.002680510365881,1.9248484106882402,2.001183504789894,749638400
2006-03-17,1.9356242418289185,1.9619668105239263,1.9191595868332956,1.9383180911211904,812042000
2006-03-20,1.9155681133270264,1.9595732049982353,1.9119755795375641,1.952389136622123,605441200
2006-03-21,1.8503081798553467,1.9260447226835837,1.8377354161430737,1.8503081798553465,1345366400
2006-03-22,1.8461178541183472,1.8934161115479116,1.8341434093609554,1.8607861492650855,1345895600
2006-03-23,1.8009146451950073,1.853002472603432,1.7844507854113036,1.8506075840236187,1427826400
2006-03-24,1.7949284315109253,1.8242652204983307,1.7670878485381156,1.8036097037802006,1071980000
2006-03-27,1.7814571857452393,1.8374367200027195,1.7781648127104008,1.8066029221094693,1108072000
2006-03-28,1.7575085163116455,1.8003157417291786,1.7437379098932213,1.7850489297866536,1370322800
2006-03-29,1.8658746480941772,1.871562709070487,1.7263761666813993,1.770081889890542,2346834000
2006-03-30,1.8784486055374146,1.894913275561725,1.8419277296080703,1.8805441344293166,1390650800
2006-03-31,1.877550482749939,1.9041932298982263,1.8631813449746368,1.8934166263674843,815357200
2006-04-03,1.8754546642303467,1.919459754668849,1.8742570197737005,1.90598930210007,815791200
2006-04-04,1.8311500549316406,1.862582170604388,1.8275575219442863,1.8589896376170338,931924000
2006-04-05,2.011960029602051,2.011960029602051,1.9203573206551294,1.937121144570975,2233408800
2006-04-06,2.1326000690460205,2.1568473206931453,2.041595886803148,2.044589897700243,2663768800
2006-04-07,2.0891926288604736,2.1317006912425294,2.049677776757006,2.1233187831964075,1545238800
2006-04-10,2.0556657314300537,2.1233195421318927,2.0490799870056917,2.1041608312241826,903515200
2006-04-11,2.035309076309204,2.0745245756539505,2.0077684584183313,2.0652449823517025,939316000
2006-04-12,1.9969916343688965,2.0406975446583635,1.9847180321839881,2.035908167939157,739894400
2006-04-13,1.9898077249526978,2.0188443477668345,1.9700498957564332,1.9859160313231305,734678000
2006-04-17,1.940114974975586,2.0008838809728156,1.9263443640173499,1.9910049644158203,721938000
2006-04-18,1.9823235273361206,1.9898077534946677,1.9395162956802539,1.9469995226363552,794844400
2006-04-19,1.9652612209320068,2.0056737778679885,1.959872320453648,2.0002858765924176,1086033200
2006-04-20,2.0245330333709717,2.095480025056408,1.981725589255592,2.080811728829988,1666982800
2006-04-21,2.006870985031128,2.0547677602559764,1.9898080024129021,2.0412965111982646,788986800
2006-04-24,1.9682531356811523,2.0032779716560936,1.9607699103301526,2.001182444736514,707028000
2006-04-25,1.980826497077942,1.993399261451642,1.9625664722962066,1.974540114891092,529062800
2006-04-26,2.040099620819092,2.043990515923546,1.9877126251199593,1.9951960534187012,710886400
2006-04-27,2.0763208866119385,2.091288339633782,2.0161503145902833,2.0275264342041726,845947200
2006-04-28,2.107154607772827,2.134395865592405,2.071531639683149,2.0769195394159268,760037600
2006-05-01,2.083505868911743,2.1415809391264053,2.0703345764006262,2.1185305277500794,750380400
2006-05-02,2.143975257873535,2.1547518589005343,2.098773126009537,2.0999701708515746,771663200
2006-05-03,2.129606008529663,2.1538540589739554,2.1008685405686114,2.150261525757896,686991200
2006-05-04,2.1293060779571533,2.1819922162128598,2.1092496898854223,2.1319999273344767,860420400
2006-05-05,2.1520581245422363,2.1628347261508036,2.1299053996690223,2.1511602409419823,563911600
2006-05-08,2.1520581245422363,2.209234504882467,2.14696938472544,2.1849872511834656,594851600
2006-05-09,2.1263134479522705,2.1721146952415444,2.1140396433368105,2.149962174556593,531666800
2006-05-10,2.1134414672851562,2.1352938290340586,2.0838047175015664,2.1340961847578317,459888800
2006-05-11,2.040099620819092,2.1206255619200176,2.0221379540503004,2.1191285565154225,812688800
2006-05-12,2.026628255844116,2.0562642078926374,2.001482520835462,2.0311184728839833,641774000
2006-05-15,2.029322385787964,2.0469846928775137,2.0092659889637074,2.016749417869846,529177600
2006-05-16,1.9452039003372192,2.0430929935492688,1.9383189938800753,2.038602776343139,936740000
2006-05-17,1.9535857439041138,1.9667580331274985,1.9179625692768396,1.9371210818167657,754194000
2006-05-18,1.8913203477859497,1.9835215625110554,1.8895241812964005,1.9661584199382385,658442400
2006-05-19,1.9311349391937256,1.9422107017954962,1.880543306473299,1.8937153964065485,985866000
2006-05-22,1.8973067998886108,1.9155676263123151,1.8790467728269529,1.91197509343622,718975600
2006-05-23,1.8904215097427368,1.951489560191651,1.8859312942028634,1.9416114457167772,694414000
2006-05-24,1.896109938621521,1.905389733513323,1.842824459468492,1.8856326992687045,916031200
2006-05-25,1.925745964050293,1.9293384974126273,1.8946130063830124,1.9236506360031174,463372000
2006-05-26,1.9023964405059814,1.932630712807589,1.8901228351471533,1.9251474846090988,432950000
2006-05-30,1.8326475620269775,1.8949126885484235,1.8326475620269775,1.894613327370889,563402000
2006-05-31,1.7892407178878784,1.849710267647619,1.7569099154833623,1.848811784570839,1280977600
2006-06-01,1.8610856533050537,1.8643790259009532,1.7817567407418962,1.7916356594861735,942508000
2006-06-02,1.845818042755127,1.8889246344831558,1.8224684806953944,1.8856322624995705,685787200
2006-06-05,1.7961252927780151,1.830551416912178,1.7952276092290642,1.830551416912178,605785600
2006-06-06,1.7877432107925415,1.814984466630492,1.7634959651146187,1.802710663666363,726037200
2006-06-07,1.753018856048584,1.808099900278572,1.746732472707658,1.7991194668432624,750506400
2006-06-08,1.8188766241073608,1.8239651636979892,1.7108092566587154,1.7494264420058074,1397482800
2006-06-09,1.7733746767044067,1.8428246646095705,1.769183620624312,1.8314495404852584,775838000
2006-06-12,1.706318974494934,1.7880427597302797,1.7051221295652381,1.7781646423693067,717785600
2006-06-13,1.7461328506469727,1.7691830521594616,1.717095428086703,1.7245794543964288,1080643200
2006-06-14,1.7245798110961914,1.7596046617890206,1.6970393879420915,1.7446370057547436,878136000
2006-06-15,1.7775647640228271,1.7883413610289038,1.698835214089437,1.7152996704581023,1190383600
2006-06-16,1.723082423210144,1.7718778743299184,1.7218855785401723,1.7649921705482277,838101600
2006-06-19,1.7123064994812012,1.7416432942027062,1.7063192761662627,1.7311658532421283,704575200
2006-06-20,1.7203885316848755,1.7467321034161447,1.7149998331138092,1.7245793864126273,672974400
2006-06-21,1.7320640087127686,1.7575091034653338,1.7153001862837969,1.7284716754034775,863296000
2006-06-22,1.783552646636963,1.7886421855320616,1.7383507146956094,1.7422416100265177,965633200
2006-06-23,1.7611006498336792,1.8012150387370265,1.7581076382430736,1.7877435888916429,660203600
2006-06-26,1.7658907175064087,1.7721770998992359,1.7473305317056707,1.771278617042061,466536000
2006-06-27,1.7191905975341797,1.7727754216227622,1.718292914140532,1.7688837282995442,550611600
2006-06-28,1.6769822835922241,1.715300104039705,1.6587222560148147,1.7150001434233992,850704400
2006-06-29,1.765291690826416,1.7688842239719327,1.6880589228554497,1.6991348841981158,873398400
2006-06-30,1.7144017219543457,1.7287708555075396,1.6913515158235022,1.7239814773906899,739695600
2006-07-03,1.7347580194473267,1.74164292511935,1.7164971920471044,1.721885891729158,194770800
2006-07-05,1.706318974494934,1.724280641264189,1.6931476850524017,1.7108091913467185,518240800
2006-07-06,1.6694989204406738,1.7182933818928228,1.6647086431376856,1.7090137871174005,633208800
2006-07-07,1.6584223508834839,1.692848580245388,1.6365697882807781,1.660817839387541,799360800
2006-07-10,1.6464484930038452,1.6910519955863157,1.6314809383951252,1.6674032692965635,529345600
2006-07-11,1.6659064292907715,1.6760846072429751,1.6323787838965242,1.6497411289809103,825022800
2006-07-12,1.5853803157806396,1.653632643933798,1.584182571694294,1.6515371163640276,927329200
2006-07-13,1.5641260147094727,1.620105556895043,1.538980274783983,1.5575403684246374,1249906000
2006-07-14,1.5168284177780151,1.5832852960046782,1.501561598215436,1.5716101109023182,993036800
2006-07-17,1.5677180290222168,1.5898705494458354,1.5461647303691752,1.548559419205868,1024542400
2006-07-18,1.5835840702056885,1.6120221724749977,1.5521518576706812,1.5913666585712718,1000448400
2006-07-19,1.6195063591003418,1.6488431433681368,1.5674186339441383,1.5853801975683457,1390743200
2006-07-20,1.8110928535461426,1.843722813138389,1.7877434875566887,1.8248636637221722,1972146400
2006-07-21,1.8176789283752441,1.8305518574503443,1.7853491233592298,1.7907378238763387,891892400
2006-07-24,1.8386328220367432,1.8589889695389132,1.8089968835878925,1.8338432460694096,722856400
2006-07-25,1.8539012670516968,1.8586906453351781,1.8194749377720085,1.8494110500504644,589069600
2006-07-26,1.9119744300842285,1.935024826050955,1.8464161734946138,1.8559959247730242,898427600
2006-07-27,1.897905707359314,1.9464009937123838,1.8817402122273548,1.930834020781881,735044800
2006-07-28,1.9634649753570557,1.9661590260814144,1.9008998888999222,1.914071181028975,691507600
2006-07-31,2.0344114303588867,2.0544676224681635,1.9841197707497908,2.0005844294487996,892841600
2006-08-01,2.0110621452331543,2.0335130291244363,1.9739419676364716,2.0122589901347503,711765600
2006-08-02,2.040398359298706,2.055964333052875,2.0209396930631853,2.0251305475231898,550768400
2006-08-03,2.0832064151763916,2.0954800220982754,2.0299217308833892,2.0329149426077646,841044400
2006-08-04,2.0445902347564697,2.053869831534308,1.9446056020638562,2.00717088774962,1852866400
2006-08-07,2.011960029602051,2.0835055424597826,1.9850179270737804,2.0272268479990543,1245512800
2006-08-08,1.939215898513794,2.00896601608011,1.9311341502794084,2.008366694526367,997864000
2006-08-09,1.90359365940094,1.9637640537667893,1.8979065966996282,1.9586755135473957,955838800
2006-08-10,1.917962908744812,1.940115436146295,1.8769518261131275,1.8934164911146227,697760000
2006-08-11,1.9053900241851807,1.9197591600688722,1.873359179328779,1.8928170552670207,777529200
2006-08-14,1.9140702486038208,1.9523882603536797,1.9038929728525023,1.9173634197528375,717620400
2006-08-15,1.9892088174819946,1.9907058228762946,1.9398158329317445,1.9559803337098418,861352800
2006-08-16,2.03501033782959,2.037704388342768,1.9856173467355946,2.00866775563642,781284000
2006-08-17,2.023336172103882,2.0553668178916484,2.011062564050855,2.0356089807946445,581148400
2006-08-18,2.032914876937866,2.047583172669744,2.0134570029525016,2.0269276543203314,536354000
2006-08-21,1.9925025701522827,2.0149544601607716,1.9802289608753745,2.0146542996004397,526226400
2006-08-22,2.024233818054199,2.0451886997505557,1.990706167212479,1.9960948679786796,576968000
2006-08-23,2.0149543285369873,2.055067727244058,2.003877565253844,2.0356090508053817,536258800
2006-08-24,2.0299220085144043,2.041297133889319,1.9838213857677387,2.0323166981257534,655191600
2006-08-25,2.058061361312866,2.067041598985342,2.01495474166444,2.015852425702644,543958800
2006-08-28,2.0050747394561768,2.0538691963471827,1.9960943067860453,2.0505768240066153,738161200
2006-08-29,1.990106463432312,2.0134560207284626,1.9493939690154702,2.0053732741377956,947332400
2006-08-30,2.0044760704040527,2.030220321897389,1.9960941606637481,2.015851191027944,680142400
2006-08-31,2.031118392944336,2.044589842895886,1.9954952197906455,2.014055408991966,574697200
2006-09-01,2.0469846725463867,2.0550674231681048,2.030220848715763,2.049977884206677,408494800
2006-09-05,2.139784812927246,2.1403833355191364,2.052073974973642,2.064646746374707,1012457600
2006-09-06,2.096376419067383,2.1460695385340047,2.0864983068547778,2.1278085201693804,974103200
2006-09-07,2.1792986392974854,2.1996549923087363,2.102963764348932,2.113441202005656,1267957600
2006-09-08,2.1709177494049072,2.2023500771473077,2.1526569153110704,2.1963628529065105,895921600
2006-09-11,2.1703197956085205,2.20713983206453,2.137988979052688,2.168224266768009,949124400
2006-09-12,2.1742100715637207,2.198756480043471,2.138886065137854,2.1795979712545335,1684687200
2006-09-13,2.2212088108062744,2.224801144343153,2.1643315953561384,2.180796057719087,1146138000
2006-09-14,2.220311164855957,2.235278621992497,2.1990561247202716,2.2068397140230624,801729600
2006-09-15,2.2182154655456543,2.2445580441855606,2.193967415473355,2.2331829215258168,981853600
2006-09-18,2.2119297981262207,2.240966638779693,2.194267485320748,2.209235147339081,705278000
2006-09-19,2.20833683013916,2.225998338518246,2.1792991984489807,2.2182157480283604,710049200
2006-09-20,2.252939462661743,2.265512426692715,2.221806513549114,2.2265968897835,822791200
2006-09-21,2.2346787452697754,2.276888454723388,2.215819398244885,2.252640408799182,794124800
2006-09-22,2.185286045074463,2.2253994328167126,2.1727132786981613,2.2242015887492625,665112000
2006-09-25,2.267608404159546,2.2709015761439177,2.206839498934007,2.209533349188836,858992400
2006-09-26,2.323288917541504,2.3283776573887955,2.278085983605039,2.2804808727948735,1102948000
2006-09-27,2.287365436553955,2.319096903109903,2.2697029377592757,2.310115673452271,810373200
2006-09-28,2.305326461791992,2.31939643098008,2.2735951900595808,2.305625822838547,723609600
2006-09-29,2.304429531097412,2.3205940336892508,2.2954482970859837,2.3083212259738874,405812400
2006-10-02,2.2409660816192627,2.2712011590539407,2.224202056524331,2.24815094928932,712639200
2006-10-03,2.217616319656372,2.243660538454133,2.1909743777937805,2.228693081287082,790708800
2006-10-04,2.256533145904541,2.2589278356418547,2.1900763590019343,2.2182161117016657,829082800
2006-10-05,2.2400684356689453,2.279882674753083,2.2191137517978143,2.231088199450886,683883200
2006-10-06,2.2218072414398193,2.2463546552951574,2.2095336344324252,2.227794464292475,466958800
2006-10-09,2.2340800762176514,2.247551321774655,2.201150764537011,2.209233511871213,438222400
2006-10-10,2.20953369140625,2.2325839004616856,2.1876811267927763,2.231387055381941,531588400
2006-10-11,2.192172050476074,2.2146239441454103,2.1733126916089494,2.1978601140058815,571855200
2006-10-12,2.252939462661743,2.256831356081487,2.203246528467456,2.2035464890334655,592855200
2006-10-13,2.2457571029663086,2.3014365009832916,2.2373751871923435,2.264017141352082,684196800
2006-10-16,2.2571310997009277,2.271500233706968,2.2388702711114403,2.2508447159835865,508692800
2006-10-17,2.223902940750122,2.2532397354663605,2.2164195111294864,2.246354828336546,480925200
2006-10-18,2.2310876846313477,2.25623341937872,2.2125274948923987,2.237673229639771,1133907600
2006-10-19,2.3645994663238525,2.3933377406759884,2.339753886616622,2.372682218395717,1512977200
2006-10-20,2.3933370113372803,2.3945348554047987,2.3550199900129836,2.364000423230558,639413600
2006-10-23,2.438540458679199,2.451711750224497,2.387350299736024,2.3945353672718634,832507200
2006-10-24,2.426266670227051,2.445126022259922,2.400821572991754,2.4310560487590287,463212400
2006-10-25,2.4451258182525635,2.4547045745173217,2.42506862365879,2.435246701671817,485214800
2006-10-26,2.460392475128174,2.472666080134513,2.4286609985447107,2.451711203247744,432756800
2006-10-27,2.407107353210449,2.468175406313298,2.395132911675805,2.44722053330863,594966400
2006-10-30,2.407406806945801,2.4217759386929676,2.3798663874314467,2.3945346804128533,499917600
2006-10-31,2.427163600921631,2.445125263647951,2.4017185115807966,2.43824035928383,501474400
2006-11-01,2.3696887493133545,2.436145726767633,2.3457400567223354,2.4277638142571387,611192400
2006-11-02,2.364299774169922,2.374477852431064,2.3499306402198545,2.3625036074460968,465483200
2006-11-03,2.343644142150879,2.3807643197767665,2.3286764865305325,2.3756755806553413,431888800
2006-11-06,2.386152982711792,2.3966304214205962,2.347834961571921,2.363401938685727,434576800
2006-11-07,2.4101016521453857,2.4247701510243873,2.398726526129505,2.408305484955232,525932400
2006-11-08,2.4681761264801025,2.4753601939756247,2.3915410771810883,2.3954327718153703,690916800
2006-11-09,2.494818687438965,2.5352312374586905,2.458297032411347,2.4816465990149883,923053600
2006-11-10,2.488232135772705,2.5026012688869623,2.4696729464159177,2.501105062892408,373864400
2006-11-13,2.5250535011291504,2.528046712894461,2.4738641442793643,2.4912264911469006,450674000
2006-11-14,2.544511318206787,2.544511318206787,2.511582989342007,2.5385240949797487,588954800
2006-11-15,2.51607346534729,2.571453687160998,2.5145764595462117,2.5460085853543064,655323200
2006-11-16,2.562772274017334,2.5834279953160015,2.53313631696245,2.540619746839011,693940800
2006-11-17,2.569956064224243,2.572650913827756,2.5445109685278027,2.5487020242107743,466424000
2006-11-20,2.5885164737701416,2.604382615714368,2.550498604540583,2.5564858279157625,570794000
2006-11-21,2.6522793769836426,2.6522793769836426,2.6076751628064048,2.616955558785673,622666800
2006-11-22,2.7034690380096436,2.7166403312459417,2.6298279816094143,2.6639541590978144,671941200
2006-11-24,2.742983102798462,2.7863896644147426,2.6792209848915043,2.680118668541037,518677600
2006-11-27,2.680417776107788,2.788784297581711,2.6792209312125665,2.769326625170934,1074836000
2006-11-28,2.7483723163604736,2.7531616953378033,2.691494294312962,2.704965746630444,1036173600
2006-11-29,2.7480714321136475,2.788484979060724,2.701671662622823,2.783994762591504,1157083200
2006-11-30,2.743880271911621,2.7744146997446775,2.72591940803003,2.760344930044386,870486400
2006-12-01,2.73370361328125,2.7639378875333147,2.697181756270066,2.748071748081338,795079600
2006-12-04,2.7277164459228516,2.755556031603687,2.7091562558410365,2.7504674919530463,709536800
2006-12-05,2.7322065830230713,2.763937862436222,2.7202321382623853,2.7435817060241225,662838400
2006-12-06,2.689099073410034,2.7357988065796137,2.6843096953791714,2.7133471232360704,638184400
2006-12-07,2.605579137802124,2.709156083000511,2.601388082280589,2.6950863107330267,1004827600
2006-12-08,2.642101287841797,2.6759283000912797,2.60438258045114,2.6112674875582425,784277200
2006-12-11,2.656769037246704,2.673233698068954,2.6358143595611065,2.6612592539505737,499780400
2006-12-12,2.5786373615264893,2.659462647719253,2.5603765371050264,2.6525777431703155,1026620000
2006-12-13,2.6657495498657227,2.666348072248904,2.6088723374970004,2.6328204270832747,857052000
2006-12-14,2.6507816314697266,2.6941883888688936,2.6421005597666056,2.6657492858992926,832330800
2006-12-15,2.6259360313415527,2.6708396073217715,2.6142615452327553,2.6648523839215152,739939200
2006-12-18,2.5585811138153076,2.6343176837744493,2.5322375332996567,2.623241721260325,721576800
2006-12-19,2.583726167678833,2.594802127267594,2.503200240422577,2.5364279193483643,911405600
2006-12-20,2.537327289581299,2.594503673570196,2.536728767089786,2.58851645024942,567691600
2006-12-21,2.4816462993621826,2.5588796563474303,2.4606914242816234,2.535530292403692,903599200
2006-12-22,2.4606916904449463,2.515773533397529,2.4427308237828522,2.498410389733636,613303600
2006-12-26,2.4400365352630615,2.4717688166013665,2.4214771434943527,2.4591958483644754,490688800
2006-12-27,2.4403364658355713,2.4547048014012782,2.298143121304916,2.339453360039817,1935754800
2006-12-28,2.420877695083618,2.4322536168888345,2.38435683939801,2.401419822823478,1119876800
2006-12-29,2.539721965789795,2.556485791319188,2.4954177124910877,2.5130792218327738,1076429200
2007-01-03,2.5085887908935547,2.5918095888161905,2.451711573363958,2.5831283156252147,1238319600
2007-01-04,2.5642693042755127,2.5729503781028997,2.5091874511915147,2.5160731574483393,847260400
2007-01-05,2.5460078716278076,2.580433399865749,2.5265501989582844,2.567561271895109,834741600
2007-01-08,2.5585811138153076,2.59031259533672,2.5528930523069446,2.5732494100143684,797106800
2007-01-09,2.7711215019226074,2.783395105181673,2.5490005979380044,2.5879171349141505,3349298400
2007-01-10,2.9037363529205322,2.927684240316989,2.797465366883059,2.8363817080849105,2952880000
2007-01-11,2.867814302444458,2.8971510939175675,2.8468596226841303,2.872005358300849,1440252800
2007-01-12,2.8324899673461914,2.8456612552371134,2.790879576928009,2.831591284592008,1312690400
2007-01-16,2.9067306518554688,2.911220870241362,2.8573378499294475,2.8642227581955386,1244076400
2007-01-17,2.8423678874969482,2.9216967690130393,2.838476993119117,2.9204999243068843,1646260000
2007-01-18,2.666348457336426,2.7573526497593583,2.665749934866803,2.757053288604268,2364605600
2007-01-19,2.649285316467285,2.6837116500506126,2.6379101919010743,2.6531772113905467,1364473600
2007-01-22,2.5980963706970215,2.669043572623395,2.563970194826544,2.6684442507319552,1454026000
2007-01-23,2.5654661655426025,2.619649335979979,2.5597791029151487,2.5663646486957767,1207424400
2007-01-24,2.5954017639160156,2.608872213949454,2.5768415757004925,2.5948024421991023,927813600
2007-01-25,2.581930160522461,2.649284604913877,2.5753444166072725,2.6076744140236072,905973600
2007-01-26,2.555887222290039,2.6154584942110235,2.544212137088164,2.6076751040764403,986874000
2007-01-29,2.572650671005249,2.5939047090126315,2.5603768662350226,2.583427270634661,901664400
2007-01-30,2.560976505279541,2.58911626035316,2.551996068285994,2.5873200930182096,577970400
2007-01-31,2.5663647651672363,2.5744475167825693,2.5250537229400294,2.540320543136176,856069200
2007-02-01,2.536729097366333,2.5825295631683103,2.536729097366333,2.5813327178700227,664342000
2007-02-02,2.53702712059021,2.5519945734256297,2.5055948101622265,2.518167774301517,621530000
2007-02-05,2.5127804279327393,2.5513976241153884,2.5127804279327393,2.5235570317484375,578852400
2007-02-06,2.5190656185150146,2.5286453724752285,2.4804492400129,2.528046050821252,864393600
2007-02-07,2.578936815261841,2.585821720058208,2.5011047371257136,2.5289445167374023,1066825200
2007-02-08,2.579834461212158,2.5897133761880164,2.5567842591233045,2.5573825815620657,679030800
2007-02-09,2.492722749710083,2.580432940878452,2.4909265833804977,2.570853986642136,860540800
2007-02-12,2.540919303894043,2.549899737357925,2.503499765311741,2.5274478543361245,724071600
2007-02-13,2.535531520843506,2.5531930330516484,2.5235570723211143,2.549302136644256,580986000
2007-02-14,2.5534920692443848,2.5636695474410764,2.53163870860346,2.533435075072005,507981600
2007-02-15,2.5507969856262207,2.563070588988932,2.537924859996526,2.5576826895431424,363661200
2007-02-16,2.5394232273101807,2.5567855782189954,2.534333686985533,2.55199599863046,399868000
2007-02-20,2.571453094482422,2.579236483683057,2.519365258265468,2.5340337534568977,617702400
2007-02-21,2.6702401638031006,2.6789212376568248,2.5732495472246817,2.573848069696871,1155313600
2007-02-22,2.6795198917388916,2.718435433485595,2.6501833050873427,2.7181362722443323,838224800
2007-02-23,2.666348457336426,2.704367124192312,2.659762711765001,2.6690433072539093,517893600
2007-02-26,2.649585008621216,2.694189427383156,2.622643699880301,2.6893990486997223,615848800
2007-02-27,2.512479782104492,2.6067763162422986,2.496913806596847,2.583426953299849,1145813200
2007-02-28,2.5328369140625,2.56247286829091,2.484640968377635,2.484640968377635,919475200
2007-03-01,2.60617733001709,2.643596653022487,2.507090444712378,2.515472352282181,1415528800
2007-03-02,2.5567846298217773,2.620547545617317,2.5507974077562228,2.597497140345978,860000400
2007-03-05,2.5840258598327637,2.65377520289282,2.567262036634036,2.5711539310716685,838899600
2007-03-06,2.640005588531494,2.643598122115614,2.6163568574152025,2.628330503864895,723186800
2007-03-07,2.6259360313415527,2.663355378230884,2.617853279751207,2.635814949951975,626284400
2007-03-08,2.63431715965271,2.6558703581119283,2.6181516612867726,2.651979463422901,511011200
2007-03-09,2.633420705795288,2.6597632941680565,2.6163575158999746,2.658267087586657,451836000
2007-03-12,2.6902968883514404,2.693889421703812,2.63401819570928,2.636412884876631,729408400
2007-03-13,2.646292209625244,2.712149664107031,2.646292209625244,2.6765264866801934,867890800
2007-03-14,2.6941890716552734,2.6941890716552734,2.63192314981829,2.652279308886513,796586000
2007-03-15,2.6813161373138428,2.70496486234669,2.6735325496978244,2.6929904196151226,559498800
2007-03-16,2.6819145679473877,2.6938890111619576,2.673832018618061,2.6804175627050593,571704000
2007-03-19,2.728015422821045,2.740588389497444,2.681914811461617,2.701372683930518,712961200
2007-03-20,2.738492727279663,2.7492693269411106,2.7259197612206196,2.7346010330726567,488916400
2007-03-21,2.810039520263672,2.813931216257729,2.7435827260186474,2.75376080800865,686896000
2007-03-22,2.812732219696045,2.8247064633130954,2.783994754440966,2.80584731438897,561492400
2007-03-23,2.799560546875,2.8160252057023936,2.79297500308884,2.7944720082627836,450884000
2007-03-26,2.8693106174468994,2.870807623007235,2.7929757239838997,2.813631243235837,864987200
2007-03-27,2.857635974884033,2.898647047594391,2.8438653639838467,2.8651194030256026,932052800
2007-03-28,2.791179656982422,2.855840471976799,2.7884858060786564,2.8402734909789777,942337200
2007-03-29,2.806445360183716,2.8196176463693563,2.7609442780956934,2.8196176463693563,725723600
2007-03-30,2.7813010215759277,2.834287355623204,2.7765116419514344,2.8223129073590116,600558000
2007-04-02,2.803452730178833,2.8214133968330124,2.7845933807102576,2.8181210242808277,501992400
2007-04-03,2.828897476196289,2.8507500358173274,2.8067449559717645,2.81812087692675,583934400
2007-04-04,2.8220126628875732,2.848056078663613,2.817821607603658,2.8420688568294485,476784000
2007-04-05,2.8342864513397217,2.8342864513397217,2.799560962133968,2.8175226287995594,355516000
2007-04-09,2.803452730178833,2.852845512720292,2.785191703224445,2.850151662522814,413341600
2007-04-10,2.821413278579712,2.8217134390268206,2.796267546955712,2.8040509351674245,352466800
2007-04-11,2.7717220783233643,2.812433800834787,2.763938487627769,2.810936795060551,549018400
2007-04-12,2.759746789932251,2.7633393229189265,2.7157417080944044,2.755256573340071,656675600
2007-04-13,2.7013731002807617,2.736098594427107,2.6959851990361017,2.7211309364239704,719941600
2007-04-16,2.7369959354400635,2.7390914632534256,2.7016719232506987,2.7112516788094565,609033600
2007-04-17,2.7046658992767334,2.7630401171400387,2.685207426974574,2.754058884088753,751920400
2007-04-18,2.7061619758605957,2.719633425112024,2.6822140872215763,2.698977909029669,464044000
2007-04-19,2.702270746231079,2.731607530681694,2.6890986597092343,2.699875258222077,425913600
2007-04-20,2.723226547241211,2.729512931819042,2.710653578244986,2.720831058417278,522779600
2007-04-23,2.799262523651123,2.8079435984332792,2.736697434161632,2.7417859748425264,780290000
2007-04-24,2.791179656982422,2.8854764290485075,2.7331047878622656,2.812733062139976,1055252800
2007-04-25,2.8543429374694824,2.8558401428585865,2.8079431595645556,2.820815288972319,1187144000
2007-04-26,2.95881724357605,3.0683806038583064,2.9426519446879578,3.040840183164215,1737778000
2007-04-27,2.991147756576538,2.992046239674883,2.924392420806881,2.93906071694089,699403600
2007-04-30,2.9875550270080566,3.023477352526439,2.9836633334966383,2.996236097467952,616509600
2007-05-01,2.9776763916015625,3.0040199656903517,2.950135972764757,2.981268924250601,532523600
2007-05-02,3.005216598510742,3.0097068143642676,2.9776761816160846,2.983064880289382,505145200
2007-05-03,3.0055160522460938,3.0369481637115827,2.993841570603084,3.015394967077579,576077600
2007-05-04,3.017789840698242,3.0414385661706183,3.008510246930308,3.017490479624389,381987200
2007-05-07,3.1108908653259277,3.1237627974806874,3.0237783543327534,3.0258736829046224,861557200
2007-05-08,3.145015239715576,3.1477092893173717,3.095920827018158,3.097417832104357,783997200
2007-05-09,3.1994988918304443,3.2018935812364995,3.1399270210237415,3.140526342857069,717757600
2007-05-10,3.2132680416107178,3.2581716061836605,3.170759965311032,3.192014003460875,1197257600
2007-05-11,3.2551777362823486,3.2668530192921486,3.1965043582127475,3.225242624794527,653696400
2007-05-14,3.2737374305725098,3.2928959389989316,3.240508952246843,3.281520818176347,651946400
2007-05-15,3.2186572551727295,3.2988840427622046,3.187524295950062,3.2800246905116506,954514400
2007-05-16,3.2132680416107178,3.257872444930214,3.0959212905443443,3.2488912124302822,1126767600
2007-05-17,3.276132106781006,3.289005032065598,3.207580622160741,3.207580622160741,735291200
2007-05-18,3.2934958934783936,3.312055883188181,3.2860116656576768,3.299782277141214,621345200
2007-05-21,3.3521687984466553,3.3662377698510166,3.2943931098379196,3.302176497833219,639892400
2007-05-22,3.3988680839538574,3.4051546672246817,3.3530670334524366,3.36743596696184,572409600
2007-05-23,3.3794105052948,3.4425741021440377,3.370429272119875,3.413237512092884,911374800
2007-05-24,3.3135528564453125,3.426409426589077,3.303974097775054,3.377016828889398,887362000
2007-05-25,3.401263475418091,3.406052854174909,3.337800509839968,3.352768167777387,632959600
2007-05-29,3.42311692237854,3.4383835421566613,3.3734237692446976,3.4261101342935687,645694000
2007-05-30,3.5554308891296387,3.5587234617705588,3.3985692592845522,3.421619266176332,1478444800
2007-05-31,3.627873420715332,3.6572100041677316,3.578480446333438,3.5943457825751683,1297066400
2007-06-01,3.5443546772003174,3.6278748439479327,3.541062503730343,3.6251805934488317,885262000
2007-06-04,3.632063627243042,3.6440380677295043,3.5293851981571724,3.551238552044966,886673200
2007-06-05,3.6721787452697754,3.672777867226563,3.6072189770811494,3.6344600412631243,920785600
2007-06-06,3.70121693611145,3.7134907459461677,3.6506264894199565,3.6611037322805933,1112241200
2007-06-07,3.714087963104248,3.820059803433333,3.6877453830270452,3.7416295864112317,1915079600
2007-06-08,3.7266616821289062,3.766775679319931,3.6608038233021416,3.7664755187869714,1241682400
2007-06-11,3.5979394912719727,3.7763543482988493,3.5784818149987347,3.7718643305256316,1874258400
2007-06-12,3.6036274433135986,3.6434416797068074,3.5416608799405824,3.572793642372069,1426566400
2007-06-13,3.5174124240875244,3.627873867037818,3.454548194761032,3.6266768223750203,1721353200
2007-06-14,3.5548317432403564,3.575786222149589,3.4850822014327947,3.5084315692873256,973266000
2007-06-15,3.6072182655334473,3.6123074038729954,3.5880595561714563,3.6108105984790106,811218800
2007-06-18,3.744622230529785,3.7473160805777965,3.668287153279086,3.6904386742302644,910604800
2007-06-19,3.701815366744995,3.7422279198791895,3.679363681883057,3.732648363807503,943026000
2007-06-20,3.6386516094207764,3.731751337673132,3.6371552032019734,3.7081026038162035,897512000
2007-06-21,3.709000825881958,3.720675913595728,3.613806354918456,3.6431429554521833,867045200
2007-06-22,3.6820578575134277,3.7254644254343807,3.663497865666561,3.707502756213755,631876000
2007-06-25,3.6623001098632812,3.744622412739771,3.623982289311395,3.7176803138195336,965403600
2007-06-26,3.581773042678833,3.7119923167028754,3.5539332611751724,3.7113935945337206,1345005200
2007-06-27,3.6488277912139893,3.653318206823411,3.570098235614569,3.6105107770564775,974696800
2007-06-28,3.609015464782715,3.6667909704808546,3.5922516392538673,3.6628992753428244,838143600
2007-06-29,3.653319835662842,3.7119934267427945,3.6248817231668724,3.6512243074441497,1137841600
2007-07-02,3.629969596862793,3.65481576901919,3.571296019789983,3.623683013707513,994862400
2007-07-03,3.80688738822937,3.8137722920584456,3.63715328578488,3.652120937212666,1162481600
2007-07-05,3.9739251136779785,3.980511453645022,3.852386977389475,3.855680347213399,1453051600
2007-07-06,3.9604573249816895,3.991590485200032,3.9035803046590565,3.985303900989565,874694800
2007-07-09,3.9014840126037598,3.9784182151041234,3.867057886445037,3.962851438202668,995820000
2007-07-10,3.9619548320770264,4.026315486440734,3.8559829742949496,3.858078502524652,1255007600
2007-07-11,3.963149309158325,4.002365202034964,3.9308195189169988,3.953570556139699,821772000
2007-07-12,4.013441562652588,4.018530700365548,3.963149706968787,4.006855619729933,704608800
2007-07-13,4.1230082511901855,4.126599786548979,4.026915295803733,4.042182318687687,907606000
2007-07-16,4.134084701538086,4.190363419724378,4.116123025826363,4.142765778450828,936112800
2007-07-17,4.158329010009766,4.178984523713693,4.1161202990922545,4.1400691841762205,709959600
2007-07-18,4.134680271148682,4.144259825149362,4.072414369187234,4.1367757985863305,756856800
2007-07-19,4.190957546234131,4.215205784165619,4.1804803122408885,4.199937975416788,732891600
2007-07-20,4.30321741104126,4.3160895384211475,4.190959398712447,4.2403531799329865,1167773600
2007-07-23,4.30172061920166,4.3472227063386795,4.218799194503117,4.2900455364814984,1036490000
2007-07-24,4.037989139556885,4.220894356502408,4.015836420417272,4.157431408502116,1795292800
2007-07-25,4.108936786651611,4.141866109998903,4.041282772608523,4.111630637036502,1496182800
2007-07-26,4.370572090148926,4.445410365894566,4.099956053716135,4.367877440598459,2186629200
2007-07-27,4.306210041046143,4.457982498311472,4.3041149133489,4.376258529284696,1161098400
2007-07-30,4.233766555786133,4.354107309695062,4.178086994631891,4.320579668700268,1106988400
2007-07-31,3.944293260574341,4.295137030152502,3.9371089906953953,4.279869207655938,1762392800
2007-08-01,4.0412821769714355,4.052657498114487,3.8248485167310777,4.0005698702262915,1750156800
2007-08-02,4.085886001586914,4.099955972849757,4.015836705406486,4.090675379357066,852644800
2007-08-03,3.9469869136810303,4.069721790194345,3.936509273220839,4.0490662701110836,679187600
2007-08-06,4.048767566680908,4.0493658894090006,3.8407163256323917,3.9784196819971274,925170400
2007-08-07,4.042181968688965,4.108339595032683,3.970336879210325,4.0394877178813395,949936400
2007-08-08,4.011648178100586,4.0969645439882365,3.951478559359033,4.093971330876087,808096800
2007-08-09,3.783538579940796,3.981411469202373,3.7446224366305203,3.924833420821838,1125395600
2007-08-10,3.741929292678833,3.8242516204108696,3.6012331324100595,3.68565058876263,1410749200
2007-08-13,3.825449228286743,3.8721483713646925,3.786832037367533,3.8413145707990397,752911600
2007-08-14,3.71289324760437,3.840717317547117,3.703313286900658,3.8404183559464506,739006800
2007-08-15,3.5892574787139893,3.737737379598462,3.5817730518992654,3.674273628866713,992852000
2007-08-16,3.503941774368286,3.5473483398919474,3.341392873550686,3.502744729500802,1866690000
2007-08-17,3.653918981552124,3.6970257918604226,3.586863676840675,3.652422175671856,1195062400
2007-08-20,3.658707857131958,3.7269609968349364,3.6072189409806876,3.71079589523402,803317200
2007-08-21,3.8188600540161133,3.8604704304597575,3.622185087967182,3.658406966824515,1303047200
2007-08-22,3.9667437076568604,3.9739279752798478,3.901484578369175,3.9281273199407103,1061765600
2007-08-23,3.9236366748809814,3.991590863665499,3.884421958860061,3.984106434452761,866838000
2007-08-24,4.050263404846191,4.052358932777899,3.8859177399034515,3.9074717414867313,911834000
2007-08-27,3.958960771560669,4.03110561495976,3.95447035398126,3.9930875454830392,707439600
2007-08-28,3.7964107990264893,3.963750059424732,3.7907229380371765,3.921241182238285,1179365600
2007-08-29,4.013741493225098,4.016735504048424,3.8778355441768317,3.8880126230173544,1166860800
2007-08-30,4.078702926635742,4.13857396908992,3.9604580474460156,3.971534012441911,1435582400
2007-08-31,4.145457744598389,4.18048259662422,4.113426903510634,4.175692818613019,876887200
2007-09-04,4.31549072265625,4.36248961845498,4.186170317814543,4.189163529290223,1316842800
2007-09-05,4.093969345092773,4.365782460311323,4.074211510239686,4.339738841003517,2328222400
2007-09-06,4.041582107543945,4.118216554962687,3.9727306494731462,4.058046968951458,1901261600
2007-09-07,3.944591522216797,3.960457664680283,3.891606192336908,3.9517765901832953,1430576000
2007-09-10,4.092472076416016,4.13228590370869,4.009850411146934,4.10085378754251,1487838800
2007-09-11,4.0559515953063965,4.140070073835064,4.003863558417569,4.128095628719896,971885600
2007-09-12,4.096662521362305,4.172997599598236,4.063733601388998,4.070918267425801,1022770000
2007-09-13,4.107141494750977,4.161025308504015,4.090676629729826,4.155935768725417,656163200
2007-09-14,4.155334949493408,4.160423686852361,4.077203726285932,4.088279683691784,607320000
2007-09-17,4.143361568450928,4.20862068491884,4.119114520106127,4.16072491070595,793371600
2007-09-18,4.21850061416626,4.276276516907361,4.126000416657445,4.162821438524047,1064089600
2007-09-19,4.214010238647461,4.285555549204719,4.172998164153302,4.28136489313066,1026880400
2007-09-20,4.200240612030029,4.244545669294793,4.170604653029885,4.19545083290074,691840800
2007-09-21,4.315192222595215,4.330159881684515,4.200240329006214,4.225086507202864,1138880400
2007-09-24,4.438824653625488,4.485823948566115,4.3900303910545935,4.392424880271457,1052161600
2007-09-25,4.585508346557617,4.586706190673367,4.395118678251225,4.39571819983068,1192550800
2007-09-26,4.573235034942627,4.639991370342542,4.527733740234873,4.624126029231686,975268000
2007-09-27,4.625022888183594,4.625621210677799,4.559763769807575,4.603170328149733,658198800
2007-09-28,4.5941901206970215,4.628017931143738,4.572636916942757,4.593292436914949,615101200
2007-10-01,4.680102348327637,4.7121339752488725,4.578023045345,4.62891321617714,837068400
2007-10-02,4.7432684898376465,4.7474595453913,4.66663364415219,4.686390678114448,792069600
2007-10-03,4.727400302886963,4.765118987166736,4.700159252952062,4.723209648829897,692518400
2007-10-04,4.677111625671387,4.73219248010864,4.595088666651361,4.729797990521859,656958400
2007-10-05,4.83307409286499,4.836965787362024,4.7208168721298325,4.740873267483188,943471200
2007-10-08,5.026457786560059,5.026457786560059,4.878576193133264,4.894143370834772,835928800
2007-10-09,5.024959564208984,5.122249509058148,4.989635759059144,5.095008052717315,1104286400
2007-10-10,4.992928504943848,5.025557656828988,4.957305343200902,5.015679542607164,667590000
2007-10-11,4.8564252853393555,5.145301204750386,4.586407519889041,5.073755887413806,1643992000
2007-10-12,5.0066986083984375,5.007597091185551,4.843550441241608,4.879772726842371,988176000
2007-10-15,4.9986162185668945,5.076148733881905,4.8944413685556505,5.028552324250265,1077930000
2007-10-16,5.0764479637146,5.09440882447017,4.943833437933325,4.9555089166905395,1067830400
2007-10-17,5.171343803405762,5.180024874124803,5.064474307256947,5.1695476371161035,1127613200
2007-10-18,5.193797588348389,5.214452310011702,5.120456100186735,5.133926553459281,823676000
2007-10-19,5.101594924926758,5.22762273491411,5.0890217602895085,5.215947653465236,1291780000
2007-10-22,5.219542026519775,5.235707530229565,5.087826304852159,5.099501390864784,1649499600
2007-10-23,5.572776794433594,5.645819283856029,5.470996846422676,5.6446222394689896,1795164000
2007-10-24,5.565895080566406,5.604212113658334,5.365627641276272,5.562302746303712,1288481600
2007-10-25,5.471597671508789,5.564996752807865,5.4380700216318,5.5341629536350565,973602000
2007-10-26,5.529074192047119,5.549130589919095,5.474591661290093,5.5467357006971,706876800
2007-10-29,5.540748119354248,5.5856518896818566,5.529073834514159,5.551524720475249,540554000
2007-10-30,5.597926616668701,5.668873628355513,5.529973217235545,5.57337979555114,939414000
2007-10-31,5.686235427856445,5.6913241679758855,5.536558042935819,5.6167844369991835,833310800
2007-11-01,5.611095428466797,5.690723871950112,5.388375595307048,5.645820112491662,805036400
2007-11-02,5.62396764755249,5.670966135853879,5.492850298460627,5.664081231019456,1002114400
2007-11-05,5.573378086090088,5.656598083129317,5.515303225225452,5.546735344885594,804176800
2007-11-06,5.741314888000488,5.747601070813398,5.546135866109077,5.599420538047757,954727200
2007-11-07,5.576967716217041,5.767956443393814,5.571878978729959,5.70598951370997,994327600
2007-11-08,5.2527689933776855,5.594930715951078,5.022266156449477,5.588045810756806,1890378000
2007-11-09,4.9504218101501465,5.242292535443213,4.945632031767529,5.123448957092256,1526380800
2007-11-12,4.602870941162109,5.020170702605018,4.509172919670901,4.947726518852847,1769065200
2007-11-13,5.087827682495117,5.118362131422566,4.602873630961448,4.81511596874296,1739446800
2007-11-14,4.972574234008789,5.315634523519717,4.9016272390350375,5.303361115852195,1449168000
2007-11-15,4.918391227722168,5.076750086456731,4.798649559566747,4.980956512123718,1487410400
2007-11-16,4.980955123901367,4.999814472346947,4.769610996623135,4.948325165712558,1383494000
2007-11-19,4.9079132080078125,5.035138885099431,4.8525330000287115,4.972274649187443,1154428800
2007-11-20,5.054596424102783,5.142606591850482,4.895339911050706,4.95940238909246,1543642800
2007-11-21,5.042922019958496,5.159370291276057,4.929466160620062,4.964490610218416,1217809600
2007-11-23,5.1351237297058105,5.150390348010045,5.081538886670221,5.148893542356476,465757600
2007-11-26,5.165058612823486,5.306652419036102,5.1593703521330525,5.196490729565883,1305754800
2007-11-27,5.2330121994018555,5.262348791845945,5.089322448909117,5.245285606496857,1317030400
2007-11-28,5.394962310791016,5.406337232529674,5.2491762618203115,5.293181541453062,1150912000
2007-11-29,5.516798496246338,5.543141067718747,5.362929725321626,5.371311834121933,1050926800
2007-11-30,5.454833507537842,5.618879412879836,5.379396499843785,5.608102811689568,1187802000
2007-12-03,5.354250907897949,5.512310400043131,5.319526213015316,5.44405725585266,961469600
2007-12-04,5.382688045501709,5.415317201558569,5.2982698264444865,5.303060003020854,773799600
2007-12-05,5.553021430969238,5.567989086623884,5.460521247080939,5.474890180522157,892402000
2007-12-06,5.686235427856445,5.690725845327535,5.571582499848061,5.573678028001236,899810800
2007-12-07,5.81645393371582,5.837109451549951,5.6290574675916,5.703896149719495,1066066400
2007-12-10,5.813758850097656,5.857165413374844,5.768257558331055,5.795199659598534,722377600
2007-12-11,5.644024848937988,5.8921900122919855,5.609599520467416,5.829924100701612,1110925200
2007-12-12,5.713476181030273,5.821841711691066,5.560805203518116,5.79070855412524,1225660800
2007-12-13,5.74251127243042,5.7511935424616025,5.622470685797116,5.693417657714674,864617600
2007-12-14,5.69940710067749,5.783525592238746,5.6739622002277015,5.698808778010111,674312800
2007-12-17,5.520090579986572,5.767057829087184,5.477582513650003,5.709283149898771,1024693600
2007-12-18,5.4775848388671875,5.607804141730636,5.34646745255111,5.58355668787187,1222603200
2007-12-19,5.481775283813477,5.527277374311412,5.415318314771576,5.477584228168471,827478400
2007-12-20,5.604211330413818,5.622771321829302,5.4880624029356175,5.5509266450222245,774057200
2007-12-21,5.804777145385742,5.804777145385742,5.684437198274813,5.691322102884508,993960800
2007-12-24,5.951162338256836,5.967028476454171,5.831121735381911,5.838305602373344,480202800
2007-12-26,5.955651760101318,6.0158221317200695,5.891889455586723,5.957447926389726,703732400
2007-12-27,5.944276809692383,6.075692720839613,5.921226806919371,5.955652130545545,795527600
2007-12-28,5.981996059417725,6.033783930032893,5.893686534961074,6.004747102914651,699647200
2007-12-31,5.929609298706055,6.002052687988651,5.919730382203167,5.972117376735938,539333200
2008-01-02,5.832620620727539,5.9948712185227935,5.764069293517654,5.96523525454713,1079178800
2008-01-03,5.83531379699707,5.90895504613905,5.768258493599252,5.849683133166147,842066400
2008-01-04,5.389873027801514,5.77753685383388,5.355148339735927,5.731137083033475,1455832000
2008-01-07,5.317728519439697,5.496143719510375,5.095906763785217,5.425795067434317,2072193200
2008-01-08,5.126441478729248,5.462018087222927,5.112970628522818,5.392567109387343,1523816000
2008-01-09,5.370415687561035,5.3734088990224755,5.038132045002524,5.12793838087225,1813882000
2008-01-10,5.329105377197266,5.418313002958713,5.250974114167965,5.3159338860617735,1482975200
2008-01-11,5.169548511505127,5.32401564109485,5.089022374303284,5.2686346371584065,1232285600
2008-01-14,5.351855754852295,5.371014067005129,5.243788389868527,5.31413705341934,1100450400
2008-01-15,5.06028413772583,5.365026120168407,4.9291663840877105,5.320123557343072,2343278000
2008-01-16,4.778890132904053,5.059384209839541,4.690879992855646,4.946228543880691,2213845200
2008-01-17,4.816311359405518,4.950123010377265,4.742371145644088,4.83487175274303,1757859600
2008-01-18,4.830380439758301,4.961797176910935,4.777993441509891,4.840857679535552,1724343600
2008-01-22,4.659149646759033,4.789069583147172,4.370572703400778,4.432239499229615,2434754000
2008-01-23,4.163119316101074,4.190959096514484,3.776054241882991,4.076905325524153,3372969600
2008-01-24,4.059244632720947,4.211915643000278,3.951776762695795,4.190661398076082,2005866800
2008-01-25,3.891904830932617,4.163718735378794,3.8799311853757192,4.160725523830106,1554739200
2008-01-28,3.891904830932617,3.9873990307566185,3.785334269558502,3.8365246219063356,1474844000
2008-01-29,3.937706708908081,3.975126057759709,3.8631681717528483,3.9260324220276437,1099982800
2008-01-30,3.9568657875061035,4.054754905793267,3.89160664176879,3.932618328605054,1243051600
2008-01-31,4.052060127258301,4.090676116190032,3.8736448818750726,3.8751408882359764,1345674400
2008-02-01,4.00386381149292,4.08887997909783,3.9568649108073433,4.078402738640893,1010744000
2008-02-04,3.9410011768341064,4.06822611898684,3.9341154679680512,4.01763526358589,899234000
2008-02-05,3.8724453449249268,4.011345657865427,3.858674738291642,3.9044761740361484,1141042000
2008-02-06,3.6521236896514893,3.9490836525587305,3.6452387806335724,3.916453676230927,1573272400
2008-02-07,3.629370927810669,3.735342761289291,3.5105269664113843,3.5913532662627135,2083331600
2008-02-08,3.7562990188598633,3.762884565952175,3.6401488650785048,3.654518203493434,1355972800
2008-02-11,3.875138759613037,3.8910048915626567,3.8077845374766053,3.832032377190426,1201432400
2008-02-12,3.737736940383911,3.9215398290170325,3.7006165698437177,3.912559397192886,1225980000
2008-02-13,3.873643636703491,3.8850189568614324,3.7607869195453696,3.792219030264633,968534000
2008-02-14,3.815568208694458,3.9155527851581318,3.8020965638965696,3.8736430441560255,954097200
2008-02-15,3.7308528423309326,3.804194740322674,3.71379005266131,3.779947681268135,901300400
2008-02-19,3.657510995864868,3.794316258541263,3.6353590677153775,3.771565208345437,1005046000
2008-02-20,3.70660400390625,3.72995336779976,3.642541934530293,3.658108710033963,967439200
2008-02-21,3.6383516788482666,3.7859339197191577,3.6179963208379387,3.7733611518083237,938114800
2008-02-22,3.5760860443115234,3.667388778626877,3.468617411463725,3.6664910950383818,1529878000
2008-02-25,3.584467887878418,3.5973400141019205,3.4922666774790803,3.5500413651105682,1256774400
2008-02-26,3.5668063163757324,3.6248815825355325,3.4557461228617474,3.5216043795650274,1504888000
2008-02-27,3.680860757827759,3.6835546084896693,3.5350750756044507,3.5392657320124816,1475138000
2008-02-28,3.8889107704162598,3.9574628538882433,3.7649780903267698,3.807785522524064,1618254400
2008-02-29,3.7425272464752197,3.897891673268607,3.735941301736702,3.8703512491787713,1255480800
2008-03-03,3.6440398693084717,3.771265964290971,3.532380954335564,3.725165144988129,1593043200
2008-03-04,3.7305524349212646,3.7383358233928767,3.6042252502533767,3.6518224653251314,1785383600
2008-03-05,3.7266616821289062,3.746120158223611,3.6596063786193906,3.699420215277456,1221836000
2008-03-06,3.620090961456299,3.816765981869152,3.61649822905813,3.7302526340019666,1473698800
2008-03-07,3.6596059799194336,3.6814589433177085,3.5638132135035523,3.6045247295571827,1230462800
2008-03-10,3.5829720497131348,3.6958288171454536,3.5733924918971796,3.6515245612901124,999588800
2008-03-11,3.8122758865356445,3.8161675806398323,3.6521217029042847,3.7149863316980998,1163943200
2008-03-12,3.7727606296539307,3.852089710174083,3.7470163783932855,3.802996096082803,1059629200
2008-03-13,3.829939603805542,3.876638751244849,3.682058370725983,3.7149877025391054,1262102800
2008-03-14,3.7901251316070557,3.9005861968346123,3.717979894912333,3.8880130287251067,1156640800
2008-03-17,3.7937145233154297,3.8493948655615715,3.668585232313748,3.668585232313748,1072598800
2008-03-18,3.976022720336914,3.9814116199766607,3.851791057626575,3.8670580744951533,1205120000
2008-03-19,3.8817262649536133,4.020027896066055,3.8817262649536133,3.9850038463178157,1010536800
2008-03-20,3.989495277404785,3.990093600077465,3.8670589541346594,3.9251338234121467,908787600
2008-03-24,4.176888942718506,4.216403803238458,4.000569675039255,4.011645234886608,1066920400
2008-03-25,4.220297813415527,4.283760794183445,4.111033764415804,4.18976336824645,1052391200
2008-03-26,4.342433929443359,4.362790090813045,4.210119480062152,4.217004387795246,1182084400
2008-03-27,4.198441982269287,4.3499150468365,4.1906585964904774,4.339138450823661,999829600
2008-03-28,4.281064987182617,4.330158606770631,4.238856272920765,4.244843494666145,714610400
2008-03-31,4.29573392868042,4.36189153990199,4.266397337065428,4.288849022315844,768065200
2008-04-01,4.476245880126953,4.4801375762265065,4.299028823152758,4.379554598202321,1032567200
2008-04-02,4.415176868438721,4.5262374667219145,4.366083234266558,4.45379326112504,1044968400
2008-04-03,4.538510799407959,4.598980556946153,4.400508496935668,4.402304663962844,1051568000
2008-04-04,4.582516193389893,4.631310466647643,4.512766637685741,4.555873448246329,854417200
2008-04-07,4.666634559631348,4.780389006350405,4.643284788075677,4.673818428341942,1158326400
2008-04-08,4.5753302574157715,4.6833976236955115,4.559764278485321,4.5965852966886445,1014294400
2008-04-09,4.533421039581299,4.606762924236812,4.50408444559154,4.589400776513173,873398400
2008-04-10,4.626520156860352,4.65256377472849,4.508274913498969,4.524141052731202,955763200
2008-04-11,4.40470027923584,4.589102394589949,4.382547548916517,4.571740243161533,1210076000
2008-04-14,4.423858642578125,4.467863943077389,4.32686840391675,4.393624358043312,845087600
2008-04-15,4.44182014465332,4.4819337476991175,4.36219206066692,4.472353789233884,698037200
2008-04-16,4.60107421875,4.613047861378543,4.508873013828089,4.541801530259017,795774000
2008-04-17,4.624723434448242,4.669926158410538,4.5905974701868315,4.615143879836464,704267200
2008-04-18,4.820801258087158,4.857322113365044,4.741172803947478,4.763324726058795,1026765600
2008-04-21,5.033942699432373,5.044120980774436,4.842356317403185,4.855826772758229,1039152800
2008-04-22,4.795656204223633,5.029152310257456,4.732491799699771,5.01119064090596,1439572400
2008-04-23,4.876180648803711,4.934554854706465,4.821997497615005,4.910906131039141,1504190800
2008-04-24,5.057291030883789,5.088424191233523,4.765421099854639,4.949524212841303,1696066400
2008-04-25,5.080939769744873,5.121950639516756,4.981852849694037,5.10997699552231,992474000
2008-04-28,5.1560773849487305,5.201279306229716,5.06297769412609,5.081537680142493,787214400
2008-04-29,5.240196228027344,5.2584560549592565,5.096505706647209,5.122249960299058,923476400
2008-04-30,5.207268714904785,5.3883778355740715,5.176434912490593,5.274324021707911,1139524400
2008-05-01,5.3883771896362305,5.3883771896362305,5.234509155920387,5.237502367734334,903576800
2008-05-02,5.41651725769043,5.445853853794418,5.3449719344998226,5.394065569004525,1006082000
2008-05-05,5.529970169067383,5.547332710886994,5.419807696942618,5.445851709512528,854557200
2008-05-06,5.587746620178223,5.601516430986936,5.453636049006769,5.527875201406492,918870400
2008-05-07,5.465908050537109,5.6338464063920135,5.404540632457001,5.5694849780551134,1157133600
2008-05-08,5.539849758148193,5.582956557041607,5.4802780989318025,5.501232576344427,899085600
2008-05-09,5.491655349731445,5.515603444780104,5.429389423306409,5.482974275188623,673072400
2008-05-12,5.6326494216918945,5.653903660341288,5.473692272997879,5.54434029432071,818563200
2008-05-13,5.686534881591797,5.731138496820668,5.623670634697694,5.646121523375234,823236400
2008-05-14,5.575771808624268,5.754785332540451,5.55511629441213,5.724550663740034,916823600
2008-05-15,5.679649353027344,5.684738892751414,5.514106218173166,5.592238286847546,873208000
2008-05-16,5.616484642028809,5.696712223229778,5.597924652250404,5.691023962262742,765769200
2008-05-19,5.4961442947387695,5.64851549747019,5.427292440799611,5.623669325538666,945820400
2008-05-20,5.564995288848877,5.572777877441279,5.391968184529715,5.442857968584575,969850000
2008-05-21,5.334194183349609,5.6263638577096335,5.2761193219686175,5.558110717697586,1157657200
2008-05-22,5.300067901611328,5.42819128225892,5.148894111034024,5.366225519762691,1206735600
2008-05-23,5.423400402069092,5.44794761102278,5.322518115888172,5.411425958832651,906917200
2008-05-27,5.580862045288086,5.580862045288086,5.443458873982273,5.470699939386193,789905200
2008-05-28,5.598224639892578,5.626363786980167,5.499737225404933,5.6101982858281785,743979600
2008-05-29,5.588644027709961,5.633846750806058,5.553020859042073,5.590739555241132,647186400
2008-05-30,5.650312900543213,5.673962434285295,5.6093016170213,5.611397145327561,610184400
2008-06-02,5.570982456207275,5.677252439411695,5.523983167543392,5.6458203261863575,679840000
2008-06-03,5.549129486083984,5.633847076735514,5.458425472930515,5.593733089927718,750520400
2008-06-04,5.543741703033447,5.600619114950177,5.4850685241358805,5.508717252488674,726983600
2008-06-05,5.670668125152588,5.6829419317767655,5.5590092187539275,5.5781679318520405,755445600
2008-06-06,5.55721378326416,5.686235652598343,5.554519932356163,5.6278614222103895,966422800
2008-06-09,5.436573505401611,5.536258776560935,5.261152256353288,5.5317687586940965,1888392800
2008-06-10,5.55721378326416,5.5913397583498465,5.359040681185459,5.403645096813425,1140941200
2008-06-11,5.412623882293701,5.567988688438109,5.376103028929484,5.518295547639424,961550800
2008-06-12,5.186612606048584,5.466209926357153,5.1249458075586825,5.4329812382188845,1308333600
2008-06-13,5.159969806671143,5.2135542531634655,4.948626431546497,5.138117242211556,1345957200
2008-06-16,5.2937798500061035,5.325511325209877,5.061181885751356,5.1279378080478075,1051730400
2008-06-17,5.431183815002441,5.447947635929082,5.310843058012145,5.33149857300842,899656800
2008-06-18,5.350957870483398,5.454235061747878,5.309048511529148,5.421904459545179,811468000
2008-06-19,5.415318012237549,5.458425611068281,5.292583558048682,5.344970551641393,791949200
2008-06-20,5.24678373336792,5.418313700407019,5.238700981144586,5.368919902848975,888367200
2008-06-23,5.183619976043701,5.265044219992571,5.135722985785631,5.230917444569206,645780800
2008-06-24,5.186313152313232,5.262049523891729,5.137817845675079,5.159969771130331,621947200
2008-06-25,5.310245037078857,5.353352236012992,5.205171689318073,5.227024250203379,644450800
2008-06-26,5.0369343757629395,5.233909568027454,5.029450348834534,5.2108591647689755,869610000
2008-06-27,5.091717720031738,5.106086656190902,4.913901185819411,4.984548821642998,1042249600
2008-06-30,5.012387752532959,5.148893222201937,4.987840541021845,5.094710059955074,684196800
2008-07-01,5.229120254516602,5.230317699022862,4.909410165285505,4.916295071515425,1111280800
2008-07-02,5.034541606903076,5.312042625640775,5.034541606903076,5.244687958997111,837519200
2008-07-03,5.092615127563477,5.153983363356536,4.961797503730106,5.0767497861294455,523362000
2008-07-07,5.2434892654418945,5.30246180951165,5.1459003345248435,5.183619037660419,820391600
2008-07-08,5.374904632568359,5.379395048386497,5.171044550596692,5.250672992381071,888350400
2008-07-09,5.216248512268066,5.4156182411603835,5.2129559393129545,5.394363999280443,895776000
2008-07-10,5.28749418258667,5.308748022034626,5.130033835855679,5.236304631819677,840688800
2008-07-11,5.166256904602051,5.301864730966964,5.118959433540802,5.252771092698654,930011600
2008-07-14,5.205173492431641,5.367423267635221,5.181225395555567,5.365627899779697,886054400
2008-07-15,5.078246593475342,5.200982285057887,4.980957003090821,5.163263573936409,1040043200
2008-07-16,5.173140525817871,5.176732459102355,5.047112708393086,5.095008482861323,747790400
2008-07-17,5.143205165863037,5.238101036072647,5.1306319996320635,5.211757259207749,757526000
2008-07-18,4.9438347816467285,5.078544871055332,4.939344765077924,5.044717068639992,868414400
2008-07-21,4.977962970733643,5.014184470235058,4.8231964562186525,4.996222801535197,1360469600
2008-07-22,4.850139141082764,4.87229106910624,4.38643866391467,4.460379676550768,1879592400
2008-07-23,4.977063179016113,5.040226765278843,4.8363666753088435,4.939045122959563,1061768400
2008-07-24,4.7606306076049805,4.947128166523735,4.743268064406741,4.91898822461597,839619200
2008-07-25,4.8531317710876465,4.879475152164883,4.749255452184706,4.8016424535130975,633637200
2008-07-28,4.622028827667236,4.863607185766099,4.610652708747253,4.85971549234222,780712800
2008-07-29,4.7022576332092285,4.773204630101061,4.599579152408206,4.6522651183608135,684070800
2008-07-30,4.78607702255249,4.8043376548106975,4.672322572173724,4.723212773617007,725183200
2008-07-31,4.758235931396484,4.855525889995228,4.699263393914669,4.716027215693195,637498400
2008-08-01,4.689684867858887,4.789370544969577,4.66244379904999,4.786675494909005,544639200
2008-08-04,4.587004661560059,4.726803486593346,4.577425107106929,4.6878869463085175,592527600
2008-08-05,4.808826446533203,4.813615824102003,4.634602295881402,4.652563161206174,688371600
2008-08-06,4.915097713470459,5.011189831206756,4.729797184745885,4.78876972419682,791408800
2008-08-07,4.896538257598877,4.9737718330154035,4.834571700645388,4.870793199551908,672372400
2008-08-08,5.0755510330200195,5.078545043635998,4.901925595603492,4.905218567631932,713997200
2008-08-11,5.195591926574707,5.283602087841564,5.079143261374531,5.091117704867317,891304400
2008-08-12,5.2904887199401855,5.3671227736416265,5.1940964313310545,5.194395792470851,836278800
2008-08-13,5.367422103881836,5.38837698386589,5.265642114704485,5.3279080323805,842346400
2008-08-14,5.368020057678223,5.401847059557088,5.323715817927878,5.33838411082035,711300800
2008-08-15,5.260853290557861,5.380893922126322,5.24019776953523,5.359640078445586,708251600
2008-08-18,5.250376224517822,5.322819637092423,5.2033773151035785,5.255764326479821,552014400
2008-08-19,5.194695949554443,5.300667411193183,5.143206624982247,5.224930230263217,616204400
2008-08-20,5.263844013214111,5.296772926937392,5.197087703002464,5.231813182574972,506951200
2008-08-21,5.217446804046631,5.25217110155519,5.145601720909562,5.222834505823972,539744800
2008-08-22,5.2922844886779785,5.313538328642594,5.255762832051116,5.2632468599830675,439611200
2008-08-25,5.1653571128845215,5.275519991558268,5.138714376532887,5.273124303564093,484425200
2008-08-26,5.197987079620361,5.2351066544384866,5.167153288110245,5.171643704303127,445550000
2008-08-27,5.228822231292725,5.261452202756303,5.15458265131422,5.188110306706107,477780800
2008-08-28,5.200982093811035,5.276120152096752,5.171346136025841,5.247082916678174,431384800
2008-08-29,5.074954032897949,5.193797620215213,5.06028573517562,5.177632516635388,599289600
2008-09-02,4.974967956542969,5.193796113242636,4.939344786832838,5.160867193294266,780763200
2008-09-03,4.998018264770508,5.0495075750991,4.909409776412348,4.9944259315362745,734834800
2008-09-04,4.826188564300537,5.026457127694138,4.813915159843503,4.965088906365936,743386000
2008-09-05,4.795056343078613,4.861513310391539,4.719319581045667,4.747459525358606,786884000
2008-09-08,4.727400302886963,4.936050510350844,4.53401790514935,4.926470958949818,1045979200
2008-09-09,4.540605545043945,4.788470556858299,4.484027892163458,4.695671007868118,1245025600
2008-09-10,4.538510799407959,4.639692477185408,4.454392708388685,4.559765042881742,973142800
2008-09-11,4.569642543792725,4.5798208204555655,4.370571823201838,4.435830939551294,971135200
2008-09-12,4.458582878112793,4.51755582335365,4.385540359043615,4.51755582335365,793027200
2008-09-15,4.201736927032471,4.421163861578873,4.201736927032471,4.251729441490442,920634400
2008-09-16,4.187366962432861,4.2657979685200464,3.955966437665212,4.007155584829395,1199836400
2008-09-17,3.826643705368042,4.146354023393622,3.8266437053680415,4.145754901779648,1200455200
2008-09-18,4.014040946960449,4.054154130161014,3.6126065564453613,3.9086678517107405,1676253600
2008-09-19,4.21820068359375,4.316688490504534,4.080497770265938,4.268791512205339,1430875600
2008-09-22,3.923037528991699,4.198443762745799,3.9113632447344466,4.1891635680739805,856713200
2008-09-23,3.797008752822876,4.065229853457132,3.7916198543477853,3.946985438478258,1280364400
2008-09-24,3.8529887199401855,3.9200440064268305,3.746418568316399,3.809881521666752,1047015200
2008-09-25,3.9493818283081055,4.034997529415768,3.8473020612103963,3.885619094259696,1006045600
2008-09-26,3.838919162750244,3.885618299518273,3.682057529334422,3.739233905866208,1126451200
2008-09-29,3.151003122329712,3.5826718538083786,3.0112044806332854,3.5808756871363743,2622057200
2008-09-30,3.402461051940918,3.4425742441584064,3.1821362571492235,3.2405096788620478,1626682400
2008-10-01,3.2665536403656006,3.363544240387248,3.2147651683562675,3.3503729512768783,1296484000
2008-10-02,2.9965362548828125,3.256674872150097,2.9935430433748826,3.2333255042380555,1609364400
2008-10-03,2.9058315753936768,3.1881220715356253,2.8333875949395417,3.1132842017108535,2294398400
2008-10-06,2.9378626346588135,2.957021145182977,2.620547468466314,2.752861874771257,2107417200
2008-10-07,2.6690433025360107,3.038446174279702,2.6627567182902308,3.0079117361956,1878772000
2008-10-08,2.6879019737243652,2.8836793375246708,2.564867159191161,2.5717520648302634,2207741200
2008-10-09,2.65647029876709,2.867814474919825,2.592408011740722,2.7944727915869674,1617383600
2008-10-10,2.8977489471435547,2.993542489047611,2.544510486192906,2.5654653609545113,2219299600
2008-10-13,3.30068039894104,3.30876315023252,3.0240770829749777,3.1297495736765053,1539076000
2008-10-14,3.1156787872314453,3.484483221977497,3.0875390472696647,3.480292167113328,1980994400
2008-10-15,2.93217396736145,3.2030901062650465,2.9303778011662884,3.1084934188698514,1584175600
2008-10-16,3.0501201152801514,3.096220716588513,2.746275651785116,2.98665657351968,1980521200
2008-10-17,2.915710687637329,3.054611674412994,2.5711543697489443,2.981569146698868,1762227600
2008-10-20,2.9468424320220947,2.994440039638368,2.8031529249061546,2.986955813543443,1549170000
2008-10-21,2.7387924194335938,2.930678920334243,2.728913501454674,2.9022400106820987,2193660000
2008-10-22,2.8998444080352783,3.03096116257144,2.7818991412160265,2.9148120622155407,2248808800
2008-10-23,2.940556526184082,2.971090958567843,2.7510657468955886,2.8890680159362234,1675430400
2008-10-24,2.885176420211792,2.9306785094026018,2.6974810017415445,2.7040665464563083,1590058400
2008-10-27,2.756754159927368,2.922596244999567,2.74986845359766,2.845961187273108,1208771200
2008-10-28,2.9908487796783447,3.0085112889939727,2.765136247187286,2.8567381695880982,1634133200
2008-10-29,3.1297507286071777,3.2791284049128815,2.9917483808579024,3.0192888182813675,1950978400
2008-10-30,3.3240296840667725,3.3584558147047363,3.2213512134625564,3.2399112040404368,1638089600
2008-10-31,3.220752000808716,3.3162463832724782,3.147410337454958,3.2150641404966875,1659756000
2008-11-03,3.2018930912017822,3.265955369541453,3.1390286569832098,3.171059496392254,1057938000
2008-11-04,3.3225326538085938,3.3464807391631215,3.1932114741063944,3.2925967477534606,1398681200
2008-11-05,3.092329502105713,3.284514325009438,3.0830491085168927,3.260267076030943,1256455200
2008-11-06,2.9666004180908203,3.0767622927698515,2.933671300352762,3.024974626917038,1319074400
2008-11-07,2.9408555030822754,2.989051637744895,2.865418309510075,2.970791611073056,1095253600
2008-11-10,2.870209217071533,3.005517062343384,2.8288981768907018,2.99863215543399,1123822000
2008-11-11,2.836980104446411,2.9088247626483983,2.7618420748022703,2.838176949201694,1224538000
2008-11-12,2.697780132293701,2.7911789986425855,2.6944877596548586,2.766930948938232,1178976400
2008-11-13,2.886972188949585,2.886972188949585,2.5750449724788727,2.6902961777751915,1854087200
2008-11-14,2.7013731002807617,2.8136313346665083,2.6941890321139916,2.8067456284506407,1405266800
2008-11-17,2.6385085582733154,2.7106533945715556,2.6121659767769625,2.6486868371181793,1162526400
2008-11-18,2.691493034362793,2.723823825332038,2.6001905193540726,2.6834110860222493,1209695200
2008-11-19,2.5831289291381836,2.7414870124790434,2.5807342392978287,2.677425711919603,1171900800
2008-11-20,2.40950345993042,2.587918547163133,2.394834960256961,2.5516968394028376,1716814400
2008-11-21,2.4720678329467773,2.518168447324699,2.3690900032947253,2.452609159841693,1569271200
2008-11-24,2.7824976444244385,2.8375784835316775,2.5397212081552145,2.5507971682554946,1442257600
2008-11-25,2.7181363105773926,2.835183897274029,2.6391065825993167,2.832789208426596,1235292800
2008-11-26,2.843865156173706,2.8513493831304797,2.689698194388888,2.6917937219814414,899836000
2008-11-28,2.774115562438965,2.8366806243931015,2.749867516691687,2.8348844580532666,297774400
2008-12-01,2.6621570587158203,2.762141673248716,2.661857897439771,2.733104244461908,923767600
2008-12-02,2.7681288719177246,2.7735175718106593,2.589414683337973,2.695086358820483,1148722400
2008-12-03,2.87080717086792,2.880686087062618,2.6582659879869963,2.6762268544334638,1338680000
2008-12-04,2.7363970279693604,2.8501514383477926,2.6660483746066235,2.8268018740920726,1091370000
2008-12-05,2.8139305114746094,2.8285990082453893,2.6600620750821524,2.7046662877051597,1043795200
2008-12-08,2.985161542892456,3.017491349141688,2.8678145660540237,2.9121190185484824,1185142000
2008-12-09,2.9953389167785645,3.101310772367304,2.910023581405352,2.934870158790704,1203496000
2008-12-10,2.9399588108062744,2.9782760427515766,2.888769647606356,2.929780730498115,938047600
2008-12-11,2.843865156173706,3.030662076504412,2.8387764174156676,2.9142136121830093,1040617200
2008-12-12,2.9417552947998047,2.9636076626682457,2.7699257671276247,2.7780085193320985,1041174400
2008-12-15,2.8363823890686035,2.8800873190402667,2.7839953860988067,2.873501773325443,891758000
2008-12-16,2.8567376136779785,2.888169731841168,2.7765108321139165,2.8133318501053717,1093506400
2008-12-17,2.6690433025360107,2.7271173681152625,2.634916130916063,2.725021840033336,1293860400
2008-12-18,2.6771256923675537,2.7190352522750523,2.6474889398538957,2.6735331588889895,857416000
2008-12-19,2.6941890716552734,2.7223280213118604,2.658266532048084,2.6923927048662426,801920000
2008-12-22,2.566663980484009,2.6950867180696356,2.5352316588433803,2.6947873569157093,844740400
2008-12-23,2.585822343826294,2.6304259541135995,2.5714532091173914,2.600490639831098,635031600
2008-12-24,2.5457088947296143,2.5819305922399356,2.53104059904757,2.57863801949256,271334000
2008-12-26,2.5687592029571533,2.6169553475521763,2.55169621740754,2.5936057780289414,308324800
2008-12-29,2.592707633972168,2.6229429133871993,2.5466070113397605,2.5900135831860056,686000000
2008-12-30,2.5831289291381836,2.6358153030754936,2.536129818671345,2.6169559465192096,967601600
2008-12-31,2.554987907409668,2.6265334025608698,2.554688746188591,2.5735480933866235,607541200
2009-01-02,2.716639518737793,2.7253215904352266,2.5493012548526233,2.57085445537539,746015200
2009-01-05,2.8312926292419434,2.87918941100634,2.7753130969393482,2.7890839088079318,1181608400
2009-01-06,2.784592866897583,2.9088245020354337,2.7657335209089315,2.8723036539085944,1289310400
2009-01-07,2.7244231700897217,2.769026780661533,2.7019714843940914,2.748372061158226,753048800
2009-01-08,2.7750141620635986,2.78848561390028,2.6953858932737527,2.707061178177618,673500800
2009-01-09,2.7115509510040283,2.795370268402444,2.698379660874276,2.7902815289000387,546845600
2009-01-12,2.6540751457214355,2.7238244830614624,2.620846663331312,2.7079583448513795,617716400
2009-01-13,2.6256356239318848,2.6864045183458702,2.584923919916548,2.6415017596203683,798397600
2009-01-14,2.554389238357544,2.611864960152941,2.536128414491386,2.58163049387387,1021664000
2009-01-15,2.4960150718688965,2.5181675878765932,2.396330448478262,2.4118966222555622,1831634000
2009-01-16,2.464583158493042,2.5259505797177435,2.40680826998389,2.5235558909748814,1047625600
2009-01-20,2.3409502506256104,2.454704680855204,2.3409502506256104,2.4526091529710468,919914800
2009-01-21,2.479550361633301,2.481047366566225,2.374177881050308,2.3765725693577746,1089270000
2009-01-22,2.645094394683838,2.6941890242227076,2.5690586602761263,2.635515437315645,1409528400
2009-01-23,2.645094394683838,2.6902971293956455,2.589415018826525,2.598993776354162,763770000
2009-01-26,2.6834118366241455,2.7232260648591797,2.643297647757777,2.660061670063415,692238400
2009-01-27,2.71604061126709,2.7405880189261196,2.68640466498941,2.699875313485948,618038400
2009-01-28,2.8199169635772705,2.843865050093978,2.7390910724606155,2.7576510593356174,861406000
2009-01-29,2.7839953899383545,2.824108785475238,2.772020943747408,2.786689240650203,592729200
2009-01-30,2.698080539703369,2.8025543776337765,2.6944880062681302,2.7720207411221125,651478800
2009-02-02,2.7393901348114014,2.754058427201638,2.661258895857367,2.66724611711093,558247200
2009-02-03,2.7833950519561768,2.7953694937755404,2.7025699677612813,2.7516635804967993,599309200
2009-02-04,2.800459384918213,2.8812855073623105,2.786988930725842,2.7905814648476746,808421600
2009-02-05,2.887571096420288,2.9112198245563303,2.772619029039682,2.777109245812728,749246400
2009-02-06,2.985161542892456,2.993543455535161,2.903737105905777,2.904335428544889,687209600
2009-02-09,3.0686793327331543,3.0833476233209227,2.978573662344357,2.9935421133199025,715010800
2009-02-10,2.9285833835601807,3.0686806047827284,2.9055331745329824,3.033357387968353,849060800
2009-02-11,2.898348093032837,2.9429517051184813,2.866915971800814,2.8848776407118057,674973600
2009-02-12,2.9716899394989014,2.9860590746121214,2.8687121037501533,2.8687121037501533,817188400
2009-02-13,2.9683966636657715,2.99174622634283,2.9372637135892035,2.963307126069728,608977600
2009-02-17,2.8297958374023438,2.9049338882432534,2.822312408082842,2.89984514831237,678238400
2009-02-18,2.825005292892456,2.869309526306801,2.7756123216470847,2.84536164309988,684779200
2009-02-19,2.7133467197418213,2.8214130656887404,2.6974805834305173,2.7950702913932046,922804400
2009-02-20,2.7301108837127686,2.7660332165358916,2.6642524408682062,2.676226884876782,750316000
2009-02-23,2.6028857231140137,2.754059522774946,2.589714430638083,2.743582281094324,786982000
2009-02-24,2.701671600341797,2.7208303098073015,2.604381847133727,2.6178524962308503,807105600
2009-02-25,2.7289135456085205,2.7815999099718964,2.6717371635904597,2.6899979942488232,833053200
2009-02-26,2.6699392795562744,2.781598121061641,2.6630543770836703,2.7540575119690773,629868400
2009-02-27,2.673532724380493,2.733103982138297,2.6244383053353455,2.6322216936194134,706658400
2009-03-02,2.6325206756591797,2.730110585089879,2.6244381266779913,2.637909374714137,770929600
2009-03-03,2.645392656326294,2.71633982652956,2.630724364508336,2.662156475501243,724340400
2009-03-04,2.729212522506714,2.7771093014755346,2.6777240096966217,2.699576571625236,741403600
2009-03-05,2.6594626903533936,2.7501666929244157,2.6477884084426897,2.707957982750779,706899200
2009-03-06,2.5534920692443848,2.646291813446385,2.4645834198815253,2.64449544697784,1011147200
2009-03-09,2.4879329204559326,2.622342855435149,2.4717684204356174,2.5199643579645095,698297600
2009-03-10,2.653177261352539,2.669342564467604,2.525352841304631,2.540619661241032,844258800
2009-03-11,2.7744157314300537,2.8160261340554316,2.681616168249438,2.688501075372019,846372800
2009-03-12,2.8842780590057373,2.8911637644822883,2.7540589687427133,2.781001070000481,768457200
2009-03-13,2.8717052936553955,2.9097241587644747,2.8441648678992038,2.8827820556123673,601168400
2009-03-16,2.856437921524048,2.9154106563058133,2.8193177465557215,2.889666402392631,797244000
2009-03-17,2.9833643436431885,2.9842620271318046,2.845960216620819,2.8510497542628674,786646000
2009-03-18,3.0390443801879883,3.097717761486355,2.9851611765447448,2.9908482385267847,796037200
2009-03-19,3.0420379638671875,3.089335415994009,3.001026095245854,3.0489228690568697,500180800
2009-03-20,3.041140079498291,3.086642176444894,3.01060644022914,3.0561077378135004,695587200
2009-03-23,3.222848892211914,3.237816552317981,3.0459308220196473,3.0746682977676327,666397200
2009-03-24,3.188122272491455,3.276132434697044,3.154894590328146,3.1839314170647914,640612000
2009-03-25,3.187823534011841,3.24380286631863,3.109093755011486,3.2204534975240944,646618000
2009-03-26,3.2890055179595947,3.292297890590541,3.22045322384993,3.227936452107194,616252000
2009-03-27,3.1986000537872314,3.248891523342757,3.1851294027913193,3.2399110893454823,492872800
2009-03-30,3.127953290939331,3.143519271265977,3.0716745941844725,3.1285518133945036,502796000
2009-03-31,3.1468114852905273,3.216560808504112,3.1432189529979677,3.1566896001718323,570080000
2009-04-01,3.2536816596984863,3.262961254290134,3.1099911292612306,3.1159783512697534,589372000
2009-04-02,3.374021291732788,3.4350897547684767,3.286310491171847,3.297087290521705,812366800
2009-04-03,3.4722092151641846,3.476400269782985,3.3982690356516017,3.4183254262510725,636241200
2009-04-06,3.5458498001098633,3.554830230151209,3.3910833653437336,3.4407764904450118,658064400
2009-04-07,3.4425745010375977,3.492567013917301,3.4183266474756193,3.4883759578012112,536580800
2009-04-08,3.482088565826416,3.4961577373043404,3.430000936653452,3.455445829236023,455630000
2009-04-09,3.579378604888916,3.592250732028871,3.5311822689445047,3.5449532787130926,530756800
2009-04-13,3.598836898803711,3.621587945811359,3.562316038688751,3.592550314850242,389236400
2009-04-14,3.5416605472564697,3.597340920487344,3.509929065463476,3.5793792519089336,454622000
2009-04-15,3.521603584289551,3.5398638117152093,3.4653248974950674,3.508431296433762,412882400
2009-04-16,3.63565731048584,3.6865470971469674,3.5560288591365756,3.5680033027566327,593446000
2009-04-17,3.694629192352295,3.7194757587830996,3.599734141553358,3.627573918678116,497495600
2009-04-20,3.6072182655334473,3.6817575754298337,3.5671046803366835,3.6440388788634452,466466000
2009-04-21,3.6449363231658936,3.656312443094464,3.5503406265613817,3.559021697595656,470685600
2009-04-22,3.637454032897949,3.7524063111311223,3.6281734379931327,3.670981680795686,938767200
2009-04-23,3.7539029121398926,3.8077871258388636,3.697324847469011,3.7904245768669385,945156800
2009-04-24,3.709000825881958,3.746120818224865,3.6811610314653804,3.7311531567345715,540764000
2009-04-27,3.7338457107543945,3.741928460978685,3.671879158078036,3.6790642246251393,480690000
2009-04-28,3.709000825881958,3.7781516697694624,3.6898421072636443,3.6925359585933077,455856800
2009-04-29,3.746119499206543,3.7973086516644154,3.706903992107507,3.7374384264649074,458110800
2009-04-30,3.766775369644165,3.801799424691813,3.7395343047134046,3.778449654978945,498489600
2009-05-01,3.8089852333068848,3.8302394813646394,3.7658780147198536,3.7658780147198536,397516000
2009-05-04,3.953571319580078,3.9589594191536204,3.822154607750168,3.83891842797219,609358400
2009-05-05,3.972730875015259,3.9772208923366086,3.92513325415161,3.943992605880755,398255200
2009-05-06,3.9664437770843506,3.9963790871915585,3.898190646537503,3.991290348262816,473538800
2009-05-07,3.86346697807312,3.9631514511429278,3.8287414816065626,3.9613552841008057,531776000
2009-05-08,3.8673574924468994,3.928425954188595,3.779646693744481,3.8628666765317092,467964000
2009-05-11,3.8787333965301514,3.920343793855222,3.805391519079136,3.8128759469413693,404658800
2009-05-12,3.724565029144287,3.8829238431658917,3.6895409817942175,3.8784334269616463,609481600
2009-05-13,3.57698392868042,3.712591712223049,3.57369055682628,3.688343462584841,595971600
2009-05-14,3.680561065673828,3.6979244142194516,3.583271477563465,3.5856659673808537,447826400
2009-05-15,3.6646955013275146,3.7305533598452953,3.6404476462967046,3.6617014899535483,367567200
2009-05-18,3.7913215160369873,3.792818721342425,3.639250061412462,3.7039108653417157,458841600
2009-05-19,3.8152687549591064,3.8709483013656367,3.7640788241206224,3.796409411934639,372422400
2009-05-20,3.767972230911255,3.8679568504224533,3.7509090460975862,3.820658591009694,388584000
2009-05-21,3.7173819541931152,3.7952138616041107,3.6787655615044073,3.74641958860513,407946000
2009-05-22,3.66709041595459,3.717381893697374,3.6446387277847476,3.7134901984698705,297998400
2009-05-26,3.9149537086486816,3.9164509135127186,3.7284561793274427,3.7347427610963786,636927200
2009-05-27,3.9829092025756836,4.040683903646018,3.91884671858129,3.9448911375159725,646422000
2009-05-28,4.043376922607422,4.05295607545221,3.952372772336822,3.9948808376269054,487552800
2009-05-29,4.065529823303223,4.068223673422715,4.006856248912788,4.052957057248496,456534400
2009-06-01,4.17150354385376,4.19066186288035,4.071219531942345,4.085289509509272,452499600
2009-06-02,4.175692081451416,4.2310722812050034,4.1415653188273005,4.16072482717083,456223600
2009-06-03,4.21939754486084,4.22418692183029,4.16311886826138,4.190958645679978,565199600
2009-06-04,4.302916526794434,4.316088411510678,4.192156148218905,4.19484999768448,550634000
2009-06-05,4.330758571624756,4.382546046618384,4.287052647771583,4.349916883809059,632716000
2009-06-08,4.306210041046143,4.317585361418373,4.173895652611904,4.305312357565027,931652400
2009-06-09,4.272383689880371,4.327464528307164,4.207423536414006,4.3050128476277845,676964400
2009-06-10,4.198441982269287,4.2613065914400545,4.1400681876518055,4.259211064499606,688623600
2009-06-11,4.1894636154174805,4.237659968617576,4.147554247015394,4.1774903666193905,524823600
2009-06-12,4.100256443023682,4.164018374184418,4.072415854058061,4.155337299887028,563085600
2009-06-15,4.073912620544434,4.099058559040836,4.03799047933421,4.071518130875326,539750400
2009-06-16,4.081695556640625,4.145158112738709,4.074211129305881,4.090974951569107,514805200
2009-06-17,4.058645725250244,4.1146250609751,4.027213604020701,4.091274891392652,571412800
2009-06-18,4.067624568939209,4.131087508871232,4.058943498709692,4.0745094729803535,427680400
2009-06-19,4.1753926277160645,4.1759909501102115,4.098159078751318,4.133182721421144,721856800
2009-06-22,4.112229824066162,4.237659349101814,4.081097463272845,4.211017405592629,634914000
2009-06-23,4.011648178100586,4.099658395821043,3.9778215525786615,4.083194724501017,706532400
2009-06-24,4.077805042266846,4.116122479335328,4.037093514783842,4.053857343541153,485525600
2009-06-25,4.186769008636475,4.196947287464688,4.04756967473343,4.063734377039575,589447600
2009-06-26,4.264002323150635,4.297529969637775,4.183176418488254,4.184673224106526,439384400
2009-06-29,4.249932289123535,4.30920419202906,4.237060160672879,4.2945358968623495,567616000
2009-06-30,4.2637038230896,4.304715106269327,4.244844867852922,4.268194240851263,434224000
2009-07-01,4.2756757736206055,4.330458448882662,4.266396379959455,4.295732964993198,414178800
2009-07-02,4.19155740737915,4.275675870213297,4.184672502403568,4.228378419557283,370479200
2009-07-06,4.149351596832275,4.160727725205367,4.078703933155653,4.152045448683262,498688400
2009-07-07,4.053256511688232,4.181380275574924,4.04667096661138,4.1454577398938355,461596800
2009-07-08,4.107738494873047,4.132285704229099,4.023919389249124,4.068823152440799,575929200
2009-07-09,4.081993579864502,4.130788229908531,4.069121454939713,4.123903325730601,343025200
2009-07-10,4.146656036376953,4.16012648912532,4.080797380976235,4.081396902654499,445275600
2009-07-13,4.261008262634277,4.261008262634277,4.1170195606433175,4.1771891473920935,483501200
2009-07-14,4.258911609649658,4.286153064707234,4.225684132813314,4.251727744025596,347247600
2009-07-15,4.396916389465332,4.400508723704807,4.320281924095659,4.3418351301701925,485587200
2009-07-16,4.416073799133301,4.431042255071582,4.3577003781355685,4.363387839832232,393570800
2009-07-17,4.54270076751709,4.550783517203012,4.449302102884972,4.462773352361508,602154000
2009-07-20,4.577426910400391,4.641190045486725,4.5169579474981,4.588204313086967,735526400
2009-07-21,4.535518169403076,4.592994732416153,4.482832185950483,4.58880407442419,874781600
2009-07-22,4.692078590393066,4.751650652764712,4.673219239877004,4.723510708026149,874104000
2009-07-23,4.724409103393555,4.74296829308891,4.6567546918737435,4.688785930822061,526962800
2009-07-24,4.789370536804199,4.789669498311224,4.684895480533673,4.6983663343208075,438362400
2009-07-27,4.792661666870117,4.8160114347827285,4.707645506025704,4.794757194731089,433311200
2009-07-28,4.789668083190918,4.7926612945072495,4.717822618297099,4.756140439382427,363554800
2009-07-29,4.7905659675598145,4.803139134275663,4.7372812882978295,4.756739360915109,382158000
2009-07-30,4.873190879821777,4.930965605065823,4.834573676648665,4.840560901897405,469604800
2009-07-31,4.891149997711182,4.939345944592077,4.8767806622803525,4.8791755515188235,422536800
2009-08-03,4.982151031494141,4.988437212078739,4.935451120631593,4.945628993761475,394240000
2009-08-04,4.955810070037842,4.956408792306578,4.9156968770757565,4.937250079388097,395810800
2009-08-05,4.942636966705322,5.010888879460641,4.915694875264853,4.961795272140909,423183600
2009-08-06,4.906717300415039,4.984549210550291,4.8821700827871,4.956708620187536,341616800
2009-08-07,4.954611778259277,4.987241739276801,4.933357939001207,4.954013455725676,387354800
2009-08-10,4.930962085723877,4.987240763850857,4.89923061391556,4.959102024308827,300294400
2009-08-11,4.874387264251709,4.920787054594125,4.84594874753881,4.9001311302867965,355342400
2009-08-12,4.948624610900879,4.990533957192851,4.863308313764487,4.866002163426483,445071200
2009-08-13,5.041723728179932,5.0492081547520336,4.984248000380374,4.988738416515029,439980800
2009-08-14,4.992630481719971,5.0360362421916625,4.95521114384425,5.027355170033531,305816000
2009-08-17,4.777395725250244,4.8971373936318106,4.772306185757763,4.895939549289188,524381200
2009-08-18,4.909409999847412,4.916594266961802,4.831877469085132,4.838463013966567,431152400
2009-08-19,4.927371501922607,4.948326383093101,4.863010851998243,4.871991286967817,413271600
2009-08-20,4.979161739349365,4.990836828046029,4.927673203309552,4.9387487701464705,342031200
2009-08-21,5.065673351287842,5.0701645681467005,4.993229947415026,5.018675246881291,416074400
2009-08-24,5.060884475708008,5.110278273721499,5.0372357405691925,5.092615963144687,406929600
2009-08-25,5.071063041687012,5.117163469454642,5.062980288934397,5.072859208965371,324354800
2009-08-26,5.0114898681640625,5.0755511451824,4.992031396656911,5.05669179555651,303998800
2009-08-27,5.072561264038086,5.076152800235195,4.9342595424394355,5.051606372954377,449181600
2009-08-28,5.090519905090332,5.163562430642389,5.045018606724523,5.156976884692023,453700800
2009-08-31,5.035438537597656,5.054596850852332,4.984248982617769,5.033941332243376,311337600
2009-09-01,4.9483256340026855,5.0890225577966115,4.9375490337343635,5.0288521737890886,469028000
2009-09-02,4.944733619689941,5.017476369756105,4.912702381155187,4.927969797501037,364249200
2009-09-03,4.985744476318359,5.002208936029711,4.939344707982914,4.9824519041209,293955200
2009-09-04,5.098301887512207,5.1099769697258415,5.00191001706523,5.007597877630847,374628800
2009-09-08,5.176731109619141,5.18301729098905,5.148891335755899,5.178227914631241,315047600
2009-09-09,5.123149394989014,5.222833855899401,5.080041790917446,5.172243022760734,811087200
2009-09-10,5.165657997131348,5.186313517993186,5.113270991899093,5.150690338448007,491134000
2009-09-11,5.153682231903076,5.184216663473427,5.11506585024589,5.176133914024532,348961200
2009-09-14,5.20038366317749,5.205771365002894,5.096507333131586,5.113869482040751,322011200
2009-09-15,5.2434892654418945,5.2581575611766,5.196491166609517,5.209961618139402,426470800
2009-09-16,5.444356918334961,5.470700301710885,5.3249146088328345,5.328207581714968,754023200
2009-09-17,5.524581432342529,5.591636708253764,5.447348680178978,5.447648041226456,810572000
2009-09-18,5.538652420043945,5.584453469687281,5.530868631697226,5.5629002696675025,601582800
2009-09-21,5.508718490600586,5.5428444658033404,5.436873806382754,5.516801242395736,437715600
2009-09-22,5.522486686706543,5.549428785112208,5.473692028103727,5.543741324086045,356753600
2009-09-23,5.553021430969238,5.6548022088467205,5.538951458953684,5.55002821958315,593563600
2009-09-24,5.502729892730713,5.618878803181212,5.471297776295431,5.603911147720652,550880400
2009-09-25,5.459324359893799,5.553022404313576,5.431484571451693,5.448547757844205,445239200
2009-09-28,5.572479248046875,5.588345387114147,5.488061811850772,5.504226912351459,337444800
2009-09-29,5.549428939819336,5.609898282931124,5.517398101674256,5.589842288394992,345385600
2009-09-30,5.548531532287598,5.581460455365736,5.466508585705343,5.571880899746753,539585200
2009-10-01,5.414120674133301,5.574573807118231,5.409330097772039,5.5485305937276275,524711600
2009-10-02,5.535058975219727,5.566192126197071,5.428788994939693,5.430585161323829,553308000
2009-10-05,5.568589687347412,5.593735630917903,5.516202671283335,5.573978589153992,423133200
2009-10-06,5.688028812408447,5.688028812408447,5.606904762815078,5.620075850109385,605085600
2009-10-07,5.695213794708252,5.704194226707756,5.658692145555256,5.68054550264444,465668000
2009-10-08,5.665876388549805,5.731135490569326,5.654500270390704,5.707486769937073,438211200
2009-10-09,5.70180082321167,5.708685729612135,5.646421011830707,5.656898251838939,293272000
2009-10-12,5.711977958679199,5.732932834183235,5.676953512374785,5.718264541234713,288024800
2009-10-13,5.688330173492432,5.722755503658335,5.678750617538589,5.706590402667298,348020400
2009-10-14,5.72634744644165,5.757180039188114,5.694615971086438,5.755084911293464,375510800
2009-10-15,5.704493522644043,5.715270120856625,5.673660533269295,5.676653744114305,373556400
2009-10-16,5.629356384277344,5.698507199601017,5.623069801182086,5.6682725278859065,431426800
2009-10-19,5.683540344238281,5.687731400225001,5.554519289205565,5.623370753120146,942230800
2009-10-20,5.949965000152588,6.039472377360716,5.922723937274432,6.005047047199158,1141039200
2009-10-21,6.134368419647217,6.247824304889169,5.964035910401841,5.972716984667358,1193726800
2009-10-22,6.142749309539795,6.222078410386366,6.062223563533562,6.127781652698065,791392000
2009-10-23,6.105029106140137,6.160709463359261,6.083775270463086,6.157716252471369,420786800
2009-10-26,6.061326503753662,6.189150522167543,5.990080146095574,6.096949682582706,484338400
2009-10-27,5.908353805541992,6.071201805207212,5.880812191805339,6.036776486680381,756551600
2009-10-28,5.759576320648193,5.92781326939024,5.720659775628465,5.918532675203609,818386800
2009-10-29,5.877822399139404,5.891593413855864,5.7517945328962234,5.837409836666303,570270400
2009-10-30,5.642827033996582,5.891290725184578,5.632948118754054,5.869138805517877,717525200
2009-11-02,5.6670732498168945,5.7739423300898345,5.555115032494462,5.681741539278635,678983200
2009-11-03,5.650312900543213,5.673362912549764,5.565595683138753,5.623371592791906,522541600
2009-11-04,5.711977958679199,5.802981327111056,5.694615815745036,5.70958346976763,487530400
2009-11-05,5.8083696365356445,5.837406858411138,5.742212044924199,5.759574985457919,384801200
2009-11-06,5.817649841308594,5.843094734210389,5.759575789135059,5.762868361394064,295097600
2009-11-09,6.030789852142334,6.043960939043236,5.875125702528285,5.895481054982496,528855600
2009-11-10,6.076292037963867,6.136162250882875,6.017319108852752,6.0176184699093715,401195200
2009-11-11,6.084374904632568,6.1367618949565355,6.041866030655776,6.123590007344256,443870000
2009-11-12,6.046657562255859,6.132871169429134,6.029893738691987,6.081082893090645,363731200
2009-11-13,6.120298385620117,6.131673708825412,6.049052035740302,6.073000126665247,343240800
2009-11-16,6.1855573654174805,6.226568640012887,6.13706206278583,6.151131236131829,485206400
2009-11-17,6.1966328620910645,6.20980395108405,6.136762241019473,6.169092440347099,396513600
2009-11-18,6.165501117706299,6.196634279440102,6.106827927610372,6.182864465099605,374320800
2009-11-19,6.002351760864258,6.125087418577619,5.981097921295204,6.125087418577619,542326400
2009-11-20,5.984689712524414,5.998759683500124,5.920029316977152,5.96163970837306,406666400
2009-11-23,6.163106441497803,6.1666987753984825,6.075395220814015,6.076892426287085,474896800
2009-11-24,6.119999408721924,6.163106214901836,6.073898991068177,6.146641351795743,318438400
2009-11-25,6.112512588500977,6.156218496696616,6.099640464723187,6.1487340717490016,286454000
2009-11-27,6.004746913909912,6.075693092974517,5.938289952077605,5.9637348449426195,295257200
2009-11-30,5.984391212463379,6.0373765297963375,5.950264845551375,6.020313346340336,424858000
2009-12-01,5.89638090133667,6.0700063427367255,5.89218984593159,6.054140204417493,465763200
2009-12-02,5.874229431152344,6.029594278204855,5.859860494955306,5.955953030553769,715260000
2009-12-03,5.881711959838867,5.956551032736248,5.875425776676894,5.909851102726429,448719600
2009-12-04,5.787117004394531,5.983492707569764,5.696112820641877,5.978105006653677,826884800
2009-12-07,5.656300067901611,5.800589370836471,5.648217715053779,5.78711851630263,714758800
2009-12-08,5.683837890625,5.758078231071322,5.648813847247586,5.668570876943265,690398800
2009-12-09,5.921228885650635,5.932005488153699,5.697012164158539,5.726049798140388,684782000
2009-12-10,5.8802170753479,5.978106184619281,5.870937278276787,5.97211896090814,489669600
2009-12-11,5.827528953552246,5.9272141999642995,5.790408977066459,5.920627856181224,429774800
2009-12-14,5.89668083190918,5.910151683958479,5.764366401250486,5.848484885872601,495790400
2009-12-15,5.812561511993408,5.912546123174168,5.785619811766464,5.862254656317768,419459600
2009-12-16,5.83830451965332,5.882309793545667,5.823935589292073,5.840400046951143,352984800
2009-12-17,5.743411540985107,5.837408943878738,5.7176672813927745,5.815256618412907,388838800
2009-12-18,5.850279331207275,5.852374858637576,5.765561749534781,5.78262572971965,608770400
2009-12-21,5.934099197387695,5.979601285253537,5.85746435446483,5.868840475952853,611906400
2009-12-22,5.997860431671143,6.012528723254612,5.946970252857833,5.970320014781481,349515600
2009-12-23,6.0499491691589355,6.0583312799970095,6.011332786126656,6.0230070697175995,345525600
2009-12-24,6.257701873779297,6.266982468931988,6.087369379514982,6.093356602399878,500889200
2009-12-28,6.334636211395264,6.404684722095114,6.27476518043398,6.337929583726625,644565600
2009-12-29,6.259500503540039,6.367867281989723,6.248424536526073,6.365173030631425,445205600
2009-12-30,6.335533618927002,6.346311019539031,6.235849158083455,6.25141513784374,412084400
2009-12-31,6.308292865753174,6.386724288461969,6.303204125854948,6.380138343124004,352410800
2010-01-04,6.406479835510254,6.421148128853102,6.357685178167795,6.389117292428329,493729600
2010-01-05,6.417557716369629,6.453779616527876,6.383730305754763,6.424143661736987,601904800
2010-01-06,6.31547737121582,6.44300241273785,6.308891426463777,6.417557116786033,552160000
2010-01-07,6.303803443908691,6.346312334485191,6.258002379505564,6.3388283045102485,477131200
2010-01-08,6.345712184906006,6.346311306888166,6.258301526720459,6.295420710661127,447610800
2010-01-11,6.289731979370117,6.376244930831561,6.240038840929776,6.370257709409591,462229600
2010-01-12,6.21818733215332,6.2795555706186486,6.179271580379201,6.262192223649726,594459600
2010-01-13,6.305897235870361,6.314279347134146,6.109820900374932,6.222677643233084,605892000
2010-01-14,6.269375324249268,6.300209114388348,6.257101920215476,6.289731876751842,432894000
2010-01-15,6.164601802825928,6.334335942731576,6.162805636296458,6.314278749819165,594067600
2010-01-19,6.437314510345459,6.441804927472043,6.2038188149795666,6.23644798038945,730007600
2010-01-20,6.338227272033691,6.452580003712607,6.271470952240817,6.433421294848783,612152800
2010-01-21,6.228664398193359,6.385526444250613,6.2029201385068635,6.348706221631244,608154400
2010-01-22,5.9197282791137695,6.211598459338235,5.902066779487694,6.190045266714828,881767600
2010-01-25,6.078987121582031,6.127781384990366,5.992773118182527,6.062223298689935,1065699600
2010-01-26,6.164901256561279,6.397499629769786,6.064318327485559,6.1652006176540235,1867110000
2010-01-27,6.222975730895996,6.303800822933116,5.973014429516342,6.192141939900389,1722568400
2010-01-28,5.965828895568848,6.151728086535323,5.948167395286947,6.1346653082752445,1173502400
2010-01-29,5.749398708343506,6.052944117569523,5.695215539646516,6.019416468385246,1245952400
2010-02-01,5.829326152801514,5.867344219308913,5.7266476769253405,5.758678520461148,749876400
2010-02-02,5.863152503967285,5.87692311525356,5.788912945872675,5.864649709222942,698342400
2010-02-03,5.964035511016846,5.993073142936888,5.820045995062069,5.84249768167051,615328000
2010-02-04,5.749100685119629,5.938292165191537,5.734731347683228,5.889197728312839,757652000
2010-02-05,5.8511786460876465,5.867344147914242,5.713176355720521,5.766461840157096,850306800
2010-02-08,5.811065196990967,5.923622584466886,5.8074728634091874,5.858064095323747,478270800
2010-02-09,5.8730316162109375,5.912246724527202,5.829924413590137,5.879916522402139,632886800
2010-02-10,5.841001510620117,5.885306566031385,5.815257248239529,5.8640515223531935,370361600
2010-02-11,5.947272777557373,5.97960338806569,5.809270459290544,5.833817678456944,550345600
2010-02-12,5.9984612464904785,6.036179949597363,5.852376212154247,5.930507468863294,655468800
2010-02-16,6.088865756988525,6.097546829310123,6.0325870685662455,6.045159835233856,543737600
2010-02-17,6.063421249389648,6.116107208249717,6.012829619344833,6.112514874778056,436396800
2010-02-18,6.074796199798584,6.103534468019051,6.0146258129229535,6.035879653362987,422825200
2010-02-19,6.0370774269104,6.082878878980489,6.020313603845033,6.042765687880439,415469600
2010-02-22,5.999658107757568,6.061924021996141,5.962837888850493,6.057134643732459,390563600
2010-02-23,5.899074077606201,6.026898455090284,5.858661532717357,5.987084232652767,575094800
2010-02-24,6.006842136383057,6.030191500466852,5.922423513737406,5.934098595460305,460566400
2010-02-25,6.046957969665527,6.072702233585567,5.893987993106553,5.908656292272321,665126000
2010-02-26,6.125385761260986,6.141850219986353,6.046955161439294,6.058330482111786,507460800
2010-03-01,6.256205081939697,6.2714716990172255,6.150233248587524,6.159213682106255,550093600
2010-03-02,6.252015590667725,6.311287505891603,6.218786899195939,6.284345399232535,566546400
2010-03-03,6.266384124755859,6.282549629582634,6.224774516611642,6.254709837298874,372052800
2010-03-04,6.307694911956787,6.313981496908961,6.245428983854919,6.264887860768999,366041200
2010-03-05,6.554361820220947,6.576813504465278,6.425040614578126,6.43432080926729,899620400
2010-03-08,6.558252811431885,6.588487082165762,6.5334062409001685,6.586092593151582,429889600
2010-03-09,6.676198482513428,6.735470380776662,6.522629837448182,6.535202603794772,920259200
2010-03-10,6.730680465698242,6.749839575444052,6.681586845698715,6.700446194673718,596218000
2010-03-11,6.7504377365112305,6.7504377365112305,6.685179015041465,6.702841319961756,405700400
2010-03-12,6.783365726470947,6.817192323134321,6.757920439116255,6.806415326272171,416323600
2010-03-15,6.700745105743408,6.750437044904169,6.593276480135705,6.746845511430092,493502800
2010-03-16,6.719005107879639,6.7348708443629715,6.660930661020982,6.710922758948614,446908000
2010-03-17,6.709127902984619,6.778877045113814,6.683683007301967,6.732477270840053,450956800
2010-03-18,6.72499418258667,6.735471422883019,6.663925708618564,6.708528920083872,342109600
2010-03-19,6.6531500816345215,6.742657077860297,6.622615640337688,6.729186224168811,559445600
2010-03-22,6.727987766265869,6.765407509207064,6.5902848388646085,6.599864395375914,456419600
2010-03-23,6.836053371429443,6.848626537568376,6.708527941535076,6.754628751349084,602431200
2010-03-24,6.866289138793945,6.891135712811128,6.810608768181686,6.814500862538397,597780400
2010-03-25,6.78486442565918,6.914186033638913,6.772889980653051,6.912688828332072,542284400
2010-03-26,6.912090301513672,6.9435220178652495,6.84174164229247,6.853716086252354,640875200
2010-03-29,6.956693649291992,7.000998296036044,6.933644041915092,6.974955077435752,540744400
2010-03-30,7.060271263122559,7.109066733733514,7.012374275695043,7.082722950999136,527310000
2010-03-31,7.034823894500732,7.083020628601271,7.018659195575779,7.049492987071783,430659600
2010-04-01,7.0638628005981445,7.146484075407202,6.967470913639823,7.106970004485837,603145200
2010-04-05,7.139297008514404,7.139895730513482,7.027937114771341,7.034224095442568,684507600
2010-04-06,7.1707305908203125,7.191685064573565,7.094694484240504,7.13061701021889,447017200
2010-04-07,7.202462673187256,7.241977535051865,7.144387424988935,7.171030160528907,628502000
2010-04-08,7.183005332946777,7.230602548852389,7.125828561831358,7.197673627180755,572989200
2010-04-09,7.238086223602295,7.241080633986856,7.198272396046547,7.227310023283484,334182800
2010-04-12,7.253054618835449,7.276403986543577,7.238685285253755,7.250359969107818,333026400
2010-04-13,7.257245063781738,7.2683218250533415,7.217730194766861,7.240182678753062,306210800
2010-04-14,7.354835033416748,7.358427366828353,7.30634013108433,7.342561627274827,404076400
2010-04-15,7.451525688171387,7.454818260347803,7.349445558996167,7.357527908419752,376784800
2010-04-16,7.406025409698486,7.517984082066916,7.320709480083447,7.441049465316241,750545600
2010-04-19,7.39614725112915,7.420694067338683,7.237489030858073,7.394949806467112,566924400
2010-04-20,7.321907997131348,7.461407116457424,7.273113321422935,7.440152871308002,738326400
2010-04-21,7.759861946105957,7.790695743580354,7.65538690754767,7.747288778333816,982391200
2010-04-22,7.976895332336426,7.985277446031243,7.66945817103872,7.730527057167172,793424800
2010-04-23,8.107412338256836,8.147824895283595,7.992759813247972,8.022395368656035,796955600
2010-04-26,8.067595481872559,8.156203952796252,8.028379584795946,8.138841811609028,479068800
2010-04-27,7.84428071975708,8.017906212116669,7.798779417871338,8.000843024068937,709343600
2010-04-28,7.831108570098877,7.9029528474914565,7.67574373150503,7.880501960447519,758402400
2010-04-29,8.041855812072754,8.08256733851539,7.843383723374748,7.873618006992259,558840800
2010-04-30,7.815839767456055,8.099626876571202,7.813145917421498,8.061908179915248,542463600
2010-05-03,7.973300933837891,8.01910278641804,7.869424621559317,7.898163289644792,454342000
2010-05-04,7.743694305419922,7.881696953883939,7.685919620261789,7.86972331105667,723819600
2010-05-05,7.663168907165527,7.727530340996159,7.445837556982879,7.574560424644143,883103200
2010-05-06,7.371598243713379,7.730822742560695,5.964632758847489,7.5985083441848955,1285860800
2010-05-07,7.0605692863464355,7.381178259486309,6.741757279334647,7.295563375063529,1676018400
2010-05-10,7.603298187255859,7.623056020554804,7.439851017684238,7.491340329343618,984306400
2010-05-11,7.6790361404418945,7.7799180368367855,7.498824748867606,7.538937538920077,848906800
2010-05-12,7.845775604248047,7.876908359250789,7.744294989229992,7.760458889887564,654379600
2010-05-13,7.734116554260254,7.932887524213257,7.675442579284099,7.8796020489212255,599712400
2010-05-14,7.598209857940674,7.67783831892895,7.468889048638026,7.638323449561551,759362800
2010-05-17,7.6101861000061035,7.668860095339512,7.415306356973816,7.624555437482614,762834800
2010-05-18,7.554504871368408,7.739805015742562,7.491639832956946,7.69280651702172,782678400
2010-05-19,7.434167385101318,7.571271646916266,7.32969310146513,7.468892492452212,1025726800
2010-05-20,7.117445945739746,7.299752425917736,7.071045383378612,7.240778699648421,1282915200
2010-05-21,7.253952980041504,7.319212103571477,6.9255606355696635,6.96956551988139,1223891200
2010-05-24,7.386866092681885,7.510799207676491,7.371898834908672,7.402432872102711,754238800
2010-05-25,7.340766906738281,7.386866929211572,7.09948739392702,7.165045493198786,1048006400
2010-05-26,7.307535648345947,7.547618431461051,7.296758649774455,7.486250610860838,850654000
2010-05-27,7.584137439727783,7.600302934507743,7.457211567051072,7.501815159160402,666282400
2010-05-28,7.689815044403076,7.765252471987876,7.584142533732536,7.764953510453557,815614800
2010-06-01,7.8080596923828125,7.961029671788008,7.752080345805612,7.7739333142009786,876472800
2010-06-02,7.901456832885742,7.9269013300944176,7.7930897016901,7.919117940652651,688548000
2010-06-03,7.876611709594727,7.949354479757124,7.795486026819358,7.938277716137599,650106800
2010-06-04,7.662273406982422,7.840089144860525,7.622459570623672,7.729627671475128,758304400
2010-06-07,7.511995792388916,7.757765267203943,7.500320309478629,7.732021011240044,886942000
2010-06-08,7.463797569274902,7.597609146038746,7.353635113160996,7.5808449290953455,1000770400
2010-06-09,7.28029727935791,7.540736725827615,7.259043833312108,7.527863794613474,854630000
2010-06-10,7.499124050140381,7.513192823917651,7.250360152083129,7.3293898900526475,776356000
2010-06-11,7.588930606842041,7.5994078462444845,7.4051268780162935,7.430871134687927,545759200
2010-06-14,7.611980438232422,7.757765709220617,7.603898087525033,7.662272307954056,602960400
2010-06-15,7.773932933807373,7.778722712877449,7.648503392177903,7.65269444886422,585074000
2010-06-16,8.000242233276367,8.015209487960174,7.802069194519625,7.816138765641697,783678000
2010-06-17,8.138545989990234,8.169379789731495,8.067598594246176,8.1005275224224,872855200
2010-06-18,8.204401969909668,8.23224295376381,8.125073271477756,8.149919844768355,784621600
2010-06-21,8.087658882141113,8.35228786637832,8.044551655942774,8.312772975643393,776490400
2010-06-22,8.1978178024292,8.261280768744319,8.127469929210713,8.147226966134388,717262000
2010-06-23,8.111600875854492,8.222063109742898,8.019699027879877,8.219668221237892,768457200
2010-06-24,8.052632331848145,8.178360836918422,8.025689824165365,8.112502173056189,714277200
2010-06-25,7.98377799987793,8.09064792109048,7.95713525993437,8.084361737264611,549942400
2010-06-28,8.031671524047852,8.075078468001047,7.918515467694007,7.990659468019295,584948000
2010-06-29,7.668557643890381,7.914626866304004,7.612578318655753,7.906543717128328,1133344800
2010-06-30,7.529659271240234,7.72244306918156,7.484157971974913,7.684724360999601,739452000
2010-07-01,7.438353538513184,7.627545736296522,7.28089361387366,7.612577682926798,1022896000
2010-07-02,7.3922553062438965,7.511697603021252,7.280295838903524,7.4985249135338,693842800
2010-07-06,7.442845344543457,7.567675329127745,7.36890435010149,7.5137919285510515,615235600
2010-07-07,7.7433953285217285,7.746389738734113,7.476372434929725,7.49852355649816,654556000
2010-07-08,7.7260332107543945,7.870023095369515,7.630240061309702,7.857449929756093,738144400
2010-07-09,7.77183723449707,7.780218547891976,7.638324550808872,7.690112834158015,433322400
2010-07-12,7.702083110809326,7.838588532926013,7.629340384314664,7.739203076416657,562878400
2010-07-13,7.537737846374512,7.675440718582618,7.376984575231078,7.673046629776567,1190924000
2010-07-14,7.565581321716309,7.657483206552995,7.453922398150716,7.465298922474627,812047600
2010-07-15,7.527264595031738,7.692507969284041,7.403032503322474,7.430872693331419,824866000
2010-07-16,7.480862617492676,7.63263509384294,7.4362590138761,7.579050657476095,1039858400
2010-07-19,7.351543426513672,7.4802663399156035,7.172530231361184,7.4802663399156035,1024478000
2010-07-20,7.540433883666992,7.570668955878505,7.184801680527691,7.271315042290265,1074950800
2010-07-21,7.610783100128174,7.937378498672599,7.603599232377927,7.935582331894497,1185671200
2010-07-22,7.753875732421875,7.783212328345792,7.642814734386963,7.713762134147924,645318800
2010-07-23,7.781414985656738,7.794586875427857,7.671851209738018,7.696099061681041,533388800
2010-07-26,7.761658668518066,7.786205484182389,7.714660165620327,7.7832118725937836,420551600
2010-07-27,7.9053497314453125,7.926902937986038,7.79219359854126,7.809256786866681,584771600
2010-07-28,7.811948776245117,7.96252462272128,7.790695335643598,7.8930744411979905,519985200
2010-07-29,7.726633071899414,7.862539827544436,7.666463483142204,7.80446536701728,643806800
2010-07-30,7.7008867263793945,7.774228184981086,7.63053807890582,7.660175222438423,448210000
2010-08-02,7.838593006134033,7.860744933991893,7.771837461700658,7.7963842789877225,428055600
2010-08-03,7.84099006652832,7.880803915268839,7.765852388289066,7.813449629829521,417653600
2010-08-04,7.872416973114014,7.911332310576974,7.792489571812044,7.868225918447738,420375200
2010-08-05,7.834101676940918,7.878406324603656,7.799675546839138,7.834999360645479,289097200
2010-08-06,7.785902976989746,7.827812720782201,7.712260964809011,7.776622385610349,444897600
2010-08-09,7.835597515106201,7.847571959380352,7.770338392536278,7.8275143655400985,303128000
2010-08-10,7.7655487060546875,7.796682261533232,7.709868338887863,7.778720594910995,451920000
2010-08-11,7.489546298980713,7.654191759319891,7.4781713728958445,7.6455106843176655,620054400
2010-08-12,7.537442684173584,7.576657798646334,7.367708496848373,7.384771683964344,534920400
2010-08-13,7.456918716430664,7.540138748556679,7.456618955489648,7.533253839263431,354869200
2010-08-16,7.4132080078125,7.484155381738158,7.382673178939917,7.41141184140823,318430000
2010-08-17,7.5428290367126465,7.622457487025985,7.459907214765608,7.486250990387014,422640400
2010-08-18,7.575759410858154,7.623656399599747,7.5311557947298455,7.554505966430486,339696000
2010-08-19,7.4802656173706055,7.588033237097251,7.444343077461723,7.5688741228193175,426706000
2010-08-20,7.47307825088501,7.601201583902618,7.453919143525693,7.465594624253755,384230000
2010-08-23,7.358127117156982,7.543727000948072,7.341663455824161,7.53744081757648,414041600
2010-08-24,7.182409286499023,7.274310380762898,7.144091850746999,7.264432659816038,602565600
2010-08-25,7.2710161209106445,7.303945846575437,7.100684027373025,7.125829563973034,596867600
2010-08-26,7.192883491516113,7.356630408103127,7.192883491516113,7.347649575540995,466505200
2010-08-27,7.232999324798584,7.262635681780235,7.051590447492315,7.236891419799088,548391200
2010-08-30,7.259340286254883,7.356630643722235,7.204857366328339,7.207252255088278,383289200
2010-08-31,7.277303695678711,7.321009626657965,7.194981373235619,7.239883949519503,420786800
2010-09-01,7.493734836578369,7.527561441309118,7.372496390731358,7.40811916203417,697037600
2010-09-02,7.5488152503967285,7.5488152503967285,7.44104766028361,7.521573791949612,415427600
2010-09-03,7.7463908195495605,7.746689780995286,7.618566416172459,7.636228322972726,520788800
2010-09-07,7.717649459838867,7.769137951634952,7.670949944543284,7.682624623526731,342557600
2010-09-08,7.870621204376221,7.914626081551902,7.756266877144225,7.7766234294086365,526551200
2010-09-09,7.875113487243652,7.978390285837363,7.870623469691653,7.934086434528469,438575200
2010-09-10,7.885289669036865,7.917919625904338,7.825119293160206,7.87870372551332,387542400
2010-09-13,7.993960380554199,8.031080379045441,7.955643736333444,7.957439104608985,388780000
2010-09-14,8.024489402770996,8.057717284210678,7.9484532857958206,7.96910880100948,408150400
2010-09-15,8.089147567749023,8.093938143156848,8.017901247788386,8.027780560564178,429368800
2010-09-16,8.2792387008667,8.282232311362895,8.067595634638302,8.089748352310153,652103200
2010-09-17,8.243317604064941,8.320850123441046,8.19272678185309,8.312766974802162,634477200
2010-09-20,8.47861099243164,8.495075454032085,8.257687286318008,8.264572192263758,658677600
2010-09-21,8.494773864746094,8.601942722478631,8.465437281230384,8.497468513875017,668074400
2010-09-22,8.61391830444336,8.620803209818297,8.454062680157456,8.463043512839148,585289600
2010-09-23,8.648944854736328,8.763897148228038,8.561533789435318,8.571412308561708,786116800
2010-09-24,8.75072193145752,8.786944220307218,8.697737021846507,8.744136787450286,649488000
2010-09-27,8.715998649597168,8.822867773143633,8.71150863241631,8.800416887877194,482834800
2010-09-28,8.58727741241455,8.734260141759517,8.232243877090829,8.734260141759517,1035042400
2010-09-29,8.602542877197266,8.67558538678183,8.561531605591636,8.598351821802503,469644000
2010-09-30,8.49417781829834,8.681274119243076,8.41933913804802,8.651338807015373,673391600
2010-10-01,8.457356452941895,8.578893863550254,8.422331603503144,8.566021735777015,448142800
2010-10-04,8.341203689575195,8.468727463992728,8.31515888591153,8.429812137224626,435302000
2010-10-05,8.649543762207031,8.664809982054757,8.436402616852659,8.441791916999971,501967200
2010-10-06,8.657022476196289,8.740841960944786,8.539376396089287,8.668996916692317,670868800
2010-10-07,8.657926559448242,8.695645272047901,8.588776119257112,8.691454215163231,408399600
2010-10-08,8.803112983703613,8.815985115643343,8.681276572236316,8.732465339113576,658403200
2010-10-11,8.841724395751953,8.898003470358459,8.818974556062994,8.82316561050745,427753200
2010-10-12,8.936920166015625,8.965658826866996,8.755810327570664,8.843222155603014,558544000
2010-10-13,8.984819412231445,9.039301538515184,8.97464113393324,8.986615578989953,630092400
2010-10-14,9.049778938293457,9.05456791661567,8.992601366868074,9.031218549766763,435296400
2010-10-15,9.421875,9.429658388241773,9.127609846821127,9.203346203230188,922194000
2010-10-18,9.519464492797852,9.549399000738205,9.408403535478135,9.533534063249094,1093010800
2010-10-19,9.264714241027832,9.392837591444408,8.981226080399777,9.082407731795625,1232784000
2010-10-20,9.295845985412598,9.407205901876667,9.186283034674217,9.250044942180967,721624400
2010-10-21,9.265613555908203,9.42187606374822,9.184188929986902,9.350629715907615,551460000
2010-10-22,9.204245567321777,9.281179375440846,9.169221515923903,9.252141746978467,372778000
2010-10-25,9.245257377624512,9.327878652040706,9.233282932334266,9.252741805612,392462000
2010-10-26,9.221610069274902,9.272200907190056,9.149764188932725,9.186286251115812,392929600
2010-10-27,9.215024948120117,9.276990716503738,9.148268601298655,9.209636446660166,399002800
2010-10-28,9.137490272521973,9.220111544271326,9.007570742765004,9.218614338977288,551051200
2010-10-29,9.009963989257812,9.156647728153782,9.006670617536397,9.10725434659117,430511200
2010-11-01,9.105758666992188,9.148267150182251,9.046486759059206,9.047085481348676,423889200
2010-11-02,9.260821342468262,9.285667911359122,9.190174528711374,9.190174528711374,433930000
2010-11-03,9.363801956176758,9.36619684522669,9.235977550904176,9.320993714090292,508348400
2010-11-04,9.527546882629395,9.584723647559622,9.430555495346455,9.443128660199207,642488000
2010-11-05,9.49341869354248,9.566461187487212,9.48204377355437,9.51916374259779,361253200
2010-11-08,9.53802490234375,9.572450228934374,9.482344538506931,9.495516426575485,281758400
2010-11-09,9.46198844909668,9.618251736392295,9.414690996882983,9.610767309664164,383544000
2010-11-10,9.520364761352539,9.542516686937002,9.386253365167416,9.478753961471648,384227200
2010-11-11,9.479055404663086,9.531442411387168,9.407209521829929,9.429661210334862,361284000
2010-11-12,9.221010208129883,9.474563110702512,9.08929529699851,9.459595852344,795846800
2010-11-15,9.191375732421875,9.29614975068618,9.168325320505756,9.233884221979212,403606000
2010-11-16,9.028223037719727,9.208134627612612,8.960269280175178,9.151856350396208,657650000
2010-11-17,8.995598793029785,9.1000730560261,8.913575421412112,9.016553278061464,479449600
2010-11-18,9.232985496520996,9.270105483692216,9.121027612006197,9.136293833230564,494491200
2010-11-19,9.182096481323242,9.23208860391203,9.137492860467281,9.219216471675907,384843200
2010-11-22,9.380561828613281,9.380561828613281,9.156345641163853,9.180592682504855,393075200
2010-11-23,9.241966247558594,9.332372532070046,9.1770068645055,9.293455575435623,519447600
2010-11-24,9.423672676086426,9.441634344137011,9.33237032793023,9.339853157241379,413725200
2010-11-26,9.42966079711914,9.510486712322583,9.367993996328249,9.391942089981685,237585600
2010-11-29,9.485635757446289,9.503895580899634,9.321290152109258,9.444623696766987,445785200
2010-11-30,9.314408302307129,9.410501224283394,9.306026190871972,9.38595361222329,501858000
2010-12-01,9.471567153930664,9.51197969731623,9.429657405588987,9.437739754393707,461750800
2010-12-02,9.523954391479492,9.549398882786909,9.426364283683135,9.505394005576854,462837200
2010-12-03,9.502700805664062,9.53892229771503,9.469771885849713,9.489828678757949,342092800
2010-12-06,9.583827018737793,9.649086140002703,9.532037947968783,9.538623892187866,448481600
2010-12-07,9.525750160217285,9.698776051205307,9.523056310444217,9.693089390289696,391454000
2010-12-08,9.609567642211914,9.609867402905468,9.492820044734028,9.56825662183097,321935600
2010-12-09,9.57215404510498,9.654176610155524,9.550001317834289,9.643101445563621,294151200
2010-12-10,9.596098899841309,9.61076719299457,9.537424927866235,9.568857441401525,262511200
2010-12-13,9.629326820373535,9.73080902727781,9.609270827090707,9.71015351247397,439815600
2010-12-14,9.588016510009766,9.655371553289285,9.54939933075918,9.631123705734177,351008000
2010-12-15,9.590113639831543,9.669142575980848,9.555088789112704,9.579335840346374,417312000
2010-12-16,9.616755485534668,9.65746779734866,9.582330156745103,9.611965707749244,322030800
2010-12-17,9.597597122192383,9.632920933807997,9.586221400013116,9.628131156048306,386929200
2010-12-20,9.645495414733887,9.676628976994344,9.526352864301662,9.62723478270457,385610400
2010-12-21,9.705065727233887,9.710753189090383,9.640705081924564,9.66914319056922,256354000
2010-12-22,9.733802795410156,9.750567017509324,9.685606855918211,9.709854706059167,265921600
2010-12-23,9.687101364135742,9.733501124055943,9.674229239717265,9.729011108353367,223157200
2010-12-27,9.719432830810547,9.74218427361006,9.62483712462505,9.66465174984317,249816000
2010-12-28,9.743084907531738,9.778707685999674,9.730811499835019,9.756255999014014,175924000
2010-12-29,9.737693786621094,9.772418871960031,9.732005526514929,9.765533167553835,163139200
2010-12-30,9.688898086547852,9.74427788105267,9.670637462620773,9.743380197605369,157494400
2010-12-31,9.655970573425293,9.683510993996164,9.618550837327895,9.667645256107138,193508000
2011-01-03,9.865817070007324,9.886472584377795,9.724222879508137,9.74817096600291,445138400
2011-01-04,9.917309761047363,9.953531264228902,9.823311950692272,9.951735097176424,309080800
2011-01-05,9.998431205749512,10.00860948303007,9.863721909778672,9.865219114942143,255519600
2011-01-06,9.990349769592285,10.035851058055215,9.965503197980372,10.019985319440757,300428800
2011-01-07,10.061897277832031,10.068782184956975,9.935569264085636,9.99813454862787,311931200
2011-01-10,10.251386642456055,10.274736009772536,10.09332797251922,10.14302031826482,448560000
2011-01-11,10.227139472961426,10.326524163300828,10.162179311613148,10.324130073800575,444108000
2011-01-12,10.310357093811035,10.310656854554246,10.237914114839906,10.275333847936329,302590400
2011-01-13,10.348074913024902,10.376813572567176,10.293293841677231,10.332508938468086,296780400
2011-01-14,10.431900024414062,10.431900024414062,10.310961297803608,10.354367472494438,308840000
2011-01-18,10.197508811950684,10.320543507769873,9.758954502020057,9.864327280922714,1880998000
2011-01-19,10.14332103729248,10.435490315228254,10.084647852666128,10.428005887058546,1135612800
2011-01-20,9.958919525146484,10.127156504858734,9.882284664814012,10.071177165450337,764789200
2011-01-21,9.780502319335938,10.024775388432442,9.777807669677333,9.99154670505704,754401200
2011-01-24,10.10170841217041,10.10170841217041,9.780500787510226,9.784991603117176,574683200
2011-01-25,10.219952583312988,10.221150826939349,10.015494171025185,10.068180919295363,546868000
2011-01-26,10.293298721313477,10.345685728562433,10.222950842697992,10.266655976080205,506875600
2011-01-27,10.274139404296875,10.318444058529778,10.262764479087418,10.29120259147334,285026000
2011-01-28,10.061296463012695,10.30976140225484,9.984363451139666,10.302876496014777,592057200
2011-01-31,10.157691955566406,10.179245962670063,10.007416625072235,10.052319207813435,377246800
2011-02-01,10.328619956970215,10.347179546051013,10.207381507650915,10.216961062976278,426633200
2011-02-02,10.307365417480469,10.335204800289247,10.284315012832524,10.311257511398864,258955200
2011-02-03,10.281020164489746,10.304969048664605,10.134636207099726,10.291797162368432,393797600
2011-02-04,10.372626304626465,10.378613527550101,10.283119320323602,10.287010615542863,321840400
2011-02-07,10.533681869506836,10.574692357727812,10.40675511190182,10.414238742627003,485021600
2011-02-08,10.633065223693848,10.642644781377804,10.541762862286648,10.587563923419632,381040800
2011-02-09,10.721672058105469,10.746818391220021,10.623185051174172,10.632763807284277,482745200
2011-02-10,10.613304138183594,10.776752081389683,10.417525999484845,10.698620842229257,928550000
2011-02-11,10.68245792388916,10.7108960327416,10.58337138636325,10.619593684107219,367572800
2011-02-14,10.75220775604248,10.761187791325506,10.67826754920212,10.680662438440853,310416400
2011-02-15,10.773761749267578,10.775857677186163,10.703413871130635,10.752507505397535,284174800
2011-02-16,10.870453834533691,10.923438762585873,10.791723046806405,10.800703082436998,481157600
2011-02-17,10.725863456726074,10.784836397945154,10.6725779770695,10.694431738370596,530583200
2011-02-18,10.494163513183594,10.761785956993464,10.463029957002925,10.738136828421904,816057200
2011-02-22,10.136432647705078,10.339694411148702,10.10979071238255,10.24240406496055,872555600
2011-02-23,10.256476402282715,10.316944949976143,10.136434592481569,10.141225169727248,671854400
2011-02-24,10.264263153076172,10.332216955304066,10.129254831381312,10.2983903343315,499900800
2011-02-25,10.422318458557129,10.430400809049798,10.321735521148156,10.33550533319313,380018800
2011-02-28,10.573493957519531,10.62857481344485,10.510928672748701,10.514521006747604,403074000
2011-03-01,10.456742286682129,10.648628338986764,10.40794763057117,10.641144711803664,456136800
2011-03-02,10.540862083435059,10.607618412463196,10.429502147698408,10.476201681874969,602590800
2011-03-03,10.763578414916992,10.770463318557416,10.654613403916839,10.692631853010324,500788400
2011-03-04,10.776755332946777,10.785436406725632,10.709400272386913,10.778850461342207,453266800
2011-03-07,10.63785171508789,10.826744149107832,10.516613282495253,10.818661000736201,546123200
2011-03-08,10.64982795715332,10.698922384041122,10.544754196938381,10.624382660302407,356316800
2011-03-09,10.551338195800781,10.619890684182046,10.49535967216068,10.617794756937842,453306000
2011-03-10,10.377716064453125,10.470516430166413,10.324730335414293,10.45105755407088,507539200
2011-03-11,10.536971092224121,10.546850409649377,10.327723647950764,10.33760136665162,471080400
2011-03-14,10.583968162536621,10.671379999376983,10.51661391778418,10.572592441470018,435957200
2011-03-15,10.340598106384277,10.412742159873941,10.18104217795332,10.240912821465583,721081200
2011-03-16,9.878988265991211,10.267849911045685,9.766730660075924,10.237914602759076,1162011200
2011-03-17,10.017593383789062,10.166372285305007,9.898450038493243,10.083151480360275,659422400
2011-03-18,9.898746490478516,10.124160194178934,9.87868969723776,10.092128957402787,753214000
2011-03-21,10.15709114074707,10.170262231901413,10.036151634999905,10.058005398492563,409402000
2011-03-22,10.213967323303223,10.25647660285101,10.152300530570866,10.254680436109554,325922800
2011-03-23,10.153799057006836,10.184632057703704,10.056807639072712,10.15649290778845,372996400
2011-03-24,10.326827049255371,10.357660853008275,10.143921753532537,10.233428753445011,404712000
2011-03-25,10.52349853515625,10.539064511564916,10.388189728466415,10.419622241399273,448910000
2011-03-28,10.490571975708008,10.606722508089922,10.490571975708008,10.571697651741536,309355200
2011-03-29,10.506138801574707,10.506138801574707,10.359455828055726,10.407352015561505,352900800
2011-03-30,10.436385154724121,10.503740993083973,10.400762387869923,10.49655552833098,329406000
2011-03-31,10.432799339294434,10.471415737892713,10.359457838303063,10.36843787560156,274019200
2011-04-01,10.31454849243164,10.524994929694397,10.27682979669695,10.510626397590997,418661600
2011-04-04,10.213667869567871,10.315748009381707,10.130148118521145,10.3070669368975,460084800
2011-04-05,10.144813537597656,10.245396443674052,10.058300199982035,10.08793654170598,482731200
2011-04-06,10.119372367858887,10.294794002664784,10.092430664071737,10.214567613595538,402539200
2011-04-07,10.12056827545166,10.190915330778612,10.059199654348522,10.121166198243632,373447200
2011-04-08,10.030162811279297,10.18253400207306,9.996934930834238,10.175649096995278,377535200
2011-04-11,9.902641296386719,10.048425789865446,9.879291924459965,10.000229840478942,398946800
2011-04-12,9.95053482055664,9.990348643313748,9.884676185362082,9.893357256599904,425639200
2011-04-13,10.062198638916016,10.062497600447914,9.954131239396407,10.028969943944194,346220000
2011-04-14,9.951133728027344,10.058302602233589,9.94035752794101,10.022380070100981,301800800
2011-04-15,9.802651405334473,9.987652520113723,9.782894377245134,9.97747424536613,453605600
2011-04-18,9.934069633483887,9.945445354079787,9.584124937926777,9.761941415694807,609898800
2011-04-19,10.113985061645508,10.117576596176836,9.929881546730373,9.971492347983048,419378400
2011-04-20,10.250186920166016,10.350171111022899,10.222946264137708,10.283115835725326,700666400
2011-04-21,10.4983549118042,10.630969103351676,10.43309577989495,10.627077008724523,753810400
2011-04-25,10.567503929138184,10.589656649584507,10.486378273573774,10.487576517284271,266546000
2011-04-26,10.489974975585938,10.626779441819941,10.457943728046102,10.585768157972987,338800000
2011-04-27,10.481888771057129,10.54774741409002,10.390586432776852,10.544454042289228,356213200
2011-04-28,10.380110740661621,10.46991588713397,10.343289719335042,10.363346516463002,360959200
2011-04-29,10.481294631958008,10.595647416676785,10.377717252069605,10.381010625059304,1006345200
2011-05-02,10.36604118347168,10.491470715925335,10.342691811575513,10.469617750197934,442713600
2011-05-03,10.423516273498535,10.474107108998387,10.346282695228059,10.41723008900564,313348000
2011-05-04,10.46452808380127,10.532182103504319,10.384001135247297,10.42531217368593,389250400
2011-05-05,10.380110740661621,10.505839224702441,10.359155460413346,10.429503331412752,335969200
2011-05-06,10.377416610717773,10.477400840540682,10.363945758135621,10.468121044218215,280134400
2011-05-09,10.40555191040039,10.453448879140911,10.373520677662839,10.413334498355091,204747200
2011-05-10,10.46093463897705,10.468119305657558,10.37741488722144,10.444170416722534,282091600
2011-05-11,10.394478797912598,10.477400638983532,10.334907926344377,10.448064045092336,336000000
2011-05-12,10.374720573425293,10.391185834782254,10.24599928804265,10.361250522006408,322000000
2011-05-13,10.193013191223145,10.365141446650787,10.188523173897632,10.347480338801427,326116000
2011-05-16,9.977476119995117,10.214565297784178,9.956520844518748,10.154095958704989,449775200
2011-05-17,10.062493324279785,10.062493324279785,9.900542573951475,9.938561032176375,452334400
2011-05-18,10.174153327941895,10.209477140588954,10.058303372763955,10.072372945662822,334776400
2011-05-19,10.1939115524292,10.250189846181364,10.138231181575259,10.24031132856604,261170000
2011-05-20,10.034955978393555,10.206486336025717,10.028968754841635,10.164875532021028,337968400
2011-05-23,10.010406494140625,10.057704752013827,9.861328652323477,9.877793114338255,383600000
2011-05-24,9.94425106048584,10.055312053612955,9.918805761298277,10.043337607086514,321927200
2011-05-25,10.081655502319336,10.134940996686153,9.96400934820238,9.981371498482117,294224000
2011-05-26,10.028367042541504,10.084945089195026,10.011303860187047,10.057404668429632,222560800
2011-05-27,10.10051155090332,10.107097495162739,10.007712007152335,10.022380301503631,203599200
2011-05-31,10.412439346313477,10.412439346313477,10.207980095509495,10.210974506105838,417754400
2011-06-01,10.342988014221191,10.541160259714708,10.317244559194151,10.443571741780653,554682800
2011-06-02,10.360651969909668,10.416931066633314,10.30676856174338,10.372626415885383,338783200
2011-06-03,10.281020164489746,10.337598204309916,10.238212733070121,10.273237576494873,313250000
2011-06-06,10.119372367858887,10.38909076528202,10.1124874611796,10.348678209601292,461941200
2011-06-07,9.9397611618042,10.124762380920815,9.935570105132687,10.123265974647866,529785200
2011-06-08,9.945746421813965,10.02238127280815,9.898150000277022,9.931976609117337,333723600
2011-06-09,9.923294067382812,9.988553185713894,9.90114134691454,9.975980020042712,275088800
2011-06-10,9.755958557128906,9.928386612775988,9.744283070562494,9.895157919014574,433955200
2011-06-13,9.776908874511719,9.828098419222364,9.731107829143566,9.794869739624675,329473200
2011-06-14,9.95173168182373,9.975979529029374,9.858033664481585,9.878689178815133,334569200
2011-06-15,9.781401634216309,9.887672039045796,9.725421501825123,9.871207576352685,399196000
2011-06-16,9.733802795410156,9.83917550766146,9.529344353875793,9.785890828999035,510591200
2011-06-17,9.587121963500977,9.856242486360006,9.560180254871906,9.848459095162486,615020000
2011-06-20,9.439236640930176,9.51048297089904,9.29494781472288,9.500304695371506,640645600
2011-06-21,9.737993240356445,9.752960495501569,9.435645733569952,9.479950375549144,493382400
2011-06-22,9.657468795776367,9.845763357302987,9.650583089816891,9.733803888718107,390583200
2011-06-23,9.915507316589355,9.929277122578544,9.523054256747262,9.547600258866733,559759200
2011-06-24,9.769425392150879,9.972986129712728,9.73170669555631,9.919701456371115,439807200
2011-06-27,9.9397611618042,9.99544154393484,9.796370748530736,9.806549029018697,339813600
2011-06-28,10.036150932312012,10.07925813525852,9.981668805896208,9.987954989885143,294299600
2011-06-29,9.999626159667969,10.06937527379712,9.934964983462079,10.059496760544071,352545200
2011-06-30,10.04842472076416,10.06219613249834,9.963708316330196,10.019387889370844,322954800
2011-07-01,10.27563762664795,10.282821496147108,10.004421972662282,10.056808984067288,435313200
2011-07-05,10.460334777832031,10.472309220995765,10.252882745873512,10.267850000466153,355054000
2011-07-06,10.530083656311035,10.600133347763535,10.378909912152348,10.445965193524273,444626000
2011-07-07,10.692935943603516,10.716884036846986,10.597141971905163,10.61719956914356,399663600
2011-07-08,10.768071174621582,10.776753045920211,10.543256191688155,10.577382556615971,489633200
2011-07-11,10.597142219543457,10.769870813730678,10.561818401486816,10.667191932689862,442674400
2011-07-12,10.5896577835083,10.7073039055737,10.436088327142793,10.58307103952448,451609200
2011-07-13,10.717480659484863,10.776752553926682,10.668385442923244,10.726759653816286,391638800
2011-07-14,10.710000038146973,10.824952334315984,10.667192588027415,10.806990663338496,430533600
2011-07-15,10.92403507232666,10.926429961129173,10.751906836137564,10.8117774574762,484467200
2011-07-18,11.189864158630371,11.215308657718014,10.934814050547162,10.939304068183281,572653200
2011-07-19,11.281166076660156,11.335049479840375,11.17549359910835,11.315591406611487,819145600
2011-07-20,11.582015991210938,11.862511356877183,11.555074290595048,11.85802133989524,941340400
2011-07-21,11.593692779541016,11.676613018819625,11.49221134993677,11.583514500625583,526534400
2011-07-22,11.773606300354004,11.82599330992875,11.607464435866644,11.62452762413542,516728800
2011-07-25,11.929268836975098,11.97417140921489,11.663441740402526,11.685293904561805,589806000
2011-07-26,12.076250076293945,12.108880036839288,11.964591182644359,11.97416993857809,476582400
2011-07-27,11.752349853515625,12.053201000634123,11.73917796353088,11.99183316679392,659324400
2011-07-28,11.72929859161377,11.884064690534888,11.618837138234781,11.723312168691532,594034000
2011-07-29,11.68918228149414,11.82898109153406,11.495201120794796,11.604166142926626,632584400
2011-08-01,11.876882553100586,11.959204073733753,11.745764764061347,11.907715553312876,612836000
2011-08-02,11.642186164855957,11.911305803441152,11.62542274231277,11.903822175485912,639539600
2011-08-03,11.751749992370605,11.781086581495051,11.442517562773814,11.704151976037771,732508000
2011-08-04,11.296731948852539,11.714330717638635,11.296133226614815,11.65715474234129,871407600
2011-08-05,11.184473037719727,11.48023621466397,10.853687409170323,11.388633315029308,1204590800
2011-08-08,10.573493957519531,11.009353424343665,10.567805695673472,10.827345831877233,1143833600
2011-08-09,11.196146965026855,11.214108628876287,10.627073972174804,10.815667445783909,1082583600
2011-08-10,10.887208938598633,11.215300532597103,10.851586186066124,11.11052660252034,878656800
2011-08-11,11.186869621276855,11.239256619932423,10.918048922334668,11.091674380754199,741969200
2011-08-12,11.285358428955078,11.364686337549976,11.202736348599888,11.317687835087868,528976000
2011-08-15,11.477543830871582,11.524243373225353,11.318286888622366,11.364387708646442,460544000
2011-08-16,11.38983154296875,11.476345715509877,11.257517113288442,11.420965102293255,498750000
2011-08-17,11.38863468170166,11.510770830055138,11.315592161858033,11.44461401615107,442061200
2011-08-18,10.95786190032959,11.155437033104073,10.817764099983583,11.10125307252703,851435200
2011-08-19,10.65790843963623,10.986300753316035,10.657010756067686,10.841712147903412,775888400
2011-08-22,10.670184135437012,10.92284014772494,10.629771579572434,10.9117633855876,535315200
2011-08-23,11.18387508392334,11.185072528343019,10.686946840826245,10.785733607363406,656835200
2011-08-24,11.261110305786133,11.344330307101812,11.09406998213249,11.179984633469639,626267600
2011-08-25,11.187466621398926,11.239254889823075,10.92642935201178,10.928824240680784,871346000
2011-08-26,11.482629776000977,11.489214920204022,11.100054320705755,11.111130280656885,641477200
2011-08-29,11.673914909362793,11.71971674809187,11.614942783801709,11.620330483076273,405269200
2011-08-30,11.674516677856445,11.729897284806492,11.561360575048537,11.622428643473587,417922400
2011-08-31,11.520050048828125,11.737081654757445,11.431141798778834,11.691879326808555,522586400
2011-09-01,11.406299591064453,11.595192124676556,11.397019792911637,11.549690817892634,343725200
2011-09-02,11.197347640991211,11.315592497693437,11.130891064292008,11.218002361336312,438939200
2011-09-06,11.367676734924316,11.385337837854475,10.970731975724991,10.99737470952884,509698000
2011-09-07,11.493106842041016,11.54309894113102,11.435330555855735,11.541901496864362,350576800
2011-09-08,11.499396324157715,11.633207961582967,11.444614432283098,11.447308282975,416158400
2011-09-09,11.30002212524414,11.555071331490861,11.226380110191814,11.49310559581536,564813200
2011-09-12,11.373665809631348,11.40180415423026,11.132984282061786,11.165914002971766,467832400
2011-09-13,11.513761520385742,11.56135792812628,11.382942742152025,11.439520780602685,440560400
2011-09-14,11.653861999511719,11.74097409139822,11.547890555799803,11.585609259450633,534724400
2011-09-15,11.763423919677734,11.784379195821062,11.671821824908767,11.717622872293251,417818800
2011-09-16,11.989136695861816,11.989136695861816,11.825390575823894,11.840657591760765,698513200
2011-09-19,12.322320938110352,12.370217924672998,11.830482939008943,11.884365550087704,823860800
2011-09-20,12.376801490783691,12.658494294881857,12.309147479895834,12.430684890865557,775754000
2011-09-21,12.3375883102417,12.620477803536478,12.333397254125051,12.562103578097943,605976000
2011-09-22,12.028653144836426,12.26813725264598,11.87538424309842,12.005004814611395,968480800
2011-09-23,12.10289478302002,12.175937305305052,11.969681868291007,11.982553998132058,546277200
2011-09-26,12.069062232971191,12.09331007625011,11.713729090550556,11.969975732367093,812876400
2011-09-27,11.95201587677002,12.251069971187414,11.916093350203331,12.235503995980286,632497600
2011-09-28,11.884661674499512,12.086126465497403,11.869692822622662,11.979855291046482,429637600
2011-09-29,11.691879272460938,12.04032760449662,11.561360228978243,12.031646532146704,651086800
2011-09-30,11.414972305297852,11.641584186693501,11.410781251281472,11.58859768916733,547640800
2011-10-03,11.2138090133667,11.454490533051029,11.17100237599136,11.386537564168279,669099200
2011-10-04,11.150946617126465,11.42934608113137,10.6043267671914,11.212913173774364,1233677200
2011-10-05,11.323075294494629,11.3700729899542,10.785733697427482,11.012045898463853,786469600
2011-10-06,11.296731948852539,11.51855334207556,11.129991402775897,11.175792454918613,812582400
2011-10-07,11.07011890411377,11.307805996726957,11.030903803223165,11.249132826084649,535458000
2011-10-10,11.639190673828125,11.639190673828125,11.32187514756149,11.348218920586152,442514800
2011-10-11,11.982851028442383,12.069365188291393,11.719719413102526,11.751749852126723,605687600
2011-10-12,12.039727210998535,12.251070525914649,11.978359392134642,12.193894561294185,622286000
2011-10-13,12.226524353027344,12.226524353027344,12.059484079590124,12.12324598673811,426185200
2011-10-14,12.632752418518066,12.632752418518066,12.431285954389443,12.477986295483591,573367200
2011-10-17,12.572579383850098,12.77344628411052,12.451340137569005,12.624966376955378,686044800
2011-10-18,12.639931678771973,12.716866270020924,12.452835417938104,12.625562348289444,881602400
2011-10-19,11.932857513427734,12.226224146221908,11.908309907490759,12.014581081130126,1104059600
2011-10-20,11.833775520324707,11.984650358835339,11.800847388978712,11.97417311713039,549270400
2011-10-21,11.760727882385254,11.9484236651337,11.697264937992776,11.917290915042331,621244400
2011-10-24,12.14689826965332,12.168750432157395,11.836468385175502,11.859817752946071,502138000
2011-10-25,11.907415390014648,12.170248882163012,11.89574150429752,12.124746787074262,430427200
2011-10-26,11.992135047912598,12.050509280713644,11.769115358640372,12.026859347105727,456304800
2011-10-27,12.114564895629883,12.2435875134116,12.030746197353244,12.200479520996572,494664800
2011-10-28,12.122350692749023,12.164260449898869,12.049308178695266,12.063976473793394,322842800
2011-10-31,12.117262840270996,12.253469361136235,12.005603133511476,12.046615209990177,385501200
2011-11-01,11.869695663452148,11.9592026405085,11.77120865209957,11.896638164427243,531790000
2011-11-02,11.896638870239258,11.987343297164767,11.827786607469017,11.976866056956144,327350800
2011-11-03,12.066068649291992,12.07594716343126,11.835266494981179,11.946326637435721,441386400
2011-11-04,11.98135757446289,12.077150753075827,11.949027366688995,12.03494202613591,302229200
2011-11-07,11.966086387634277,11.974169536824968,11.858319591620418,11.971475686669448,270275600
2011-11-08,12.160667419433594,12.213653934591196,12.020869382497173,12.040327454367045,400442000
2011-11-09,11.83287525177002,12.00081324131655,11.801443533520892,11.883466081511608,558684000
2011-11-10,11.531723022460938,11.8906485419239,11.43982117497892,11.88526004281652,744752400
2011-11-11,11.513761520385742,11.635897629273309,11.383242502877932,11.573332369923861,653786000
2011-11-14,11.353310585021973,11.532624307310515,11.32157910415319,11.480835230765608,432905200
2011-11-15,11.639792442321777,11.659848437976153,11.35899811145291,11.399410662919736,430810800
2011-11-16,11.518255233764648,11.70894388411194,11.504783582736973,11.6523658274996,349210400
2011-11-17,11.297931671142578,11.512568440786557,11.240754884955491,11.494606770033512,479900400
2011-11-18,11.223990440368652,11.37516423579951,11.222194273328322,11.343133789290375,371938000
2011-11-21,11.046472549438477,11.12639997050056,10.953672200466487,11.088081746935647,447980400
2011-11-22,11.270987510681152,11.313495989513635,11.10424696728679,11.106641856199161,409021200
2011-11-23,10.985998153686523,11.250926648632998,10.98270478294147,11.211112034538424,428271200
2011-11-25,10.883625030517578,11.11053520130326,10.876140601604202,11.028811600492855,254760800
2011-11-28,11.259308815002441,11.277270476720341,11.085983175915123,11.146452504974933,346413200
2011-11-29,11.171899795532227,11.340436487737177,11.082093868928755,11.250929522534985,375855200
2011-11-30,11.441319465637207,11.44371435452395,11.324571030494871,11.414078803593684,405938400
2011-12-01,11.612850189208984,11.644880630140818,11.397913700315637,11.451498141978343,387181200
2011-12-02,11.6658353805542,11.78348149811725,11.632307735852674,11.66972667527339,379055600
2011-12-05,11.764922142028809,11.866703328859517,11.686491923011141,11.779291476460111,357210000
2011-12-06,11.703252792358398,11.813416066892305,11.656255102987606,11.749952319703555,283598000
2011-12-07,11.647573471069336,11.702954070859123,11.577823539690497,11.672719001988163,304746400
2011-12-08,11.694575309753418,11.839462913986594,11.681703179533027,11.718224441751822,376356400
2011-12-09,11.783183097839355,11.79575626581494,11.705650560395403,11.76013348892741,296993200
2011-12-12,11.729901313781738,11.791568125614997,11.658355981491736,11.72511153432092,301067200
2011-12-13,11.639190673828125,11.83646601332714,11.588001132107243,11.764620158985483,338928800
2011-12-14,11.381149291992188,11.596385538179135,11.306011650185626,11.57602898226516,406887600
2011-12-15,11.343731880187988,11.487422037966759,11.324872526995469,11.475148630222176,256200000
2011-12-16,11.405994415283203,11.499692434396545,11.362588257967873,11.386237383475214,421478400
2011-12-19,11.441618919372559,11.520648651789914,11.389829848267672,11.449402308045588,235530400
2011-12-20,11.852930068969727,11.85742088465743,11.592791296862883,11.607758550856571,337215200
2011-12-21,11.867898941040039,11.893344233819066,11.734985016158388,11.875082807784358,262948000
2011-12-22,11.930767059326172,11.948130008075642,11.857425567324695,11.88436647528029,202358800
2011-12-23,12.07385540008545,12.081638788900365,11.95890313259762,11.96489035476294,269399200
2011-12-27,12.16965103149414,12.246285892070679,12.064577259529978,12.066972948245404,265076000
2011-12-28,12.053199768066406,12.221136951706562,12.014283623725973,12.180425440095801,228662000
2011-12-29,12.12744140625,12.143307947764878,11.989440304905497,12.07595288430651,215978000
2011-12-30,12.123847961425781,12.16216538536071,12.078645631423228,12.07924355430011,179662000
2012-01-03,12.310346603393555,12.348365069166784,12.243591066395002,12.25556551220739,302220800
2012-01-04,12.376500129699707,12.413620901855223,12.251969123787234,12.273522321160703,260022000
2012-01-05,12.513904571533203,12.529470548226165,12.353450231183752,12.421703757601282,271269600
2012-01-06,12.644722938537598,12.65520017689554,12.549528511012555,12.565992971107052,318292800
2012-01-09,12.624666213989258,12.804877592428314,12.613290492628005,12.73752334593129,394024400
2012-01-10,12.669873237609863,12.752495329937414,12.61778518826536,12.749800679461057,258196400
2012-01-11,12.64921760559082,12.658198441497415,12.552226975886615,12.653108901469174,215084800
2012-01-12,12.614489555358887,12.659691886471602,12.535459816592004,12.6411322959684,212587200
2012-01-13,12.567193031311035,12.58635214607462,12.532767696013616,12.563901257504442,226021600
2012-01-17,12.71357536315918,12.752192546635523,12.661487329425261,12.698607307671816,242897200
2012-01-18,12.845585823059082,12.856362019460299,12.76146738231338,12.78122440851711,276791200
2012-01-19,12.804880142211914,12.913245680362445,12.767760159214117,12.87672521902299,261738400
2012-01-20,12.581856727600098,12.797391893694167,12.565392269052438,12.79709293231645,413974400
2012-01-23,12.794702529907227,12.825836090928306,12.641732572404942,12.652808535779393,306062400
2012-01-24,12.585151672363281,12.725549228680876,12.559407417458196,12.725549228680876,547638000
2012-01-25,13.37095832824707,13.604154657684965,13.283247513913505,13.603855696230426,958314000
2012-01-26,13.31019115447998,13.434721400740852,13.265587540499927,13.421850069851287,323985200
2012-01-27,13.389516830444336,13.425439362291666,13.284443884424082,13.301506267705447,299709200
2012-01-30,13.561046600341797,13.58768933848494,13.332939038325474,13.342517794136134,379341200
2012-01-31,13.664920806884766,13.71760675660965,13.562840680170043,13.638278071270587,391683600
2012-02-01,13.656242370605469,13.740061887860225,13.637084857105998,13.722699741769576,270046000
2012-02-02,13.624211311340332,13.685578341495107,13.59008494360075,13.647560678942533,186796400
2012-02-03,13.760714530944824,13.77029408505521,13.63738096922157,13.689468995334803,286599600
2012-02-06,13.889142990112305,13.919378071499665,13.71641677431861,13.721804476532833,249412800
2012-02-07,14.034626007080078,14.062167229260593,13.90739953345581,13.927457127550934,316223600
2012-02-08,14.26961612701416,14.272907899460172,14.060666114800064,14.084614998355796,407890000
2012-02-09,14.763256072998047,14.87042496638625,14.385770056944365,14.391757279931786,884214800
2012-02-10,14.770733833312988,14.896462268645307,14.624947809261023,14.697093417913306,631302000
2012-02-13,15.045540809631348,15.082361015241037,14.880595688995314,14.953638177549674,517216000
2012-02-14,15.250905990600586,15.253898803163027,15.027588136548973,15.107215815660894,460398400
2012-02-15,14.897967338562012,15.754717431211192,14.87461636775194,15.39459513347099,1506120000
2012-02-16,15.033866882324219,15.114094043482604,14.567472766952676,14.713258797777913,944552000
2012-02-17,15.031181335449219,15.200316821796939,14.976698394646867,15.060816896165589,535805200
2012-02-21,15.412260055541992,15.412260055541992,15.091052266002153,15.173674362726732,605595200
2012-02-22,15.358070373535156,15.431411845673152,15.239226013549933,15.359267817952189,483302400
2012-02-23,15.458349227905273,15.501457214877618,15.252094680535594,15.419134133244071,568027600
2012-02-24,15.638565063476562,15.653233358025936,15.525709523363778,15.55654251831519,415072000
2012-02-27,15.738852500915527,15.820875059969236,15.45506451855387,15.605638784257302,547582000
2012-02-28,16.02773094177246,16.02773094177246,15.741548039466583,15.80471205141697,600387200
2012-02-29,16.238170623779297,16.392938310434257,16.036406842658966,16.21182844632298,952011200
2012-03-01,16.298933029174805,16.41089323257381,16.128301273112836,16.409694189970544,683270000
2012-03-02,16.320192337036133,16.36868642879821,16.240563097512,16.29205319784435,431712400
2012-03-05,15.960367202758789,16.389040980768662,15.746027915668309,16.32737501039778,809124400
2012-03-06,15.873562812805176,15.976240903606294,15.453269292758797,15.675989222810875,810238800
2012-03-07,15.886431694030762,16.098673528607495,15.665208226646325,16.06933693871406,798520800
2012-03-08,16.22469711303711,16.254631615749325,15.929233787078443,16.006167569364134,516457200
2012-03-09,16.31989288330078,16.396826672024925,16.258225308543782,16.291154223517207,418919200
2012-03-12,16.52435874938965,16.52435874938965,16.37467976796587,16.433952478342338,407282400
2012-03-13,17.006311416625977,17.008706304949282,16.636608125653755,16.690194151568708,690855200
2012-03-14,17.649337768554688,17.803205461819196,17.224852288139008,17.30418262361424,1418844000
2012-03-15,17.528987884521484,17.96155469662132,17.319140942179715,17.949580252216442,1159718000
2012-03-16,17.5292911529541,17.6379564648604,17.302679932766395,17.5038458520228,825487600
2012-03-19,17.994186401367188,18.014242398645383,17.63346462202273,17.912462808791123,901236000
2012-03-20,18.139671325683594,18.167808871276,17.706206040935854,17.946587011400798,816662000
2012-03-21,18.03608512878418,18.250123825326053,18.003456781537572,18.04326979204677,644042000
2012-03-22,17.94149398803711,18.095961082832925,17.827439433448173,17.894793667126308,623870800
2012-03-23,17.8430118560791,18.015140107184166,17.793617669928025,17.975924998687926,430488800
2012-03-26,18.170204162597656,18.175294500503952,17.81936253449648,17.95496792128975,595742000
2012-03-27,18.39472770690918,18.448611127564597,18.142671156234066,18.146263490859415,607129600
2012-03-28,18.488719940185547,18.603372459497418,18.26989134246051,18.51146978819235,655460400
2012-03-29,18.256418228149414,18.456986171084647,18.177689055538952,18.343830071821863,608238400
2012-03-30,17.947792053222656,18.277380373801545,17.89959529492441,18.223795912731376,731038000
2012-04-02,18.518945693969727,18.5231359484751,17.972623477031465,18.016030420974797,598351600
2012-04-03,18.838964462280273,18.92547943598739,18.63510471253826,18.778494308616818,834559600
2012-04-04,18.688987731933594,18.73538751073,18.470159129710684,18.690185176523006,572980800
2012-04-05,18.969486236572266,18.998822833216025,18.661749334590766,18.768918240281106,641298000
2012-04-09,19.045822143554688,19.153889541572347,18.718628735499532,18.74347451679713,597536800
2012-04-10,18.812618255615234,19.278412919904106,18.73957574848635,19.156575754219784,889725200
2012-04-11,18.745559692382812,19.064970325152444,18.65994323510139,19.044914334701947,696614800
2012-04-12,18.642892837524414,18.89914126489649,18.574939034529397,18.709649195549584,614336800
2012-04-13,18.11781883239746,18.700662576228524,18.066330315539638,18.682999869458197,859644800
2012-04-16,17.366432189941406,18.268983590273745,17.310153922673962,18.262398447870623,1050786800
2012-04-17,18.251630783081055,18.260610817989573,17.120371804747315,17.330818291332246,1025528000
2012-04-18,18.210914611816406,18.56744604729495,18.0423771295145,18.371966868429283,954531200
2012-04-19,17.58526611328125,18.102849880129657,17.497854268154168,17.967840817702044,834719200
2012-04-20,17.152400970458984,17.800204045753016,17.075766122447586,17.703212641577455,1030985200
2012-04-23,17.114086151123047,17.262866658980926,16.662660683351046,17.081457780951855,966529200
2012-04-24,16.772218704223633,16.99404006610794,16.614159253243418,16.841967836659098,1076149200
2012-04-25,18.260610580444336,18.500094695041447,18.140869322507967,18.429447065088603,905777600
2012-04-26,18.191757202148438,18.4010062102182,18.02501667003518,18.38843224491684,536068400
2012-04-27,18.051067352294922,18.14626342013321,17.97622944597906,18.11303552402185,406722400
2012-04-30,17.481693267822266,17.913363285499944,17.452356672285134,17.895401615153368,506144800
2012-05-01,17.426319122314453,17.864273868780145,17.399377407386222,17.5092401956697,610999200
2012-05-02,17.54155921936035,17.584067695133683,17.32841891767075,17.36972994907407,427389200
2012-05-03,17.417034149169922,17.70381657817165,17.37153284629774,17.67687487000953,390549600
2012-05-04,16.921003341674805,17.313456654439257,16.918608452244257,17.2751400222751,529992400
2012-05-07,17.047622680664062,17.146110465940755,16.80065501470125,16.808738162587083,460118400
2012-05-08,17.008710861206055,17.108095555798553,16.725821396811966,17.05061981936656,497252000
2012-05-09,17.038639068603516,17.18233075459014,16.78927814200483,16.874594031396967,480704000
2012-05-10,17.078765869140625,17.23922029719762,17.016501928334083,17.20030413514984,333200000
2012-05-11,16.964704513549805,17.19700392694799,16.89405689389938,16.91351496538083,399546000
2012-05-14,16.710556030273438,16.98865575751601,16.691996437436607,16.840775339063626,352626400
2012-05-15,16.559377670288086,16.860228763022313,16.516869196020036,16.807243849930742,476336000
2012-05-16,16.347137451171875,16.670740017647326,16.19626264864723,16.585723060831157,560896000
2012-05-17,15.869365692138672,16.389643226931675,15.869365692138672,16.324084353463846,717220000
2012-05-18,15.877156257629395,16.26721472433207,15.63168645860408,15.984325173475085,732292400
2012-05-21,16.802156448364258,16.809940637215888,15.987014864921845,16.00048731500455,631106000
2012-05-22,16.67314338684082,17.17935089299429,16.541726590012573,17.04972946438344,694870400
2012-05-23,17.0799617767334,17.14701708381853,16.56118043102128,16.689003261228404,584897600
2012-05-24,16.923095703125,17.25777423625093,16.80065900519714,17.23891408627894,496230000
2012-05-25,16.8323917388916,16.938962705311337,16.718038182244875,16.90124400127982,328507200
2012-05-29,17.13115692138672,17.182946028700453,16.922807843059232,17.090146420034248,380508800
2012-05-30,17.337705612182617,17.36225243104356,16.960219535004736,17.03924929251112,529429600
2012-05-31,17.294593811035156,17.407449350336897,17.106898794947522,17.384697906387906,491674400
2012-06-01,16.793472290039062,17.142520114144943,16.77940351835902,17.038045095904145,520987600
2012-06-04,16.892269134521484,16.98836209992169,16.419590098315027,16.80875014131827,556995600
2012-06-05,16.848554611206055,16.9575204548963,16.713846110526163,16.801855877466917,388214400
2012-06-06,17.10689353942871,17.178438023679213,16.928477573352602,16.996431324175322,401455600
2012-06-07,17.114673614501953,17.28231096079606,17.078152375683917,17.2814140769326,379766800
2012-06-08,17.37213134765625,17.37991553834035,17.033262457579717,17.11109477207234,347516400
2012-06-11,17.098220825195312,17.61700052411506,17.082054523251756,17.593651153082064,591264800
2012-06-12,17.247594833374023,17.261364645075503,16.964406417499188,17.196705842747086,435380400
2012-06-13,17.12785530090332,17.317046745233778,17.074569817338862,17.19850293122775,293580000
2012-06-14,17.108991622924805,17.167965355675502,16.981168838967513,17.100310551334143,345573200
2012-06-15,17.186824798583984,17.201493092504325,17.049719815661422,17.093126774596698,335255200
2012-06-18,17.53557014465332,17.59873412945423,17.074266340599085,17.091929042871488,440412000
2012-06-19,17.58437156677246,17.6619033065643,17.45534970937348,17.464329744477627,361404400
2012-06-20,17.534379959106445,17.639452927622205,17.38649794538662,17.608319367241883,358943200
2012-06-21,17.292800903320312,17.608619348841202,17.28591519661771,17.52539934032085,326351200
2012-06-22,17.425418853759766,17.428112705231616,17.225450342128322,17.333816712642506,284471600
2012-06-25,17.086246490478516,17.356563623526625,17.074272044043745,17.281724132671552,304382400
2012-06-26,17.123960494995117,17.197600922259912,16.98326318611002,17.103004420126748,276536400
2012-06-27,17.197895050048828,17.26495031409865,17.120662311546983,17.21286230041324,202997200
2012-06-28,17.034759521484375,17.18294052575372,16.931782460548135,17.11319136077629,282836400
2012-06-29,17.482288360595703,17.482288360595703,17.190417286623042,17.30267490008202,421500800
2012-07-02,17.737342834472656,17.765780947967166,17.470319052698798,17.504146466878602,400092000
2012-07-03,17.943592071533203,17.961254775767976,17.781642915461674,17.807985093021085,241712800
2012-07-05,18.25881576538086,18.39053147284069,17.950779939161873,17.97802060454285,484383200
2012-07-06,18.137279510498047,18.2139143738748,18.008558199873672,18.17350181360699,418930400
2012-07-09,18.377063751220703,18.37736271273804,18.0842956933364,18.119918476915892,379405600
2012-07-10,18.207014083862305,18.55606011663136,18.120200218158292,18.49918234232928,511957600
2012-07-11,18.093868255615234,18.19055908758069,17.87803411079605,18.14445828019716,469322000
2012-07-12,17.928325653076172,18.06513007442572,17.74212705143171,17.96843923987639,428041600
2012-07-13,18.110034942626953,18.176490712209045,17.961256065291522,18.04956639535733,311427200
2012-07-16,18.16811180114746,18.30910650254271,18.111532944988422,18.114527355770733,301260400
2012-07-17,18.169010162353516,18.305515644746034,18.05555348933574,18.28426060412474,293624800
2012-07-18,18.14864730834961,18.210912805143447,18.067820627953015,18.15852582286136,252700000
2012-07-19,18.38992691040039,18.42075989841965,18.14086332175929,18.298922753135002,436861600
2012-07-20,18.089981079101562,18.393526091862277,18.072019410047083,18.35131656926536,397471200
2012-07-23,18.07590103149414,18.13786755752561,17.59334230555661,17.793609612480864,487975600
2012-07-24,17.98879623413086,18.251030161158372,17.91665060917295,18.18217790796046,565132400
2012-07-25,17.21197509765625,17.38649825913765,17.063196196822457,17.19670887739146,877312800
2012-07-26,17.20928192138672,17.37452449361359,17.073973867899156,17.355365378436712,406632800
2012-07-27,17.517013549804688,17.53707114398951,17.110790512851892,17.213169615068345,403936400
2012-07-30,17.81247901916504,17.944493687597287,17.59664322974093,17.68944438576257,379142400
2012-07-31,18.283357620239258,18.31149835983435,18.042677717822304,18.057943933161102,462327600
2012-08-01,18.165117263793945,18.45219860176599,18.05106266788784,18.437530305590737,384501600
2012-08-02,18.1944522857666,18.281264610765557,17.968739601279616,18.046272930785047,332158400
2012-08-03,18.431238174438477,18.49949089359514,18.30730510058331,18.36927163751089,344920800
2012-08-06,18.636308670043945,18.705758883223943,18.41807950866424,18.47884704631235,302103200
2012-08-07,18.587207794189453,18.70964290405375,18.501292345537568,18.642886568476747,290446800
2012-08-08,18.55577278137207,18.676113546121634,18.47315071605971,18.54170240991669,244706000
2012-08-09,18.66160011291504,18.691664758736685,18.573512707643324,18.575015538537265,221642400
2012-08-10,18.690752029418945,18.69255510437179,18.600561353260204,18.6008615981544,194938800
2012-08-13,18.940292358398438,18.940292358398438,18.737360425188673,18.74157027817564,278832400
2012-08-14,18.991104125976562,19.19914830247686,18.946610047495557,18.996516566022734,340169200
2012-08-15,18.96524429321289,19.060547205856903,18.872648402667668,18.979375077015643,257342400
2012-08-16,19.130895614624023,19.14352196070898,18.955321327100854,18.976667623031613,254534000
2012-08-17,19.4847469329834,19.487152104066713,19.205153019694702,19.240928735367895,442761200
2012-08-20,19.997045516967773,19.997045516967773,19.538569621952977,19.54187713497602,613384800
2012-08-21,19.723752975463867,20.289557378895015,19.551486225029173,20.16749736601851,812719600
2012-08-22,20.108877182006836,20.11278518416496,19.484749649175946,19.674453129449855,565322800
2012-08-23,19.92127799987793,20.139841924693936,19.876782330037074,20.025899742110813,420128800
2012-08-24,19.93901824951172,20.127218924402246,19.708428429642822,19.82748121972658,437340400
2012-08-27,20.313608169555664,20.469639206825278,20.249270654692207,20.44318232853624,427008400
2012-08-28,20.28715705871582,20.32624029177801,20.16299209024986,20.292567891655576,267416800
2012-08-29,20.247173309326172,20.373441609985804,20.221018271779975,20.300687575834132,202806800
2012-08-30,19.958559036254883,20.18945069715493,19.92789390060918,20.162093073914598,302699600
2012-08-31,19.999746322631836,20.100760316005974,19.75953423074919,20.060174250511626,338321200
2012-09-04,20.292264938354492,20.297375525579614,19.977495795050682,20.01537643733855,367892000
2012-09-05,20.149765014648438,20.333755810662122,20.13082388840646,20.310306192219794,336375200
2012-09-06,20.331356048583984,20.392085840021533,20.166906825117184,20.23815804007658,391196400
2012-09-07,20.45672035217285,20.518050623987186,20.31632126613346,20.38486544734781,329666400
2012-09-10,19.924583435058594,20.54239610484395,19.905342066322202,20.457015742252565,487998000
2012-09-11,19.859947204589844,20.14585431376095,19.736984829968854,19.995836170640814,503983200
2012-09-12,20.13652801513672,20.139835526079256,19.72194757436781,20.04814040475479,712233200
2012-09-13,20.533077239990234,20.608838523686988,20.286251775203688,20.36441822998885,598360000
2012-09-14,20.782608032226562,20.95397245757458,20.680690111980933,20.7429243150252,600474000
2012-09-17,21.03815269470215,21.038753184702006,20.882722120033232,21.025224498234635,398031200
2012-09-18,21.102184295654297,21.114810639095626,20.937133068151528,21.04115429304133,373503200
2012-09-19,21.10789680480957,21.164716955418637,21.03183528866604,21.052579484485904,326874800
2012-09-20,21.005687713623047,21.046575633014598,20.852962520014163,21.019516648270006,336568400
2012-09-21,21.047473907470703,21.197191816119975,21.0255271194074,21.117222273866048,571589200
2012-09-24,20.76787567138672,20.89805355224226,20.533678152785956,20.64972525180907,639766400
2012-09-25,20.2492733001709,20.827704097265233,20.233037592669344,20.691813537524165,518789600
2012-09-26,19.997940063476562,20.2237194846093,19.87828520694378,20.104966968656353,576503200
2012-09-27,20.483171463012695,20.508726005328665,19.852730820983616,19.97118309287107,594090000
2012-09-28,20.0556640625,20.47685965736777,20.04514103651846,20.405908708615215,535110800
2012-10-01,19.823871612548828,20.345782592888543,19.73698679843784,20.177724042831052,543594800
2012-10-02,19.881595611572266,20.033118217386463,19.56111370792567,19.896627131892195,627992400
2012-10-03,20.18644142150879,20.198769129140793,19.921278499468464,19.988321448137647,424281200
2012-10-04,20.04663848876953,20.270614790955996,20.009059703749863,20.180422495732966,370725600
2012-10-05,19.61943244934082,20.02258919972469,19.580048978755205,19.998539095525498,594006000
2012-10-08,19.185914993286133,19.468215977412573,19.123982629895988,19.447772019642976,637994000
2012-10-09,19.116165161132812,19.255661886405093,18.746378901713033,19.200344551677464,838597200
2012-10-10,19.268285751342773,19.390646016611203,19.15073582809096,19.233110526743307,510356000
2012-10-11,18.883163452148438,19.45738590573269,18.883163452148438,19.4363414652363,546081200
2012-10-12,18.931575775146484,19.102037908450622,18.79899429430867,18.92706567669449,460014800
2012-10-15,19.083396911621094,19.094520428624193,18.75539926858147,19.010943125783633,432502000
2012-10-16,19.535259246826172,19.550592618060307,18.97035697790872,19.101737477173174,549771600
2012-10-17,19.379528045654297,19.625451232042217,19.36118901286706,19.507601030100066,389037600
2012-10-18,19.01966094970703,19.30286266633403,18.940291896454077,19.228605806667492,476624400
2012-10-19,18.33419418334961,18.993495036175656,18.32757916221461,18.971850109010386,744086000
2012-10-22,19.061450958251953,19.102037025678396,18.36186230863104,18.411768817603907,546730800
2012-10-23,18.440027236938477,19.0575413592091,18.39012233773484,18.970354696942973,707145600
2012-10-24,18.54434585571289,18.83656771909527,18.35825015907418,18.68294183198268,558527200
2012-10-25,18.325178146362305,18.699776281282926,18.205223059940202,18.63964701000416,656325600
2012-10-26,18.15863037109375,18.459270409311216,17.767799605881905,18.32187698381564,1018432800
2012-10-31,17.897668838500977,18.097293195407023,17.668581942491844,17.884440399281885,510003200
2012-11-01,17.934354782104492,18.128566787455576,17.863103573759048,17.98486178485192,361298000
2012-11-02,17.340885162353516,17.946673518301058,17.279254666612605,17.91480580749044,599373600
2012-11-05,17.575986862182617,17.670687664228705,17.36493711265645,17.542916562434502,529135600
2012-11-06,17.52277374267578,17.759978535699624,17.439798546897613,17.74464677338832,374917200
2012-11-07,16.85230255126953,17.35183070556532,16.784348567244024,17.3306901471019,793648800
2012-11-08,16.24073600769043,16.98006405044177,16.166441586262675,16.931740901946792,1056146000
2012-11-09,16.52190399169922,16.75807764485879,16.119018765522743,16.32136784053083,929913600
2012-11-12,16.394155502319336,16.74660473484527,16.26791372148602,16.73603364499384,515802000
2012-11-13,16.396263122558594,16.62518825095877,16.198746408225272,16.275760168553116,532949200
2012-11-14,16.214460372924805,16.53368829545471,16.19331980339586,16.474795672031316,477170400
2012-11-15,15.87439250946045,16.293586089758055,15.783789843842696,16.234090237184006,789910800
2012-11-16,15.936612129211426,16.00667909161355,15.274297800094164,15.861712851269683,1266893600
2012-11-19,17.085765838623047,17.13922129710882,16.305063238572682,16.330129658231346,823317600
2012-11-20,16.9401912689209,17.27361442013148,16.74901812447244,17.272406341860112,642754000
2012-11-21,16.96405792236328,17.13529864947092,16.810030301273397,17.04107173290822,373002000
2012-11-23,17.260025024414062,17.275126811624524,16.99123482522051,17.129254160197174,272826400
2012-11-26,17.804550170898438,17.818743878860882,17.326765767062184,17.392906833245814,630579600
2012-11-27,17.661096572875977,17.831432386396163,17.519754638396375,17.805156280285228,533330000
2012-11-28,17.60552978515625,17.691904979452723,17.282979273873487,17.434287478552157,520864400
2012-11-29,17.799419403076172,17.947103361112728,17.675293780732876,17.825393895613775,514698800
2012-11-30,17.676197052001953,17.77042554759836,17.59767357449189,17.721800798676828,391319600
2012-12-03,17.703683853149414,17.95737552099837,17.6828449004794,17.928986480290558,364280000
2012-12-04,17.391399383544922,17.571096604972453,17.279051321338002,17.571096604972453,557068400
2012-12-05,16.272140502929688,17.192070354116943,16.271535657318754,17.181802495025757,1044638000
2012-12-06,16.527345657348633,16.710665533717997,15.663285596906174,15.974661802973396,1177212400
2012-12-07,16.10482406616211,16.767741240562128,16.006669730320823,16.713379335456633,787040800
2012-12-10,16.001237869262695,16.263686059027517,15.752378545981616,15.85566683463276,630484400
2012-12-11,16.350664138793945,16.59740889202525,16.22925468782009,16.30173777361864,592345600
2012-12-12,16.27848243713379,16.550293601770594,16.19603310966775,16.54334674834526,487144000
2012-12-13,15.997305870056152,16.23740695969972,15.87982228961166,16.04139991476011,625259600
2012-12-14,15.3963041305542,15.648182827945504,15.269157509937559,15.546102624061112,1009579200
2012-12-17,15.66932201385498,15.704657900183404,15.137780476001003,15.370329898812118,757607200
2012-12-18,16.12445640563965,16.15465674993517,15.712208157464227,15.855664631632795,625685200
2012-12-19,15.89523696899414,16.11842512342778,15.870773773053434,16.051075930462787,449369200
2012-12-20,15.756908416748047,16.012712968042212,15.670834847387887,16.006672576076433,481689600
2012-12-21,15.684430122375488,15.694697985396347,15.409899465575121,15.477248646897605,596268400
2012-12-24,15.709794998168945,15.833015781281002,15.66570093868,15.715232157966195,175753200
2012-12-26,15.493253707885742,15.688354375849162,15.436475624754415,15.674460665034628,302436400
2012-12-27,15.55547046661377,15.591409599946207,15.241376441453307,15.509563473843471,455120400
2012-12-28,15.390262603759766,15.53794815889933,15.345866936191547,15.411404780344116,354278400
2012-12-31,16.07221031188965,16.169761441544754,15.372447369831674,15.418654356527652,659492400
2013-01-02,16.581405639648438,16.76170775295505,16.357917536291332,16.726070238476407,560518000
2013-01-03,16.372106552124023,16.600730133928707,16.338885204532,16.546669838388492,352965200
2013-01-04,15.91606616973877,16.26730725394927,15.880730284719993,16.217172813834306,594333600
2013-01-07,15.822440147399902,15.985525845265997,15.559688816942804,15.76505724652778,484156400
2013-01-08,15.86502456665039,16.06374939452178,15.742408663952427,15.982809769560397,458707200
2013-01-09,15.617077827453613,15.855969306668433,15.583553245245135,15.78016358912134,407604400
2013-01-10,15.8106689453125,15.968015932401919,15.569359693631913,15.962882001861852,601146000
2013-01-11,15.71372127532959,15.865331085721916,15.675062765637968,15.734861841356294,350506800
2013-01-14,15.153488159179688,15.327145006297995,15.055635414571608,15.1815739678739,734207600
2013-01-15,14.67540168762207,15.070132051290738,14.598689511646727,15.049293101024734,876772400
2013-01-16,15.284558296203613,15.385733644350886,14.874124580133538,14.938754349937472,690804800
2013-01-17,15.181572914123535,15.425298296630308,15.161943656207955,15.41200943418442,453678400
2013-01-18,15.100632667541504,15.167678589736614,14.991907240067242,15.055933773156568,472922800
2013-01-22,15.244701385498047,15.338626700569682,14.99886296617243,15.238359374286848,461546400
2013-01-23,15.523758888244629,15.553356011496316,15.244699145498538,15.366711874796655,861509600
2013-01-24,13.605673789978027,14.065638797417726,13.598122089566587,13.89258517918955,1460852400
2013-01-25,13.284934997558594,13.778725382157667,13.137552648966906,13.641612507098234,1208026400
2013-01-28,13.585439682006836,13.687519909258786,13.163528291322526,13.223024955557328,785517600
2013-01-29,13.840333938598633,13.898623314258836,13.654596332590543,13.847280792163161,571158000
2013-01-30,13.796852111816406,13.97111387346568,13.726483528248737,13.801986044187723,417155200
2013-01-31,13.756375312805176,13.870837914226883,13.740973523483868,13.801375828258571,319334400
2013-02-01,13.699902534484863,13.876882028506282,13.540742604194454,13.865707703965331,539484400
2013-02-04,13.358626365661621,13.769967416190463,13.348961737689574,13.708658642184217,477117200
2013-02-05,13.827350616455078,13.88473353973243,13.355606438072613,13.410874820708072,573347600
2013-02-06,13.812555313110352,14.088895678492849,13.668493931704585,13.78597757938884,593706400
2013-02-07,14.223248481750488,14.277318837315722,13.794928008130938,14.072273614240029,704580800
2013-02-08,14.428606986999512,14.544951845114968,14.224166772467887,14.39883736911736,633158400
2013-02-11,14.578968048095703,14.731159686533111,14.376049648930227,14.474774424974294,517490400
2013-02-12,14.213526725769043,14.653389992433771,14.208666250624363,14.566206436267171,609053200
2013-02-13,14.186495780944824,14.38789732995661,14.071366074094952,14.192571377035243,475207600
2013-02-14,14.173739433288574,14.327144601588124,14.095670042655097,14.110858223427106,355275200
2013-02-15,13.978411674499512,14.282184985105763,13.971120959302047,14.242389425739095,391745200
2013-02-19,13.973244667053223,14.056479511925007,13.786729568522462,14.00696462671993,435783600
2013-02-20,13.634844779968262,13.90337964074137,13.6333246641879,13.90337964074137,476302400
2013-02-21,13.550087928771973,13.64456220783057,13.451665729974234,13.548265250396412,447182400
2013-02-22,13.694382667541504,13.71838005327825,13.566494219980626,13.646994644463467,330654800
2013-02-25,13.451062202453613,13.825309995744174,13.444074861427145,13.786731177631932,372579200
2013-02-26,13.638486862182617,13.716556226125318,13.294919688146507,13.482043137821147,501499600
2013-02-27,13.504825592041016,13.74389495980579,13.385747186110509,13.622081319646416,587350400
2013-02-28,13.408536911010742,13.60507721535179,13.408536911010742,13.489036549066853,322515200
2013-03-01,13.076505661010742,13.310714534082495,13.061620861487075,13.305245688393745,552448400
2013-03-04,12.759981155395508,13.007555652707724,12.728084676304682,12.995404458547188,582755600
2013-03-05,13.096863746643066,13.219891741412338,12.781244202420153,12.80341972491323,638433600
2013-03-06,12.930394172668457,13.22171290093128,12.893029664930566,13.19923319698364,460250000
2013-03-07,13.079849243164062,13.123289342119337,12.790657408549029,12.895155209753693,468473600
2013-03-08,13.114479064941406,13.227178511645661,13.02000559183649,13.056154976030474,391482000
2013-03-11,13.301300048828125,13.33593094221959,12.914596923146465,13.054636556482052,474236000
2013-03-12,13.014537811279297,13.331980757202224,12.988413563772259,13.232343432044432,465911600
2013-03-13,13.012109756469727,13.19892987388087,12.921282434459755,13.015148365659964,405549200
2013-03-14,13.138172149658203,13.203178573233394,13.075897715533987,13.148195663210968,303875600
2013-03-15,13.477190017700195,13.494505065411767,13.282470763359205,13.303127795356904,643960800
2013-03-18,13.843534469604492,13.89638971283317,13.40245600477158,13.410050092971503,606197200
2013-03-19,13.80617618560791,14.003020674544771,13.624214882408939,13.958364628041487,526775200
2013-03-20,13.732963562011719,13.901558525379885,13.657324413688194,13.89517955465219,308660800
2013-03-21,13.752703666687012,13.912184364118644,13.672812442067253,13.676457798585083,383255600
2013-03-22,14.031572341918945,14.037342941547807,13.764252599314101,13.808907014491059,395105200
2013-03-25,14.082303047180176,14.275807144803974,14.027624301193452,14.116021390895702,501135600
2013-03-26,14.008179664611816,14.15095209825494,13.98964950454055,14.138800907663644,294294000
2013-03-27,13.732963562011719,13.876344394390603,13.691954502486109,13.866016691528825,331237200
2013-03-28,13.446809768676758,13.725065588023035,13.415217479294132,13.664311247761145,442839600
2013-04-01,13.029119491577148,13.478399613900653,12.993578476652058,13.423720068651642,389732000
2013-04-02,13.055852890014648,13.309502935006607,12.952873567463117,12.989327142845076,529519200
2013-04-03,13.12268352508545,13.283379394939304,13.07164932797958,13.10384917679647,363216000
2013-04-04,12.992974281311035,13.214121149114217,12.917942684916923,13.176454069360307,358447600
2013-04-05,12.855667114257812,12.908827360938913,12.748738250152647,12.895156864764038,383695200
2013-04-08,12.947100639343262,12.986287011544123,12.834097813548851,12.90578740324725,300829200
2013-04-09,12.970490455627441,13.016663353792781,12.841994464650815,12.951656922905421,306614000
2013-04-10,13.235079765319824,13.276697194313291,12.941027394260615,13.004516158730457,375928000
2013-04-11,13.193768501281738,13.304948678556887,13.098686627693233,13.175237525381233,328364400
2013-04-12,13.056156158447266,13.188296709702042,13.034588200108173,13.188296709702042,238613200
2013-04-15,12.753902435302734,12.998135699996663,12.744789041913904,12.97109970519028,317520000
2013-04-16,12.948015213012695,12.959253849818648,12.7757757021166,12.806152873516535,305771200
2013-04-17,12.235966682434082,12.776683237614039,12.09349764138735,12.766658101091362,945056000
2013-04-18,11.909414291381836,12.326797980812245,11.839242377994736,12.30249640924471,666299200
2013-04-19,11.863241195678711,12.138763390562696,11.698291603347293,11.785475189203112,609274400
2013-04-22,12.110511779785156,12.217744835240188,11.885721211210912,11.927337016993683,429920400
2013-04-23,12.337125778198242,12.405474197757075,12.11476304492928,12.272117719329458,664238400
2013-04-24,12.316774368286133,12.61416791890215,11.923084642080674,11.954677743541811,969651200
2013-04-25,12.405472755432129,12.574370230161252,12.363551963690815,12.492047950914914,384837600
2013-04-26,12.673405647277832,12.721097869623977,12.401528750198871,12.448917598258811,764097600
2013-04-29,13.065877914428711,13.172198408212214,12.758459254020424,12.772128939088477,640326400
2013-04-30,13.45045280456543,13.525485193187722,13.125112367499174,13.217155612573336,691538400
2013-05-01,13.344432830810547,13.515760523130313,13.195584835939602,13.501483283033727,506909200
2013-05-02,13.533685684204102,13.626942412506551,13.385140233041222,13.420073685780471,421828400
2013-05-03,13.669169425964355,13.767895820657468,13.643955300151843,13.709570106385726,361300800
2013-05-06,13.99511432647705,14.040375470510234,13.800698577573907,13.843226110090697,496641600
2013-05-07,13.932844161987305,14.148218746640426,13.78217264052272,14.124524735711745,483753200
2013-05-08,14.09019660949707,14.136674504108134,13.846267562133104,13.944385579029928,472598000
2013-05-09,13.967272758483887,14.157775756952484,13.930884912273065,14.06023144127083,398487600
2013-05-10,13.85107421875,14.057172920633217,13.774934430180673,14.003966193381647,334852000
2013-05-13,13.905200004577637,14.001828183907849,13.80612713394343,13.80643251622389,316948800
2013-05-14,13.572508811950684,13.919267123734846,13.52021903716315,13.877986625067495,447118000
2013-05-15,13.113524436950684,13.485052129929246,12.915071713894646,13.428788312123007,741613600
2013-05-16,13.288740158081055,13.388731619095662,12.80927204311442,12.94198186572642,603204000
2013-05-17,13.24837589263916,13.457226320141505,13.179575069185432,13.425424923618214,427904400
2013-05-20,13.544069290161133,13.631829125879138,13.151748636387488,13.207095494326934,451578400
2013-05-21,13.44408130645752,13.622047347959628,13.277123726243259,13.397908151962254,456022000
2013-05-22,13.495756149291992,13.709805440248736,13.40004575356144,13.578317960337442,443038400
2013-05-23,13.519912719726562,13.64283806038874,13.32574022852688,13.33063287689514,353021200
2013-05-24,13.611952781677246,13.627547689118892,13.465482804621384,13.480466131054927,276166800
2013-05-28,13.49850845336914,13.79420097206439,13.480468035875974,13.75720235717119,386145200
2013-05-29,13.605836868286133,13.683812221432342,13.436126814210912,13.454474244314742,330576400
2013-05-30,13.808574676513672,13.897863890628113,13.592385232660572,13.627244541397255,353519600
2013-05-31,13.752002716064453,13.977365015564786,13.744969126035844,13.83670301335347,384302800
2013-06-03,13.782276153564453,13.832424169483765,13.530310462207195,13.782581535841935,372352400
2013-06-04,13.739161491394043,13.895722998972007,13.680451334317425,13.858722747827812,292728800
2013-06-05,13.610732078552246,13.782276907931392,13.567922216781009,13.62724395222403,290589600
2013-06-06,13.40738582611084,13.668525247620897,13.272535864062707,13.621740516918674,416934000
2013-06-07,13.509821891784668,13.553548711298728,13.233392977736463,13.347450800238722,404535600
2013-06-10,13.420534133911133,13.732126949845256,13.356625949769553,13.59911173390495,450153200
2013-06-11,13.381085395812988,13.538870029238803,13.250210326650832,13.32421081184585,286112400
2013-06-12,13.215658187866211,13.49269868806322,13.194559049886633,13.439186570933593,265227200
2013-06-13,13.330939292907715,13.36702176089155,13.110469616162312,13.225139029860205,285832400
2013-06-14,13.150221824645996,13.341031046838598,13.102824697252844,13.313816095919279,271866000
2013-06-17,13.209845542907715,13.322985568686898,13.159697538236488,13.192722092895336,259414400
2013-06-18,13.2028169631958,13.298527370619171,13.15511526716733,13.196395769468175,195025600
2013-06-19,12.93464183807373,13.19944986392817,12.93464183807373,13.191499311375683,310940000
2013-06-20,12.74627685546875,13.025761961309904,12.695211078163045,12.821499668616942,357310800
2013-06-21,12.644150733947754,12.842910530170059,12.479027901842523,12.796736560419935,481118400
2013-06-24,12.30901050567627,12.496150230638417,12.171713413175276,12.457621439718855,480746000
2013-06-25,12.311763763427734,12.469547606414926,12.195565802664639,12.40563942204588,314162800
2013-06-26,12.172327995300293,12.377814372729118,12.09863368785891,12.350599418466974,367724000
2013-06-27,12.041141510009766,12.273842757375345,12.033803355034559,12.208406044377332,337246000
2013-06-28,12.125237464904785,12.239599883326393,11.891006764194081,11.967147398893719,578516400
2013-07-01,12.513273239135742,12.606538124295298,12.26864653529313,12.313597334121004,391053600
2013-07-02,12.796735763549805,12.892752367535296,12.520920023737581,12.535903353100661,469865200
2013-07-03,12.86737060546875,12.934032123807434,12.764933636805578,12.869205348630276,240928800
2013-07-05,12.764015197753906,12.943510553400923,12.700718603275515,12.854833754763916,274024800
2013-07-08,12.691544532775879,12.873486219125887,12.556999969108714,12.846272087441278,298138400
2013-07-09,12.914770126342773,12.949934818671416,12.548747371236844,12.647209489593363,352584400
2013-07-10,12.865233421325684,12.989688160809312,12.789399798089322,12.830680306486139,281405600
2013-07-11,13.065824508666992,13.09518040002013,12.878685600471536,12.933114682628547,326292400
2013-07-12,13.041973114013672,13.142269955654317,12.947180501769848,13.076832416996766,279563200
2013-07-15,13.070411682128906,13.193337034386097,12.989685426028398,12.996107435882548,241917200
2013-07-16,13.154810905456543,13.170405000996269,12.97042285117414,13.04228159962809,216538000
2013-07-17,13.158174514770508,13.216580115162884,13.094266316256475,13.139522511670185,198990400
2013-07-18,13.20251178741455,13.297609798653129,13.167347095985289,13.25204822764441,218878800
2013-07-19,12.994271278381348,13.270393176153577,12.97592384726653,13.243484427048603,268721600
2013-07-22,13.035857200622559,13.1410466897852,13.010171613503683,13.132179172980962,207796400
2013-07-23,12.812021255493164,13.055730118588425,12.803459122948688,13.026375052108698,369395600
2013-07-24,13.470070838928223,13.5948301131417,13.309534479795785,13.421756750132921,591936800
2013-07-25,13.408604621887207,13.497282222003422,13.326349029679742,13.475877706387402,229493600
2013-07-26,13.484745979309082,13.486274523426163,13.28139980340873,13.310754872614485,200152400
2013-07-29,13.692683219909668,13.759955514338333,13.460593477518675,13.478940095758196,248057600
2013-07-30,13.861776351928711,13.978891240531256,13.736710094817404,13.759032390185293,309422400
2013-07-31,13.83762264251709,13.984704223800973,13.742830020885997,13.91284630185956,322957600
2013-08-01,13.964526176452637,13.968195663951024,13.859948232339745,13.936089689666076,206250800
2013-08-02,14.14371395111084,14.153193867775748,13.963913981290592,14.005194486623164,274783600
2013-08-05,14.355010032653809,14.392315666644416,14.131788626396487,14.209456983627854,318855600
2013-08-06,14.226580619812012,14.429620655369382,14.132398759047884,14.311282564815704,334857600
2013-08-07,14.218323707580566,14.280092584362604,14.120166978840581,14.18224123791847,298858000
2013-08-08,14.190008163452148,14.2851192887345,14.095819234220256,14.277731857271478,255777200
2013-08-09,13.98808765411377,14.173077542820797,13.963464527593642,14.117057012165919,266865200
2013-08-12,14.385462760925293,14.4251681502182,14.055189999072827,14.062270031849367,364434000
2013-08-13,15.069091796875,15.225763196936303,14.406698636381629,14.495655206809268,881941200
2013-08-14,15.343962669372559,15.520948727282901,15.186983831112121,15.32487928978865,756372400
2013-08-15,15.325793266296387,15.4639976934338,15.05400360987412,15.27993170014387,490294000
2013-08-16,15.461845397949219,15.480621372100735,15.355038346248943,15.394743728813792,362306000
2013-08-19,15.628372192382812,15.813053081095072,15.513253830196733,15.523718538088731,510518400
2013-08-20,15.423068046569824,15.715481516157576,15.41537321481913,15.689010703151506,358688400
2013-08-21,15.462766647338867,15.610202896641987,15.427060740647896,15.500625987930908,335879600
2013-08-22,15.481236457824707,15.562189149147972,15.33472237698664,15.543413174646604,244207600
2013-08-23,15.421521186828613,15.493238755859089,15.370118225803976,15.49077627950428,222731600
2013-08-26,15.481542587280273,15.704084364004062,15.405514863826303,15.413209691361178,330965600
2013-08-27,15.038925170898438,15.467387935412583,14.968438823924938,15.328567032043448,424188800
2013-08-28,15.110028266906738,15.260852515441965,14.959205662214615,14.959205662214615,307608000
2013-08-29,15.134649276733398,15.282394570432956,15.117104543654609,15.133110639971312,239657600
2013-08-30,14.996756553649902,15.173126111533435,14.974594262503526,15.14388543248643,272297200
2013-09-03,15.03861141204834,15.408589371366077,15.00075207832825,15.17773801138835,331928800
2013-09-04,15.34980583190918,15.459077014735598,15.275625767879799,15.376585679959142,345032800
2013-09-05,15.244535446166992,15.41105837529123,15.194363717163322,15.397822152299272,236367600
2013-09-06,15.335336685180664,15.371040949709526,15.08078434766577,15.342109317310447,359525600
2013-09-09,15.580039978027344,15.633905420234704,15.497241257979047,15.54402666907108,340687200
2013-09-10,15.22514533996582,15.619440801699882,15.066935317456489,15.58096501321589,743195600
2013-09-11,14.396236419677734,14.580300832287955,14.306972445348794,14.374688922799098,898696400
2013-09-12,14.549520492553711,14.632934023031979,14.343906953627114,14.420551138215123,404051200
2013-09-13,14.309738159179688,14.523044836723559,14.303583611968088,14.446402312900489,298835600
2013-09-16,13.854806900024414,14.208471460593866,13.76554459179749,14.189697131902687,543706800
2013-09-17,14.014862060546875,14.149987558717461,13.774160777166792,13.788319192706059,399380800
2013-09-18,14.302966117858887,14.354369076495907,14.179229152541188,14.256795510272127,456862000
2013-09-19,14.537515640258789,14.646170382554766,14.443635759891409,14.488267744339925,404541200
2013-09-20,14.386998176574707,14.72988900225192,14.343597437427142,14.712960708496082,699302800
2013-09-23,15.102031707763672,15.295023892021227,14.85455761109461,15.270091714320193,762106800
2013-09-24,15.054621696472168,15.250691050240262,15.015223715321383,15.232531518476891,364344400
2013-09-25,14.821617126464844,15.071244556079431,14.81853985228247,15.057702577065333,316957200
2013-09-26,14.96597671508789,15.038001700945784,14.894566526553078,14.959205725318435,237221600
2013-09-27,14.859169960021973,14.918267764885647,14.796685838282016,14.890873118893794,228040400
2013-09-30,14.674488067626953,14.825618063960906,14.602461441574674,14.68987772604172,260156400
2013-10-01,15.019529342651367,15.055850043044993,14.724653584425113,14.726808661963744,353883600
2013-10-02,15.068778991699219,15.137726686456512,14.889946987194271,14.947813538247992,289184000
2013-10-03,14.879483222961426,15.154659252573424,14.797300936288812,15.098022286037075,322753200
2013-10-04,14.867791175842285,14.916115241017174,14.731434363709857,14.893338146515584,258868400
2013-10-07,15.013065338134766,15.163887884811988,14.939192701348633,14.976437240204936,312292400
2013-10-08,14.803458213806152,15.102026151124754,14.791145828873672,15.080478655571357,290917200
2013-10-09,14.977365493774414,15.01430100518567,14.721581858049506,14.917343849368377,301725200
2013-10-10,15.071248054504395,15.15558544156347,14.991219181069367,15.12296008105355,278602800
2013-10-11,15.168815612792969,15.200518764482664,14.933346642685793,14.989674559091428,267738800
2013-10-14,15.268237113952637,15.31563896997821,15.062317836009946,15.07709269666877,261898000
2013-10-15,15.349495887756348,15.45168702137563,15.252231351110606,15.313482578948781,320073600
2013-10-16,15.424298286437988,15.468006440287219,15.366431708838206,15.414448376405096,251101200
2013-10-17,15.528636932373047,15.537255600342952,15.380276829069626,15.389510294258821,253593200
2013-10-18,15.66376781463623,15.675156361673926,15.56588680354897,15.574505474466786,290542000
2013-10-21,16.047590255737305,16.13808378714995,15.744712269129145,15.752407096023653,398106800
2013-10-22,16.001726150512695,16.26582094542211,15.63728792537079,16.20302945189273,534063600
2013-10-23,16.15840721130371,16.18026210969983,15.97495592840727,15.97495592840727,313723200
2013-10-24,16.372329711914062,16.389567053371177,16.08114916245149,16.15963775128926,384764800
2013-10-25,16.189184188842773,16.41295560821939,16.16302078326711,16.354165206296294,337792000
2013-10-28,16.309850692749023,16.34432538646599,16.104546099844537,16.2839946724613,550440800
2013-10-29,15.903550148010254,16.598261588320486,15.837681323472422,16.50653674328963,635807200
2013-10-30,16.15655517578125,16.237198816803943,15.914006167813168,15.993727613014308,354163600
2013-10-31,16.088836669921875,16.236274572541717,16.0448211356927,16.15963204685076,275696400
2013-11-01,16.006649017333984,16.15347042959376,15.877679731648856,16.129462113882646,274890000
2013-11-04,16.213499069213867,16.215654147306395,15.96910400800055,16.039590349365596,244627600
2013-11-05,16.17348289489746,16.279367738649047,16.098071608245636,16.146704696323983,265213200
2013-11-06,16.127666473388672,16.249649055523584,16.04345508889917,16.227666562409606,223375600
2013-11-07,15.866671562194824,16.19794333172131,15.86326712815363,16.086179019426794,262620400
2013-11-08,16.11651611328125,16.134163280129734,15.869764970712765,15.931375458027315,279316800
2013-11-11,16.06977081298828,16.150885300981177,15.926116588482621,16.09887302064377,227452400
2013-11-12,16.099489212036133,16.22054252830879,16.006299669762992,16.027042076885234,204276800
2013-11-13,16.118688583374023,16.16884405221368,16.005064141537765,16.037263244860224,197220800
2013-11-14,16.35181427001953,16.386488567997763,16.157075370239827,16.18617757417454,282419200
2013-11-15,16.253673553466797,16.380608190457842,16.238194042309964,16.302899787835656,317920400
2013-11-18,16.0567684173584,16.321786865505025,16.043456565658417,16.253675026114998,244944000
2013-11-19,16.085243225097656,16.203819663991347,16.036326207114392,16.06914368127129,208938800
2013-11-20,15.944384574890137,16.112188978069476,15.92364215965006,16.075345356005336,193916800
2013-11-21,16.13447380065918,16.13664146088981,15.903203799302792,16.024875510508842,262026800
2013-11-22,16.092992782592773,16.166058334114926,16.053673958985694,16.084323792173432,223725600
2013-11-25,16.214975357055664,16.280919538700665,16.130145573957687,16.13076396083769,229311600
2013-11-26,16.5140438079834,16.598875222548536,16.223021758367185,16.226735385566993,401382800
2013-11-27,16.902910232543945,16.90414866005789,16.514052260372353,16.604146621930717,363448400
2013-11-29,17.215909957885742,17.28587860532253,16.960180561760996,17.01188365048062,318127600
2013-12-02,17.066057205200195,17.471631160683295,17.053363746181137,17.275655529096362,472544800
2013-12-03,17.533246994018555,17.535105461166143,17.26575338624553,17.284948177274316,450968000
2013-12-04,17.49238395690918,17.622106311768935,17.362970795487257,17.507863470091053,377809600
2013-12-05,17.58216667175293,17.806317023317153,17.536037327682216,17.729227000809075,447580000
2013-12-06,17.338193893432617,17.5465554478309,17.324263661036944,17.51683320954667,344352400
2013-12-09,17.536653518676758,17.634176750021734,17.36544470859778,17.36544470859778,320493600
2013-12-10,17.5094051361084,17.581543082160152,17.374729118280637,17.448414684436095,278269600
2013-12-11,17.379684448242188,17.67721113408085,17.327983019244893,17.554299332380385,359718800
2013-12-12,17.35430335998535,17.502911329480096,17.33851465195107,17.403840452110927,262290000
2013-12-13,17.165128707885742,17.42674095829164,17.141600255490857,17.425811724964447,332822000
2013-12-16,17.26017951965332,17.419314901673523,17.183091162690072,17.183400356065704,282592800
2013-12-17,17.18246841430664,17.320239669764344,17.132622151065757,17.207855335917433,229902400
2013-12-18,17.05182456970215,17.07287783391896,16.681233878686147,17.01869787932409,565863200
2013-12-19,16.856460571289062,17.027978552148102,16.833859695198658,17.01249904362821,320308800
2013-12-20,16.99763298034668,17.077819853498497,16.867601509012818,16.886487099155303,436413600
2013-12-23,17.64997100830078,17.669474997504206,17.423034587297092,17.585263597527966,501306400
2013-12-24,17.57503890991211,17.70537958622152,17.52426342051993,17.643769104417117,167554800
2013-12-26,17.458322525024414,17.631698970321157,17.44222297660794,17.588354032276808,204008000
2013-12-27,17.340364456176758,17.474111243965407,17.32209890092022,17.455845688708873,225884400
2013-12-30,17.167917251586914,17.340364463667903,17.099805430860673,17.258940794889348,253629600
2013-12-31,17.369163513183594,17.377212463481946,17.151823667278244,17.15708822310198,223084400
2014-01-02,17.12489128112793,17.245635471521325,17.090526161127706,17.203839787179252,234684800
2014-01-03,16.748720169067383,17.14252996339309,16.731691387528688,17.11652465452421,392467600
2014-01-06,16.840051651000977,16.92890588081759,16.52023495544879,16.639431468734855,412610800
2014-01-07,16.719619750976562,16.902901973157732,16.653984778250567,16.85212812333735,317209200
2014-01-08,16.82550048828125,16.89051541201002,16.677821819687903,16.681535446469898,258529600
2014-01-09,16.610641479492188,16.9307674266006,16.5744179021868,16.928908959333334,279148800
2014-01-10,16.499805450439453,16.74315058552048,16.44314865139963,16.713119142079158,304976000
2014-01-13,16.586181640625,16.79578001488339,16.405065430962317,16.405994664475774,378492800
2014-01-14,16.916215896606445,16.92674169887287,16.645934590718415,16.66327256787294,332561600
2014-01-15,17.255849838256836,17.343776518083832,17.07937809170873,17.136964131142605,391638800
2014-01-16,17.15956687927246,17.240063004471413,17.079998334515473,17.179690910572198,229278000
2014-01-17,16.739124298095703,17.092067711780654,16.715284992659043,17.073802154341426,426739600
2014-01-21,16.999189376831055,17.030148397843668,16.73138491649295,16.749032087571116,328526800
2014-01-22,17.074735641479492,17.2536825933607,16.96018360018405,17.0561592325946,379985200
2014-01-23,17.21931266784668,17.229220083151596,16.867298498356387,17.02612302972225,403239200
2014-01-24,16.906309127807617,17.201975717107025,16.865441037237186,17.15182025085451,429354800
2014-01-27,17.043460845947266,17.17658927060743,16.89640218409497,17.03014899554562,554878800
2014-01-28,15.681221961975098,15.944380226173442,15.544067428910365,15.751190598588284,1065523200
2014-01-29,15.503199577331543,15.708155067908642,15.43725542064264,15.602272062466625,502810000
2014-01-30,15.473167419433594,15.681219793839789,15.377811872390918,15.558617206521825,678501600
2014-01-31,15.498557090759277,15.527350102688466,15.280289724344424,15.330754380201249,464797200
2014-02-03,15.527349472045898,15.71930232596418,15.4583100690211,15.560786996830247,401464000
2014-02-04,15.752120018005371,15.772864083450752,15.565431696199816,15.661098114389223,376681200
2014-02-05,15.869760513305664,15.953042617431084,15.673474073051837,15.68307229049606,328344800
2014-02-06,15.962265968322754,15.993100914550272,15.815882308936683,15.885960371268734,257765200
2014-02-07,16.185583114624023,16.286805540198163,16.11394980627178,16.23853048543786,370280400
2014-02-10,16.475542068481445,16.568978386373782,16.13325549809588,16.15381102229771,345559200
2014-02-11,16.692626953125,16.748375374594136,16.49142631588459,16.525998786950225,282256800
2014-02-12,16.69137954711914,16.80474930880345,16.60791160482212,16.723460338715217,308100800
2014-02-13,16.956424713134766,16.969505197666646,16.637807463193884,16.65213378736391,307398000
2014-02-14,16.942724227905273,17.004705185543656,16.856142503729803,16.895383969865236,272924400
2014-02-18,17.00501823425293,17.166972468044204,16.993181920844293,17.005329278464203,260251600
2014-02-19,16.736541748046875,17.033044991870042,16.642483330294446,16.966393388669974,313768000
2014-02-20,16.542818069458008,16.725018415875077,16.475855421030886,16.60012504263749,305858000
2014-02-21,16.359060287475586,16.649334326697858,16.338815805222836,16.59389528360492,278784800
2014-02-24,16.430694580078125,16.50451018173648,16.270921011352737,16.29365717474604,288909600
2014-02-25,16.259702682495117,16.49360281404183,16.22668876699929,16.487686323845402,231952000
2014-02-26,16.11301612854004,16.35127765039836,16.058511869705377,16.307985952867543,276217200
2014-02-27,16.43443489074707,16.469005704441187,16.072525843231386,16.106474568572846,301882000
2014-02-28,16.389902114868164,16.592658066574444,16.261582216508625,16.478353456934702,371968800
2014-03-03,16.437238693237305,16.52724856308716,16.283068888625312,16.302067534695183,238781200
2014-03-04,16.54561996459961,16.58922435976526,16.437546267422682,16.538146588765954,259140000
2014-03-05,16.580501556396484,16.65493756866371,16.479901246728904,16.535652989911686,200062800
2014-03-06,16.530363082885742,16.645289760455494,16.447828250034686,16.593899268803614,185488800
2014-03-07,16.52070426940918,16.568668270793022,16.383976260054443,16.540948750642457,220729600
2014-03-10,16.535654067993164,16.610713836681434,16.455298232658095,16.45592198422611,178584000
2014-03-11,16.69666862487793,16.779203408475592,16.58766016905656,16.67673685720661,279224400
2014-03-12,16.712867736816406,16.735914939163084,16.569288456608177,16.647463648805893,199326400
2014-03-13,16.527244567871094,16.807862918977804,16.480837450272183,16.73872130376807,257742800
2014-03-14,16.341625213623047,16.534725464696976,16.288988878257694,16.469319682449026,237199200
2014-03-17,16.40546417236328,16.506062812180648,16.377744656282655,16.435364323642332,199544800
2014-03-18,16.550600051879883,16.568352850567365,16.357499901479162,16.37930126308291,209647200
2014-03-19,16.546239852905273,16.70134272115066,16.47585074881287,16.577385842180053,224756000
2014-03-20,16.466510772705078,16.590158293398986,16.424464927054856,16.503573259166753,208398400
2014-03-21,16.59638786315918,16.623796342055464,16.39269885304381,16.56711145600701,374046400
2014-03-24,16.793224334716797,16.83402433849115,16.664593461387998,16.769242335678165,355700800
2014-03-25,16.97386360168457,16.997534553131626,16.805678589129858,16.86516784346925,282293200
2014-03-26,16.81159782409668,17.09875803712509,16.782945175944576,17.021517643404014,299768000
2014-03-27,16.739349365234375,16.865177568992,16.666470204547505,16.81908147906583,222031600
2014-03-28,16.72066307067871,16.78544510636423,16.639374065980352,16.766135412362814,200564000
2014-03-31,16.716922760009766,16.843684072626644,16.691693251818176,16.79447422295311,168669200
2014-04-01,16.869842529296875,16.87669548012874,16.71785339453658,16.748686683267227,200760000
2014-04-02,16.897872924804688,16.926838285142,16.8265506734033,16.892578521338873,180420800
2014-04-03,16.780773162841797,16.8963219370514,16.74495650258016,16.86175111705986,162344000
2014-04-04,16.56368637084961,16.818454840296138,16.525066992500427,16.812538347541032,275251200
2014-04-07,16.303627014160156,16.535037280011434,16.254418816401724,16.445338440080423,289850400
2014-04-08,16.302682876586914,16.386152458557355,16.15505339295161,16.357187106430434,243888400
2014-04-09,16.5169734954834,16.52226790104433,16.25846744903462,16.27777714245493,206169600
2014-04-10,16.30393409729004,16.576766380594005,16.29427842228178,16.52817862475142,239652000
2014-04-11,16.183401107788086,16.283688718680953,16.106471746107708,16.164400802956195,271717600
2014-04-14,16.24787712097168,16.26282554017803,16.108657388118385,16.25472841046884,205674000
2014-04-15,16.132007598876953,16.24662151454524,15.925514260898783,16.20395358773592,266490000
2014-04-16,16.164718627929688,16.229500655992585,16.013040492077693,16.1348184626677,214765600
2014-04-17,16.34939956665039,16.437230419575613,16.170625757061156,16.19554254701684,284334400
2014-04-21,16.543441772460938,16.573651311363978,16.318882869278212,16.361863514870905,182548800
2014-04-22,16.55994987487793,16.563998439064076,16.397994000729792,16.454366181844268,202563200
2014-04-23,16.34348487854004,16.542192142002897,16.33414024960778,16.477721188386962,394940000
2014-04-24,17.68335723876953,17.752811561155145,17.46409442070281,17.69706147677449,759911600
2014-04-25,17.813230514526367,17.814785734826856,17.564691340473164,17.5824424752826,390275200
2014-04-28,18.50309944152832,18.554800956461648,17.83222891374695,17.84001665923219,669485600
2014-04-29,18.448287963867188,18.561968788931416,18.360458735600798,18.492203409669308,337377600
2014-04-30,18.378522872924805,18.6694207066468,18.369490948280973,18.457943929627138,456640800
2014-05-01,18.421817779541016,18.52521918703263,18.26235356436816,18.43801203842203,244048000
2014-05-02,18.456073760986328,18.50653111375002,18.366687649887986,18.448600384161956,191514400
2014-05-05,18.717073440551758,18.718320944050948,18.375721553075017,18.38008282530819,287067200
2014-05-06,18.513059616088867,18.82451110861857,18.513059616088867,18.743222177584798,374564400
2014-05-07,18.448287963867188,18.602768802948543,18.305019685203682,18.539232623918572,282864400
2014-05-08,18.415401458740234,18.61647141231713,18.36560397880569,18.423543811700107,230297200
2014-05-09,18.338666915893555,18.36090282881609,18.175492045946903,18.30734696181845,291597600
2014-05-12,18.566980361938477,18.59297466433355,18.3969159712288,18.399736021022125,213208800
2014-05-13,18.596113204956055,18.620541937803953,18.50027830750633,18.540991747167453,159737200
2014-05-14,18.599557876586914,18.710115240639418,18.53284845496287,18.55445880843133,166404000
2014-05-15,18.44139289855957,18.685056285462238,18.41696417085572,18.625550882052988,230846000
2014-05-16,18.713565826416016,18.714191389445787,18.334288968619905,18.435449535573262,276256400
2014-05-19,18.935314178466797,19.021128415915264,18.707935302080834,18.724221691907083,317755200
2014-05-20,18.939062118530273,18.99199076545354,18.814411174170846,18.932798125902046,234836000
2014-05-21,18.989171981811523,19.00138551270485,18.85606590471484,18.91150014750676,196859600
2014-05-22,19.019237518310547,19.100042185368526,18.919957000448953,18.998254397874977,200760000
2014-05-23,19.234081268310547,19.252873238988595,18.9941762968506,19.01860502241828,232209600
2014-05-27,19.594257354736328,19.60145969056029,19.281064467208882,19.28889403850288,348866000
2014-05-28,19.543521881103516,19.72579987280838,19.53631787190641,19.6064729120165,315481600
2014-05-29,19.899614334106445,19.94628064213926,19.661274947123356,19.663780543160385,376474000
2014-05-30,19.825082778930664,20.17491797520499,19.69667344292699,19.981052009026282,564020800
2014-06-02,19.688844680786133,19.882397873465283,19.49623150516816,19.85515075971683,369350800
2014-06-03,19.967266082763672,20.004850027701615,19.676310817703598,19.68288758991081,292709200
2014-06-04,20.19527244567871,20.291423460409717,19.922481889124924,19.964137014302985,335482000
2014-06-05,20.274513244628906,20.337778732854176,20.126060803270367,20.238496542060307,303805600
2014-06-06,20.21876335144043,20.396971837553735,20.18431390351291,20.354376690878546,349938400
2014-06-09,20.542287826538086,20.581750133882963,20.11478089082507,20.323053157428276,301660000
2014-06-10,20.662872314453125,20.838260759117787,20.513792638276612,20.76810571577756,251108000
2014-06-11,20.577367782592773,20.77467933471802,20.491866388776486,20.63656041191639,182724000
2014-06-12,20.233171463012695,20.634371381292542,20.147670060445265,20.616832203168943,218996000
2014-06-13,20.011741638183594,20.266054673853183,19.924047430275873,20.213437145531817,218100000
2014-06-16,20.21343231201172,20.33401202812979,20.04900633873843,20.06216155398699,142244000
2014-06-17,20.187129974365234,20.323054407089504,20.125744530860352,20.237553014689436,118904000
2014-06-18,20.20905876159668,20.233174717238324,20.02709352271096,20.22878908568801,134056000
2014-06-19,20.13890838623047,20.23537223119369,20.024905356250528,20.23317941490941,142112000
2014-06-20,19.93062973022461,20.29017454681448,19.928436914630172,20.136709235139932,403592000
2014-06-23,19.913084030151367,20.08627960757801,19.86265932376025,20.020508542307454,174776000
2014-06-24,19.792509078979492,20.112591550462128,19.772778758212322,19.895549658882903,156144000
2014-06-25,19.810041427612305,19.88458039942898,19.65438504002969,19.777155898375977,147476000
2014-06-26,19.928430557250977,19.961316090163848,19.687272770269384,19.812236457236153,130516000
2014-06-27,20.165206909179688,20.16959086689013,19.899931470430868,19.910893873648813,256116000
2014-06-30,20.37347984313965,20.54886826448812,20.189321833460955,20.191514648700498,197929200
2014-07-01,20.502832412719727,20.62341219032295,20.41733099682957,20.502832412719727,152892000
2014-07-02,20.494064331054688,20.621219209676976,20.408561243219843,20.5795657462612,113860000
2014-07-03,20.61463737487793,20.629983736080597,20.432672183026366,20.535712753656238,91567200
2014-07-07,21.039953231811523,21.04433718960624,20.629983763946626,20.638753352163985,225872000
2014-07-08,20.904020309448242,21.22191150635201,20.590514741537564,21.105715754818466,260888000
2014-07-09,20.912792205810547,21.03556306914597,20.7746749845582,20.92375460687731,145744000
2014-07-10,20.836063385009766,20.94787353583703,20.502825747579276,20.555443273043757,158744000
2014-07-11,20.875526428222656,21.022413261906475,20.796601809873287,20.90621914951098,136072000
2014-07-14,21.145183563232422,21.241647354691104,20.96979682823133,21.01583590889266,171240000
2014-07-15,20.89745330810547,21.2328821599118,20.833875039001995,21.221921427559717,181911600
2014-07-16,20.779069900512695,21.287694467391784,20.770300309559623,21.259194551265633,213585200
2014-07-17,20.408557891845703,20.888682431183888,20.294556581167097,20.833873754917082,229192000
2014-07-18,20.702329635620117,20.770291847030737,20.393207952827748,20.524750090900618,199952000
2014-07-21,20.594911575317383,20.82729985956197,20.546679665916816,20.825107043872407,156316000
2014-07-22,20.765913009643555,20.80318251072698,20.634372511766173,20.757143420101304,220788000
2014-07-23,21.30742073059082,21.458691534090615,20.86456570610551,20.91937438033987,371672000
2014-07-24,21.272342681884766,21.335920945625546,21.138609381021052,21.274535497221486,182916000
2014-07-25,21.412656784057617,21.449926288652545,21.186845268110496,21.232884363073936,173876000
2014-07-28,21.708621978759766,21.756853886425095,21.386348334377125,21.44554097483934,221272000
2014-07-29,21.56831169128418,21.800701637687794,21.539811779117002,21.776585684073943,172572000
2014-07-30,21.51788330078125,21.63846136629719,21.41264992270782,21.58146155610906,132040000
2014-07-31,20.958833694458008,21.36441749124647,20.899641070708935,21.300840910142107,227372000
2014-08-01,21.075031280517578,21.182457488684776,20.785641541065516,20.80537353399281,194044000
2014-08-04,20.956640243530273,21.17368376015539,20.864562088213518,21.127644682497014,159832000
2014-08-05,20.853605270385742,20.976376167169736,20.68698643001602,20.906221130060594,223732000
2014-08-06,20.818523406982422,20.932526368464433,20.763714741208155,20.772484328447366,154232000
2014-08-07,20.816312789916992,21.140189222057355,20.732588189776614,20.91545839635531,186844000
2014-08-08,20.873607635498047,20.89123405379244,20.55193306589028,20.76785248762721,167460000
2014-08-11,21.149017333984375,21.168847477818137,20.895642995551334,20.990382907106365,146340000
2014-08-12,21.144609451293945,21.345104506719988,21.06529224579964,21.16003214786518,135180000
2014-08-13,21.424427032470703,21.424427032470703,21.160037402466596,21.184273314660935,127664000
2014-08-14,21.481714248657227,21.497136950623453,21.32748722899496,21.444259355446167,112464000
2014-08-15,21.587465286254883,21.63373337965027,21.340700440531506,21.56983886564293,195804000
2014-08-18,21.847436904907227,21.89370497246134,21.587453229402886,21.69981781591414,190288000
2014-08-19,22.1492919921875,22.18234110823553,21.88269870304301,21.902528845050973,277596000
2014-08-20,22.158105850219727,22.27267421746431,22.021503617666486,22.12946417864556,210796000
2014-08-21,22.160316467285156,22.239633700418704,22.056763319530333,22.1581127438791,133912000
2014-08-22,22.32335090637207,22.356400025092675,22.07438401644644,22.096416201944177,176736000
2014-08-25,22.3718204498291,22.510624717214103,22.31453542859733,22.426901748450618,161080000
2014-08-26,22.22860336303711,22.363001833656057,22.221993877752148,22.345375418931212,132608000
2014-08-27,22.50181007385254,22.59875369115224,22.186744998576238,22.257248989081187,209476000
2014-08-28,22.528257369995117,22.645029486433096,22.376232405829594,22.382841894541432,273840000
2014-08-29,22.583332061767578,22.671462474295744,22.5172338321345,22.662649264948147,178380000
2014-09-02,22.759593963623047,22.85653590913751,22.631804943458658,22.706714705035647,214256000
2014-09-03,21.798969268798828,22.73755312819143,21.719652086181515,22.71552095100826,501684000
2014-09-04,21.618305206298828,22.052344357534434,21.54559750040115,21.779141631038772,342872000
2014-09-05,21.805583953857422,21.898120128662356,21.660168524065867,21.76812907561939,233828000
2014-09-08,21.67118263244629,21.88049085975283,21.60288237150474,21.87828881845943,185426800
2014-09-09,21.58966636657715,22.711122534083316,21.182065073530087,21.829821714112192,759385200
2014-09-10,22.25283432006836,22.277070214694696,21.538981491753123,21.594062764822603,403478400
2014-09-11,22.34758949279785,22.349793215896117,21.948801340370377,22.122858484272786,249412400
2014-09-12,22.39826011657715,22.51503220090262,22.270471100129416,22.29911277032032,250504400
2014-09-15,22.391645431518555,22.70450843660003,22.34978479411456,22.65162918785671,245266000
2014-09-16,22.221996307373047,22.310126709685502,21.78795546276599,21.988452170050515,267632400
2014-09-17,22.380638122558594,22.429109943963628,22.162514926235946,22.312336155602335,243706000
2014-09-18,22.426898956298828,22.5502805119467,22.376223428259095,22.457744345210795,149197600
2014-09-19,22.244033813476562,22.550285732102093,22.142684414883394,22.537066756921945,283609600
2014-09-22,22.266069412231445,22.504021087637515,22.160314232683152,22.42911130886983,211153600
2014-09-23,22.61417579650879,22.680274021297212,22.151493265832897,22.164712238411507,253608800
2014-09-24,22.4180850982666,22.660442438815103,22.296905587518562,22.50841922099652,240687200
2014-09-25,21.563230514526367,22.188953350694213,21.530181394374274,22.144888977790142,400368000
2014-09-26,22.19775390625,22.19775390625,21.679990255544265,21.70863191350814,249482000
2014-09-29,22.0567569732666,22.129464696210654,21.730674921878347,21.735082367422326,199065200
2014-09-30,22.19775390625,22.371810937600753,22.149282115121043,22.21097287439531,221056400
2014-10-01,21.851856231689453,22.18454779741765,21.746099382383477,22.16251392980734,205965200
2014-10-02,22.01048469543457,22.080988682200253,21.600679747062905,21.87167876330852,191031200
2014-10-03,21.94879150390625,22.07878253232824,21.821002516647464,21.909132910651714,173878400
2014-10-06,21.94879150390625,22.175726133827656,21.9047254664304,22.02149752408336,148204800
2014-10-07,21.757112503051758,22.058958618361885,21.752706738870703,21.90693369942461,168376800
2014-10-08,22.208784103393555,22.277084387549824,21.660173064309067,21.75932042748068,229618800
2014-10-09,22.257247924804688,22.556890290359625,22.166915479233904,22.371817954489153,309506000
2014-10-10,22.193355560302734,22.479777278497668,22.098615668058425,22.184542351611675,265326400
2014-10-13,21.99065589904785,22.42469677696446,21.99065589904785,22.325551117346482,214333600
2014-10-14,21.757112503051758,22.147087349565375,21.717453901631067,22.118445680019022,254754400
2014-10-15,21.490522384643555,21.845246127018896,20.970554725544844,21.58526229746954,403734400
2014-10-16,21.20849609375,21.530170560743,21.02122008171981,21.052065463421386,288618000
2014-10-17,21.519166946411133,21.812199934821678,21.32968709532975,21.481712057021348,272718800
2014-10-20,21.979642868041992,22.023707236555726,21.640341851452945,21.66237403570981,310069200
2014-10-21,22.576723098754883,22.697900947963007,22.312331855036728,22.697900947963007,378495600
2014-10-22,22.691293716430664,22.93805856557183,22.60536701594226,22.658244597562508,273052400
2014-10-23,23.096691131591797,23.145162944568984,22.832299882883824,22.931447231504766,284298800
2014-10-24,23.1826171875,23.242104250278015,23.03059226569821,23.17380397802403,188215600
2014-10-27,23.158382415771484,23.239903346705518,23.06804827492989,23.101097391846277,136750800
2014-10-28,23.517507553100586,23.517507553100586,23.211255709376704,23.22227263996437,192243600
2014-10-29,23.64970588684082,23.656317054760354,23.43378813467598,23.497682643648638,210751600
2014-10-30,23.570392608642578,23.651911863659734,23.332440969296684,23.56598516294283,162619200
2014-10-31,23.795120239257812,23.803933448467568,23.621063139497657,23.797323961797197,178557200
2014-11-03,24.10357666015625,24.301869671771502,23.797324773696854,23.84359286291577,209130400
2014-11-04,23.927318572998047,24.12340788446306,23.73343298440006,24.094766210983774,166297600
2014-11-05,23.984601974487305,24.08154560268648,23.823763835061218,24.037479553074164,149743600
2014-11-06,24.05319595336914,24.073112081450738,23.854044801973224,24.031068235240337,139874000
2014-11-07,24.121795654296875,24.19039209146036,24.02000679364768,24.0642622328041,134766000
2014-11-10,24.08196449279785,24.19260477621061,24.04655879175213,24.124006652493712,108782000
2014-11-11,24.27447509765625,24.285539800194705,23.986811402258763,24.05319455277976,109769200
2014-11-12,24.617460250854492,24.657290815868482,24.201453440447906,24.203665030333397,187769600
2014-11-13,24.964876174926758,25.10428233930069,24.694913584158286,24.73917071523988,238091600
2014-11-14,25.265819549560547,25.268032828317192,24.608615882511177,25.037900796500228,176254400
2014-11-17,25.223770141601562,25.951783374465187,25.07108770574538,25.2857284272518,186986800
2014-11-18,25.551265716552734,25.59994770831445,25.201642037751906,25.212706740692894,176896000
2014-11-19,25.374242782592773,25.61101292707092,25.181729765450644,25.54462976842207,167476800
2014-11-20,25.73714256286621,25.85884755169119,25.414073133174263,25.42735111537857,173582000
2014-11-21,25.77254295349121,26.015951192745366,25.67517898249498,26.00267490151367,228717200
2014-11-24,26.250511169433594,26.28149031152891,25.80573847724948,25.856632058590368,189803200
2014-11-25,26.02259063720703,26.498344126180324,25.98939821923466,26.34787329451055,275361600
2014-11-26,26.332387924194336,26.354515643626133,26.073490061545048,26.097831059391062,163073200
2014-11-28,26.31689453125,26.42089665454155,26.122168264987792,26.392129104043402,99257600
2014-12-01,25.46275520324707,26.38770805631444,24.621888359281545,26.290344064969418,335256000
2014-12-02,25.365386962890625,25.6132217683277,24.94938016742072,25.115340567647465,237395600
2014-12-03,25.653053283691406,25.74599070608979,25.471603306907465,25.613222718629732,172253600
2014-12-04,25.555686950683594,25.934076439791447,25.511431521686198,25.61764522657451,168178000
2014-12-05,25.447275161743164,25.68625867278695,25.36761399139524,25.666342536081263,153275600
2014-12-08,24.87194061279297,25.36982197951074,24.699342009115405,25.248116970129352,230659600
2014-12-09,25.25254249572754,25.292373070966736,24.197033096007257,24.382909676535846,240832000
2014-12-10,24.77235221862793,25.414066030079344,24.681628088145388,25.31670375446836,178261200
2014-12-11,24.69933319091797,25.18172481042085,24.63737322483946,24.840952594053086,165606800
2014-12-12,24.281116485595703,24.75465674686896,24.247924064093308,24.442650348277784,224112400
2014-12-15,23.949195861816406,24.694910271976017,23.53318732663083,24.495757429412357,268872400
2014-12-16,23.6217041015625,24.376271759563366,23.513277080032182,23.537618081144274,243162800
2014-12-17,24.210302352905273,24.305451355206277,23.637184931788564,23.703569762670043,213647200
2014-12-18,24.927249908447266,24.927249908447266,24.48690216414596,24.75465137993903,236024800
2014-12-19,24.734737396240234,25.05780676775172,24.708184813086927,24.840952793562863,353719200
2014-12-22,24.991422653198242,25.113125927153245,24.776780277098712,24.81882411644418,180670000
2014-12-23,24.902912139892578,25.077723968840214,24.88520929154019,25.055596252517997,104113600
2014-12-24,24.785634994506836,24.940530704938997,24.785634994506836,24.911764841069203,57918400
2014-12-26,25.223770141601562,25.341048566330464,24.785635585511073,24.80555002522579,134884000
2014-12-29,25.206069946289062,25.396369678836002,25.159599542033536,25.179515670748295,110395600
2014-12-30,24.898487091064453,25.208280203040292,24.80776294217987,25.14632191829245,119526000
2014-12-31,24.424949645996094,25.03347123684447,24.38733235282958,24.96487479774826,165613600
2015-01-02,24.192604064941406,24.659506182275138,23.75446781268404,24.648441478964468,212818400
2015-01-05,23.51106071472168,24.042134423807454,23.32518584507189,23.96247328303275,257142000
2015-01-06,23.51327133178711,23.7721691658831,23.15258296070491,23.57522961465761,263188400
2015-01-07,23.84297752380371,23.942553088747736,23.610632287952324,23.721272554884127,160423600
2015-01-08,24.759078979492188,24.816612391422495,24.05319353108403,24.170473633005646,237458000
2015-01-09,24.785634994506836,25.060022405088077,24.387329327343235,24.93167928030907,214798000
2015-01-12,24.17490005493164,24.922827705158852,24.075324482860438,24.916189558785653,198603200
2015-01-13,24.38954734802246,24.96045168588844,24.09967031003242,24.657296664253337,268367600
2015-01-14,24.296606063842773,24.449288501616856,24.008940661725582,24.128432366224875,195826400
2015-01-15,23.63718605041504,24.354134491977135,23.601782043642775,24.340858200467093,240056000
2015-01-16,23.453527450561523,23.80536443937961,23.278715595370205,23.683659448981608,314053200
2015-01-20,24.0576229095459,24.11294304990514,23.56637979303794,23.862894935009866,199599600
2015-01-21,24.24129295349121,24.575425479083915,23.958052337598442,24.10852322894512,194303600
2015-01-22,24.87194061279297,24.887430187783597,24.278908517350764,24.398400247951475,215185600
2015-01-23,25.000280380249023,25.17066568204172,24.67942253004134,24.849809520070863,185859200
2015-01-26,25.02682876586914,25.305642719304203,24.960445616732773,25.168448176577243,222460000
2015-01-27,24.150556564331055,24.88963440186182,24.126215571319666,24.8763564222506,382274800
2015-01-28,25.51585578918457,26.137655187863214,25.51585578918457,26.029226519367846,585908400
2015-01-29,26.310256958007812,26.374428518206834,25.571179064885065,25.739352750639867,337745600
2015-01-30,25.925228118896484,26.553664023772246,25.856630005500925,26.199615507769245,334982000
2015-02-02,26.250511169433594,26.370002869616926,25.68624677706615,26.122169732854424,250956400
2015-02-03,26.254932403564453,26.352294678311385,26.024800474481754,26.22173998998051,207662800
2015-02-04,26.456302642822266,26.666520183230848,26.179701948787283,26.221745794516334,280598800
2015-02-05,26.64513397216797,26.70955879365363,26.491847269498656,26.66290499248517,168984800
2015-02-06,26.420759201049805,26.71400223470758,26.31412460021994,26.662906100062138,174826400
2015-02-09,26.596256256103516,26.62291363042409,26.309677617863073,26.336336687082827,155559200
2015-02-10,27.107215881347656,27.136096970685305,26.69401122096662,26.69623153945443,248034000
2015-02-11,27.742570877075195,27.751457234046466,27.213845349029228,27.273826139961198,294247200
2015-02-12,28.09358024597168,28.320178159043575,27.89586342284208,28.004718352510146,297898000
2015-02-13,28.23131561279297,28.27574571104656,27.913635495070917,28.27574571104656,217088800
2015-02-17,28.39792823791504,28.631190468113697,28.195767412422946,28.32239504441379,252609600
2015-02-18,28.595645904541016,28.608974594134033,28.313509545559175,28.353497309237724,179566800
2015-02-19,28.53566551208496,28.664515170633745,28.50900813093667,28.54232985737203,149449600
2015-02-20,28.768918991088867,28.768918991088867,28.446796637874154,28.573422549502805,195793600
2015-02-23,29.546457290649414,29.546457290649414,28.804464364721515,28.88443987343099,283896400
2015-02-24,29.362077713012695,29.679759521946426,29.139923834524474,29.5331371485924,276912400
2015-02-25,28.61119842529297,29.23545371286905,28.469020069179415,29.22656565884979,298846800
2015-02-26,28.973302841186523,29.07327138927791,28.126897269655064,28.611191004310385,365150000
2015-02-27,28.537893295288086,29.006638189606278,28.489019163004695,28.880008831472114,248059200
2015-03-02,28.677846908569336,28.942210599045755,28.502346814362078,28.713392347077,192386800
2015-03-03,28.737829208374023,28.77337464662942,28.45569280064609,28.648969002535093,151265200
2015-03-04,28.55565643310547,28.782254325481713,28.506785701219396,28.680065445448587,126665200
2015-03-05,28.08247184753418,28.60231109584079,27.938071491371385,28.56454534427654,226068400
2015-03-06,28.124683380126953,28.740048936913926,28.049151867734945,28.524559382890047,291368400
2015-03-09,28.244640350341797,28.784475968478535,27.782559935616113,28.426806439526047,354114000
2015-03-10,27.660375595092773,28.262412309033678,27.502646569217422,28.08246823773491,275426400
2015-03-11,27.156089782714844,27.718138827229005,27.127210388514765,27.713696495390376,275756000
2015-03-12,27.647043228149414,27.74701346773055,27.020569500724587,27.17163417162344,193450800
2015-03-13,27.45599937438965,27.85809908133666,27.231625158275826,27.6359451838697,207309200
2015-03-16,27.75812530517578,27.75812530517578,27.296046544920685,27.520420732700014,143497200
2015-03-17,28.222427368164062,28.284630179522154,27.91363362970817,27.969172096263538,204092400
2015-03-18,28.54010772705078,28.693394438520734,28.073584942676437,28.21354126951889,261083600
2015-03-19,28.324615478515625,28.713384710573685,28.302400432806465,28.602307787128524,183238000
2015-03-20,27.96916961669922,28.524552538116783,27.804776244841232,28.491230817057243,274780400
2015-03-23,28.260196685791016,28.40237504252727,28.10690995638173,28.240203648859215,150838800
2015-03-24,28.14467430114746,28.44457999143216,28.115793213344112,28.26463759420105,131369200
2015-03-25,27.409347534179688,28.173557491497697,27.409347534179688,28.111354670767113,206620800
2015-03-26,27.600393295288086,27.742571620841588,27.236061124194826,27.271606553032868,190291600
2015-03-27,27.380464553833008,27.702586988271232,27.304933051374206,27.673707595254548,158184800
2015-03-30,28.073579788208008,28.080244131848396,27.547074606928014,27.558182976261453,188398800
2015-03-31,27.64260482788086,28.100241236455535,27.62705412549918,28.011379353603317,168362400
2015-04-01,27.602619171142578,27.79589365397358,27.347141874039412,27.729246813025078,162485600
2015-04-02,27.840320587158203,27.893637036917603,27.589287345262466,27.77589576687005,128880400
2015-04-06,28.291290283203125,28.326835710021733,27.620386453544633,27.6514878545613,148776000
2015-04-07,27.99360466003418,28.462347683151513,27.986940316302068,28.35571479363924,140049200
2015-04-08,27.90252113342285,28.08024487808575,27.762564828557807,27.9580595917676,149316800
2015-04-09,28.115798950195312,28.120242977640842,27.693707867462628,27.95806987387628,129936000
2015-04-10,28.235755920410156,28.260192981167595,27.82699362210292,27.98027863651839,160752000
2015-04-13,28.180221557617188,28.56232822738355,28.126905096791532,28.517894736045996,145460400
2015-04-14,28.05803680419922,28.277968679310423,27.97139692324936,28.213543848237514,102098400
2015-04-15,28.16466522216797,28.242418731765728,27.993607501052892,28.08246938126436,115881600
2015-04-16,28.02915382385254,28.235756994085587,28.0158251338051,28.05359088553921,113476000
2015-04-17,27.713695526123047,28.022489272545602,27.649270699868765,27.891419301645175,207828000
2015-04-20,28.346830368041992,28.462349622032768,27.806996455276874,27.895858332523268,188217200
2015-04-21,28.193544387817383,28.480121347261836,28.140226246381843,28.45790799734594,129740400
2015-04-22,28.573427200317383,28.62896566300797,28.06247436050361,28.211317033738535,150618000
2015-04-23,28.806690216064453,28.973305608731458,28.466795086207675,28.502340516861693,183083600
2015-04-24,28.942203521728516,29.019958725725385,28.70894129953666,28.98885732208639,178103600
2015-04-27,29.468711853027344,29.575348159798903,29.135481021414673,29.393180344746973,387816800
2015-04-28,29.004409790039062,29.888581275967137,28.784479620133364,29.870811948737703,475696000
2015-04-29,28.577871322631836,29.233224506626065,28.502339826670195,28.91554612607042,253544400
2015-04-30,27.802562713623047,28.577879399958032,27.675935050268052,28.577879399958032,332781600
2015-05-01,28.646738052368164,28.90888135598468,27.835877862217878,28.0135999238689,234050400
2015-05-04,28.591197967529297,29.006627945219055,28.49344973748465,28.76892171399243,203953200
2015-05-05,27.94696044921875,28.535666910420105,27.942516422209852,28.46902006448425,197085600
2015-05-06,27.771453857421875,28.15800109012273,27.4048996580972,28.115791315351583,288564000
2015-05-07,27.943225860595703,28.12615286272981,27.66660321192148,27.833914556628738,175763600
2015-05-08,28.469709396362305,28.469709396362305,28.132855289786765,28.260011889993745,222201600
2015-05-11,28.179691314697266,28.45631225450353,28.025764336766688,28.418388759122625,168143200
2015-05-12,28.07931137084961,28.304622800272487,27.84507476175054,28.01907832189072,192640000
2015-05-13,28.110536575317383,28.3737731531699,28.079305261163608,28.14176788947116,138776800
2015-05-14,28.76639747619629,28.76639747619629,28.367082551285613,28.422853001376712,180814000
2015-05-15,28.726245880126953,28.886865057060014,28.60132061005864,28.79317110450878,152832000
2015-05-18,29.043020248413086,29.161253330755034,28.63478014366407,28.639242732797204,203531600
2015-05-19,29.016265869140625,29.196961672862123,28.92033887711524,29.15457556503415,178532800
2015-05-20,29.01402473449707,29.219259627089205,28.85340553091038,29.000640368191327,145819600
2015-05-21,29.31072425842285,29.36426512807288,28.962717115594927,29.016257985244955,158921600
2015-05-22,29.567262649536133,29.663189601300626,29.312949513264282,29.35756860001525,182384000
2015-05-26,28.915864944458008,29.649806051808497,28.804324032431605,29.580651230985488,282790400
2015-05-27,29.45572280883789,29.50480108287714,29.011792153608145,29.076484385409774,183332800
2015-05-28,29.39771842956543,29.43564192592671,29.246024444120316,29.415565381492744,122933200
2015-05-29,29.06309700012207,29.32410230095591,28.978324825780795,29.275024032017086,203538000
2015-06-01,29.121103286743164,29.310724221383353,29.01179535845598,29.063103230998106,128451200
2015-06-02,28.991714477539062,29.147871068876178,28.848942250608214,28.96940493422302,134670400
2015-06-03,29.027402877807617,29.210331588659578,28.978324609235536,29.147868956651138,123934000
2015-06-04,28.85787010192871,29.13003024869071,28.757483943785804,28.90694838439131,153800400
2015-06-05,28.699472427368164,28.931479407354722,28.634780202616195,28.889093320398054,142507200
2015-06-08,28.509855270385742,28.824401431399306,28.293465647897676,28.75524321274129,210699200
2015-06-09,28.425086975097656,28.572321802981325,28.0235406937391,28.2644677817625,224301600
2015-06-10,28.75078582763672,28.853401557823254,28.521010125158224,28.536625784357813,156349200
2015-06-11,28.686092376708984,29.040791677792328,28.66155323867411,28.81770984255118,141563600
2015-06-12,28.36931610107422,28.628091842543252,28.355931735818686,28.596860522294136,147544800
2015-06-15,28.313549041748047,28.384935168311724,28.043620197492285,28.130621986054905,175955600
2015-06-16,28.465238571166992,28.52100902357993,28.19084889840366,28.33808200774466,125976400
2015-06-17,28.398311614990234,28.527697755436247,28.273384659348007,28.492005555237707,131672400
2015-06-18,28.527700424194336,28.62362566779641,28.38046731888597,28.382698613475533,141628800
2015-06-19,28.242158889770508,28.514318990371574,28.197543205269692,28.489779853302345,218867600
2015-06-22,28.467470169067383,28.567856303688377,28.349237081009143,28.440699738911512,136157200
2015-06-23,28.338085174560547,28.467473047092806,28.30462255897747,28.438473021309782,121075600
2015-06-24,28.57901382446289,28.956022667693063,28.358163285862766,28.378239833926724,221123600
2015-06-25,28.44293212890625,28.822170543166646,28.44293212890625,28.746323541106253,127752400
2015-06-26,28.27562141418457,28.55224240156402,28.22208225255806,28.48085628540225,176267200
2015-06-29,27.780378341674805,28.21315761039988,27.769225272035214,27.987844499138156,196645600
2015-06-30,27.981149673461914,28.135076656967197,27.85399311812508,28.012380988668923,177482800
2015-07-01,28.242158889770508,28.318007595797013,28.106078839469976,28.309084118500998,120955200
2015-07-02,28.206466674804688,28.262237131404994,28.057000557611623,28.20423537998648,108844000
2015-07-06,28.108308792114258,28.1596183586215,27.851764363536425,27.87184261198854,112241600
2015-07-07,28.039152145385742,28.141769569729256,27.610833793456596,28.083767824846724,187787200
2015-07-08,27.343141555786133,27.80492090486777,27.336449372781665,27.769228694850813,243046400
2015-07-09,26.785438537597656,27.675534671659292,26.595819299290923,27.628687685864417,314380000
2015-07-10,27.501529693603516,27.62868627770291,27.039750340613136,27.202600837011023,245418000
2015-07-13,28.03245735168457,28.054765189336482,27.73352688081641,27.891914740717578,165762000
2015-07-14,28.021310806274414,28.190853485752687,27.894154222160562,28.117236068113243,127072400
2015-07-15,28.29123878479004,28.364856200215463,28.014617780682237,28.045849102017986,134596800
2015-07-16,28.668243408203125,28.681631176702723,28.40946938252491,28.496471156000958,144889600
2015-07-17,28.915864944458008,28.915864944458008,28.62362829958219,28.795402257211233,184658800
2015-07-20,29.462419509887695,29.663191799310432,29.156795081997483,29.217028130407765,235600800
2015-07-21,29.16794776916504,29.652034906839845,29.072024221109125,29.636420949603064,307025600
2015-07-22,27.934307098388672,27.996769738636274,27.213752036722603,27.213752036722603,461802400
2015-07-23,27.920923233032227,28.351469539872234,27.898613687990725,28.15292684325403,203998000
2015-07-24,27.773681640625,28.050302571575923,27.639832912873192,27.95660863234755,168649200
2015-07-27,27.387754440307617,27.575144055147923,27.24275261810859,27.459140555013633,177822000
2015-07-28,27.523839950561523,27.642074768930268,27.338683295715224,27.523839950561523,134472400
2015-07-29,27.43684196472168,27.55061420845263,27.276222726979114,27.47253588509994,148046800
2015-07-30,27.298526763916016,27.34314245339669,27.151291925066765,27.287371990556117,134513200
2015-07-31,27.059825897216797,27.3587547240426,26.972824122126944,27.34983124685656,171540000
2015-08-03,26.42180824279785,27.343135439891377,26.216571698683264,27.104437988238725,279904000
2015-08-04,25.5741024017334,26.25673229818468,25.26401877543825,26.1942696543237,496554400
2015-08-05,25.74363899230957,26.1987260496658,25.007468402061168,25.19708758379818,397250400
2015-08-06,25.799659729003906,26.106665770286234,25.573328492782526,25.987897521447067,211612000
2015-08-07,25.88705825805664,26.05064586175011,25.6584856014657,25.676413337974065,154681600
2015-08-10,26.828248977661133,26.888752962705077,26.11339616388924,26.11339616388924,219806400
2015-08-11,25.432151794433594,26.48314180457779,25.396298032277432,26.400227308211978,388331200
2015-08-12,25.824312210083008,25.86464876132336,24.567158357722324,25.217024256735492,404870000
2015-08-13,25.80414581298828,26.084260288357925,25.667449812233247,26.00358718267682,194143200
2015-08-14,25.985660552978516,26.06409226748677,25.548682636658828,25.61815048241141,171718000
2015-08-17,26.254568099975586,26.36437248612328,25.882575288173083,26.003584936240777,163538800
2015-08-18,26.106670379638672,26.317317022504323,25.996865978641605,26.09098403663909,138242800
2015-08-19,25.77277183532715,26.1111488736232,25.698821207216227,26.017030824945476,193146000
2015-08-20,25.243915557861328,25.62487054080635,25.015341200347923,25.564366569513382,274006400
2015-08-21,23.69993019104004,25.075852599969778,23.675279976084997,24.746437645282736,513102000
2015-08-24,23.10833168029785,24.381172327119355,20.61643190421529,21.259575558452457,648825200
2015-08-25,23.247257232666016,24.898812593986147,23.193475738649916,24.898812593986147,414406400
2015-08-26,24.58060646057129,24.625424093615674,23.540821644856987,23.997966972895647,387098400
2015-08-27,25.30442237854004,25.376131620216796,24.654556414147635,25.14980034129892,338464400
2015-08-28,25.38734245300293,25.39182353360435,24.995182077561836,25.136359197234547,212657600
2015-08-31,25.268569946289062,25.665211336256274,25.098259847186128,25.104982321810155,224917200
2015-09-01,24.139141082763672,25.07136100477887,24.058467991186625,24.68368359606735,307383600
2015-09-02,25.17444610595703,25.17444610595703,24.455112372767545,24.70161446705182,247555200
2015-09-03,24.732990264892578,25.273050126560126,24.65903962729395,25.208063358035563,212935600
2015-09-04,24.486488342285156,24.75091649826802,24.316179957517583,24.419261888197923,199985200
2015-09-08,25.167728424072266,25.22375132713337,24.7217865944172,25.042237668314055,219374400
2015-09-09,24.68368911743164,25.550922481347587,24.59853321856181,25.4926598985961,340043200
2015-09-10,25.225994110107422,25.38509895839421,24.62766988281413,24.710582689709778,251571200
2015-09-11,25.593505859375,25.593505859375,25.044482028248712,25.051204503862607,199662000
2015-09-14,25.84000015258789,26.19406526766862,25.73915962308104,26.124597423327597,233453600
2015-09-15,26.0573673248291,26.113390216982477,25.640556870433343,25.978935617750974,173364800
2015-09-16,26.08650016784668,26.11563145610736,25.869131074034687,26.050644696433867,148694000
2015-09-17,25.52851104736328,26.104426309438182,25.48369341758183,25.918431607130465,256450400
2015-09-18,25.42319107055664,25.61367029631348,25.069127645614433,25.1453179681706,297141200
2015-09-21,25.81759262084961,25.853448096928165,25.470251672175387,25.472491357167897,200888000
2015-09-22,25.411985397338867,25.58677655538758,25.21478371364652,25.407502608336912,201384800
2015-09-23,25.618148803710938,25.70778577571087,25.389576149309995,25.46352506975313,143026800
2015-09-24,25.770538330078125,25.882584148904552,25.181177938537186,25.37837796418563,200878000
2015-09-25,25.705551147460938,26.149253335326183,25.550927372803073,26.09323042679026,224607600
2015-09-28,25.196853637695312,25.67416800871761,25.196853637695312,25.512821824236045,208436000
2015-09-29,24.439424514770508,25.436632963332094,24.170515331834174,25.284250637086068,293461600
2015-09-30,24.717300415039062,24.995173478183187,24.36547672478694,24.688167417260352,265892000
2015-10-01,24.555953979492188,24.56491784720905,24.04726517207875,24.441666803205894,255716400
2015-10-02,24.7352294921875,24.87640829038758,24.10105158150218,24.20413350942164,232079200
2015-10-05,24.824867248535156,24.957082181965,24.441670816553575,24.62318446599663,208258800
2015-10-06,24.943635940551758,25.039995398838375,24.598534664587667,24.791253581160905,192787200
2015-10-07,24.824867248535156,25.046717454485915,24.517862849816233,25.03999498001517,187062400
2015-10-08,24.538028717041016,24.692652458794942,24.24895036534952,24.692652458794942,247918400
2015-10-09,25.125150680541992,25.161004447325563,24.535788681322458,24.65007587545633,211064400
2015-10-12,25.00861930847168,25.266324960425933,24.972765545678314,25.2618438812079,121868800
2015-10-13,25.051198959350586,25.19909851917271,24.802457158588552,24.833829844298798,132197200
2015-10-14,24.697132110595703,24.99069152478597,24.551472245882195,24.939151420302792,177849600
2015-10-15,25.066884994506836,25.12066649653806,24.759878905615825,24.858479750742337,150694000
2015-10-16,24.883121490478516,25.098249135045574,24.768834341598893,25.04894872926681,156930400
2015-10-19,25.03775405883789,25.042235138369406,24.6747250681917,24.829348812117825,119036800
2015-10-20,25.494897842407227,25.584534814719742,24.83382837725812,24.95035524448626,195871200
2015-10-21,25.492658615112305,25.900505222254605,25.479211957730133,25.546440115591764,167180800
2015-10-22,25.882577896118164,25.882577896118164,25.5688493372589,25.620391153728185,166616400
2015-10-23,26.68482780456543,26.71844188608165,26.068575912273154,26.151488709038865,237467600
2015-10-26,25.833274841308594,26.471935447301785,25.752601742690196,26.460731895077686,265335200
2015-10-27,25.669694900512695,26.11563673075913,25.544202434904744,25.860172429236382,279537600
2015-10-28,26.727401733398438,26.734125916866574,26.0080679737833,26.203028261965798,342205600
2015-10-29,27.0097599029541,27.045615379108888,26.50331241520856,26.599671870270544,204909200
2015-10-30,26.77895164489746,27.164389548816906,26.76774637874583,27.112847718076413,197461200
2015-11-02,27.155424118041992,27.19576068031395,26.803600323102398,27.070269913104966,128813200
2015-11-03,27.466901779174805,27.673065599084715,27.047849956583303,27.068019085532576,182076000
2015-11-04,27.33917808532715,27.747024771983217,27.25402388382609,27.592401004565872,179544400
2015-11-05,27.213150024414062,27.611491014653208,27.046612866049482,27.422447396318912,158210800
2015-11-06,27.24465560913086,27.413443748226587,27.145634401755885,27.255908838537938,132169200
2015-11-09,27.13437271118164,27.413435200040848,27.01734706004752,27.22214237878253,135485600
2015-11-10,26.279178619384766,26.57174531789479,26.11939277287584,26.308436319436474,236511600
2015-11-11,26.13064956665039,26.4254655769582,25.928103495178785,26.1891632577425,180872000
2015-11-12,26.042871475219727,26.290426941710237,26.027117992361262,26.16439907884253,130102400
2015-11-13,25.282201766967773,26.0091164833646,25.266448282315263,25.925847083343587,183249600
2015-11-16,25.696308135986328,25.70981063860422,24.98064630820629,25.066165019789388,152426800
2015-11-17,25.586029052734375,25.892098314595156,25.502759628683492,25.86284060822513,110467600
2015-11-18,26.396207809448242,26.441217281405347,25.99336668252736,26.05188036967263,186698800
2015-11-19,26.731538772583008,26.949838364325366,26.27693682663629,26.47498094973161,173183200
2015-11-20,26.84856605529785,26.9880964780301,26.74729214650655,26.826059597565344,137148400
2015-11-23,26.499731063842773,26.94533239262618,26.407459413897218,26.841807516150237,129930000
2015-11-24,26.754043579101562,26.85981774995822,26.3579553319384,26.40521580289531,171212800
2015-11-25,26.562742233276367,26.832804188746852,26.537986511099877,26.82830221180506,85553200
2015-11-27,26.51323699951172,26.64826886737804,26.465976532559118,26.62126215040447,52185600
2015-11-30,26.623510360717773,26.873316886396125,26.49973173375955,26.55374344506798,156721200
2015-12-01,26.40746307373047,26.738288062358166,26.29943963887339,26.724785562251416,139409600
2015-12-02,26.16891098022461,26.580754422891076,26.12390149974809,26.407464317353075,133546400
2015-12-03,25.925853729248047,26.283685425226995,25.7053048875768,26.22967370928731,166278000
2015-12-04,26.78779411315918,26.837305559561578,25.90559546617463,25.94610467532194,231108000
2015-12-07,26.61901092529297,26.97459163578406,26.513236764336625,26.776547530739133,128336800
2015-12-08,26.60776138305664,26.691029094394686,26.29944111628699,26.44797377680992,137238000
2015-12-09,26.020376205444336,26.486231330206245,25.89884855763669,26.474978102501257,185445600
2015-12-10,26.144155502319336,26.31744560952406,25.995622841716926,26.114899511428376,116850800
2015-12-11,25.47125244140625,25.968614558600958,25.39698525707814,25.923605080402936,187544800
2015-12-14,25.313720703125,25.35873018692822,24.708333359061726,25.246204760418422,257274800
2015-12-15,24.86586570739746,25.38573429187087,24.83435872858108,25.192190440855068,213292400
2015-12-16,25.057159423828125,25.203442811607765,24.4855318075227,24.99639645318205,224954000
2015-12-17,24.526039123535156,25.261954549588157,24.526039123535156,25.2101921054981,179091200
2015-12-18,23.862140655517578,24.64756761837241,23.8126291952399,24.510288183513854,385813200
2015-12-21,24.154708862304688,24.163711102613128,23.758618873742133,24.14345563266869,190362400
2015-12-22,24.1321964263916,24.242470830260057,23.956655371844313,24.170454647753953,131157600
2015-12-23,24.442768096923828,24.49677980942645,24.12544563734299,24.141199125031314,130629600
2015-12-24,24.31223487854004,24.530534404381786,24.294230404511595,24.530534404381786,54281600
2015-12-28,24.03992462158203,24.235719421321342,23.89589225752135,24.213212969373373,106816800
2015-12-29,24.472026824951172,24.62731244741854,24.048931881781158,24.071436621428216,123724800
2015-12-30,24.15245246887207,24.46302196351547,24.12094549334309,24.43601696563428,100855200
2015-12-31,23.6888484954834,24.087187669568237,23.58982559067075,24.082687408895573,163649200
2016-01-04,23.709108352661133,23.713610331495133,22.95518829613928,23.092469461544965,270597600
2016-01-05,23.11496925354004,23.821628682951236,23.047455038507994,23.79912394460722,223164000
2016-01-06,22.66261100769043,23.03844708450596,22.475820180471928,22.631104038424606,273829600
2016-01-07,21.706148147583008,22.534335128762088,21.70164788723477,22.208012167974665,324377600
2016-01-08,21.820926666259766,22.30478625858172,21.775917190369956,22.178758352489098,283192000
2016-01-11,22.17426109313965,22.293537774929717,21.90645001870411,22.27328402156996,198957600
2016-01-12,22.49608039855957,22.66036825729513,22.244022854897278,22.628861278962535,196616800
2016-01-13,21.917695999145508,22.77288967617828,21.89744225248481,22.577094873452022,249758400
2016-01-14,22.397056579589844,22.613106875133813,21.546364765015802,22.04597785408347,252680400
2016-01-15,21.859180450439453,21.989710307796816,21.460841347057062,21.64988316778061,319335600
2016-01-19,21.75341033935547,22.20126093386138,21.492350596949187,22.14724922463988,212350800
2016-01-20,21.78265953063965,22.097730884004044,21.02423798139116,21.402323262028286,289337600
2016-01-21,21.672391891479492,22.02797083685336,21.36632267791624,21.843429256646218,208646000
2016-01-22,22.824655532836914,22.833657772379347,22.13825150849246,22.196763490015815,263202000
2016-01-25,22.379058837890625,22.849414327314413,22.327296382828717,22.847163337876452,207178000
2016-01-26,22.50283432006836,22.703129441961522,22.070737094209072,22.489331818323304,300308000
2016-01-27,21.02424430847168,21.74665713553977,21.006239833260953,21.6138779941135,533478800
2016-01-28,21.175029754638672,21.271801671005875,20.79244406686214,21.107515542267087,222715200
2016-01-29,21.90644645690918,21.90644645690918,21.233544971670028,21.33256788400009,257666000
2016-02-01,21.7016544342041,21.76466840009718,21.46985232381094,21.710656674617656,163774000
2016-02-02,21.262798309326172,21.61387697436504,21.217787123422998,21.474344873566967,149428800
2016-02-03,21.68364715576172,21.793921581847044,21.172782526467135,21.37982887826044,183857200
2016-02-04,21.85787582397461,22.02305515087919,21.538833187512928,21.690435019918965,185886800
2016-02-05,21.274091720581055,21.930280836238957,21.19942327595188,21.839771695058854,185672400
2016-02-08,21.498098373413086,21.654224844439824,21.052342357349705,21.07270600414181,216085600
2016-02-09,21.493576049804688,21.70853547812662,21.253728290560428,21.335186345835517,177324800
2016-02-10,21.330665588378906,21.80131187098601,21.292199753844734,21.70401481954626,169374400
2016-02-11,21.20168113708496,21.432479494048906,20.95051913314548,21.22204651037848,200298800
2016-02-12,21.26730728149414,21.382706498346476,21.045561662323756,21.312562722572782,161405600
2016-02-16,21.866928100585938,21.91444501811858,21.407596171451875,21.500366802924592,196231600
2016-02-17,22.201805114746094,22.222168762309874,21.756049081790966,21.87370974023489,179452800
2016-02-18,21.78093910217285,22.376033728646146,21.742471557414063,22.364719440249203,156084000
2016-02-19,21.731163024902344,21.894079140646554,21.676858228427058,21.72211193777007,141496800
2016-02-22,21.921222686767578,21.925749091843294,21.70400185371191,21.792247763193348,137123200
2016-02-23,21.425697326660156,21.835249115154625,21.394019383147793,21.812622259262714,127770400
2016-02-24,21.74474334716797,21.808099244046268,21.115707333421003,21.265047712907315,145022800
2016-02-25,21.89407730102539,21.89407730102539,21.55240612734355,21.733424402142486,110330800
2016-02-26,21.928016662597656,22.17917695216546,21.853346500833084,21.993634012407416,115964400
2016-02-29,21.87824058532715,22.226699678106144,21.869189498022948,21.91670641163121,140865200
2016-03-01,22.74713134765625,22.801436162105794,22.043425058648246,22.095468395304966,201628400
2016-03-02,22.796903610229492,22.82858155158241,22.54574155641827,22.74259881452711,132678400
2016-03-03,22.966609954833984,23.014126871720247,22.72902364408416,22.758440111431735,147822800
2016-03-04,23.308273315429688,23.475714069763075,22.937187467275734,23.163459410116825,184220400
2016-03-07,23.050329208374023,23.267550120715413,22.844420860215557,23.167989888522893,143315600
2016-03-08,22.860258102416992,23.02543740912557,22.717707374999783,22.80369010682502,126247600
2016-03-09,22.880626678466797,22.98471159775455,22.688294085500996,22.923617187232708,108806800
2016-03-10,22.89193344116211,23.13404436573756,22.661136804946963,22.94623995370993,134054400
2016-03-11,23.13857078552246,23.143095465078485,22.966603614987008,23.134044379648405,109632800
2016-03-14,23.197406768798828,23.28565444495634,23.029965957093875,23.059382424585884,100304400
2016-03-15,23.66352081298828,23.79928363696549,23.498341530832064,23.523231583298315,160270800
2016-03-16,23.97804069519043,24.054972335581546,23.66578427489726,23.670310680989743,153214000
2016-03-17,23.9395694732666,24.09117124311325,23.7495001655861,23.876211886494616,137682800
2016-03-18,23.96672821044922,24.097966375920844,23.80155062831962,24.06176202972802,176820800
2016-03-21,23.964466094970703,24.3581788545761,23.790235704617366,23.968990774965118,142010800
2016-03-22,24.147741317749023,24.276716252385185,23.80607021057265,23.815121295182642,129777600
2016-03-23,24.014245986938477,24.22694221270348,23.96220439530553,24.093442565514504,102814000
2016-03-24,23.91015625,24.041394393712576,23.73366440736762,23.864902551080196,104532000
2016-03-28,23.80155372619629,24.027825740397013,23.772137259506373,23.984833505276967,77645600
2016-03-29,24.36496353149414,24.389853583983573,23.731401383919813,23.7336645867783,124760400
2016-03-30,24.790359497070312,24.984953553052407,24.57313858659879,24.584452877002676,182404400
2016-03-31,24.6613826751709,24.867291006090742,24.63649261920656,24.826561980541666,103553600
2016-04-01,24.88765525817871,24.88991846140795,24.48262819605761,24.613866362261415,103496000
2016-04-04,25.143339157104492,25.385450069271393,24.951006622744835,24.984947759768183,149424800
2016-04-05,24.846925735473633,25.055097270450286,24.75867980079629,24.779045176816258,106314800
2016-04-06,25.107139587402344,25.111665993901667,24.70890040505678,24.94196200286057,105616400
2016-04-07,24.5595645904541,24.984955355017746,24.46453075895347,24.87860723229722,127207600
2016-04-08,24.58671760559082,24.837877950218115,24.475843076973312,24.64328560848277,94326800
2016-04-11,24.668169021606445,25.02794234592997,24.625178521879334,24.656856459075357,117630000
2016-04-12,24.989473342895508,25.003049106730835,24.586709570147267,24.74057283046198,108929200
2016-04-13,25.351512908935547,25.419393467312176,25.070936136412072,25.070936136412072,133029200
2016-04-14,25.365083694458008,25.430702763092683,25.190855063220873,25.256474131855548,101895600
2016-04-15,24.85597801208496,25.410345429082167,24.828826477849184,25.367353198117787,187756000
2016-04-18,24.31971549987793,24.652333892236424,24.197528411813874,24.638758124557654,243286000
2016-04-19,24.19074058532715,24.437376239107543,24.036875554768923,24.410222977367255,129539600
2016-04-20,24.24051856994629,24.45773948127744,23.998407600682768,24.129645774086487,122444000
2016-04-21,23.97804069519043,24.195261577040657,23.876217273926873,24.195261577040657,126210000
2016-04-22,23.912425994873047,24.0934442927117,23.672578217607494,23.76082416306627,134732400
2016-04-25,23.77666473388672,23.90563971871821,23.64768974905523,23.758562557621605,112126400
2016-04-26,23.61147689819336,23.82643627975588,23.51191841720578,23.51191841720578,224064800
2016-04-27,22.133926391601562,22.33530832822501,21.649704462381326,21.722111431433373,458408400
2016-04-28,21.457374572753906,22.147503149777744,21.326136396000567,22.086410468223406,328970800
2016-04-29,21.210737228393555,21.43248455248749,20.932423629466527,21.267305229545045,274126000
2016-05-02,21.188112258911133,21.287672502220374,20.907535431597918,21.262782441393064,192640400
2016-05-03,21.536563873291016,21.66327561053489,21.197155954543828,21.31481660679629,227325200
2016-05-04,21.312562942504883,21.69948790454765,21.228841670384366,21.541096448615743,164102000
2016-05-05,21.226057052612305,21.41500671609771,21.09857377933508,21.39907130693806,143562000
2016-05-06,21.107675552368164,21.273858822090435,20.90961973417624,21.255648170316455,174799600
2016-05-09,21.12360954284668,21.34670520938341,21.078078574390002,21.17141575710455,131745600
2016-05-10,21.267026901245117,21.30117469131813,20.96880645738688,21.24653926929856,134747200
2016-05-11,21.059871673583984,21.30117977046872,21.048488495235805,21.280692133636997,114876400
2016-05-12,20.565868377685547,21.121334074889095,20.367814295389742,21.107675651787034,305258800
2016-05-13,20.606842041015625,20.868639441253695,20.48846500739972,20.48846500739972,177571200
2016-05-16,21.371749877929688,21.487851693136445,20.864092098720693,21.032552364137977,245039200
2016-05-17,21.282968521118164,21.55842443098928,21.17369764516445,21.52427836777203,187667600
2016-05-18,21.526546478271484,21.674519071535453,21.374021657030653,21.43548802410475,168249600
2016-05-19,21.44459342956543,21.544759817778345,21.30117479475683,21.544759817778345,121768400
2016-05-20,21.676801681518555,21.724607903415812,21.517445871698555,21.544764457138047,128104000
2016-05-23,21.952259063720703,22.12527330960593,21.779244817835473,21.82477579666277,152074400
2016-05-24,22.286897659301758,22.330149905114894,22.04558788632102,22.132095851604745,140560800
2016-05-25,22.678455352783203,22.705772195110654,22.334703946589983,22.462187175661384,152675200
2016-05-26,22.85830307006836,22.93115089139935,22.45536220143362,22.692118054966603,225324800
2016-05-27,22.844646453857422,22.871965042405936,22.59423213773205,22.637486135393196,145364800
2016-05-31,22.73309898376465,22.8560300291179,22.496343089398692,22.67390957596582,169228800
2016-06-01,22.41438865661621,22.660250742907195,22.38479482166296,22.541871929435537,116693200
2016-06-02,22.245925903320312,22.273242751993745,21.99778686128545,22.218607317817746,160766400
2016-06-03,22.291446685791016,22.371123692243952,22.18445110419915,22.261852865345205,114019600
2016-06-06,22.453086853027344,23.195225280931446,22.207226523655784,22.307391199759312,93170000
2016-06-07,22.54414176940918,22.73536835487594,22.528206365356013,22.59422496409878,89638000
2016-06-08,22.523653030395508,22.664794677408715,22.46446364532262,22.541863679255194,83392400
2016-06-09,22.685291290283203,22.762691348934236,22.414387611346097,22.42349380709844,106405600
2016-06-10,22.49861717224121,22.616994235748717,22.418940135569898,22.43032157690629,126851600
2016-06-13,22.159420013427734,22.564637920975898,22.104784574084448,22.466748484703306,152082000
2016-06-14,22.18673324584961,22.41893684645813,22.025102213221146,22.15486243585689,127727600
2016-06-15,22.113887786865234,22.40300382708042,22.088846185371665,22.268689624812268,117780800
2016-06-16,22.207223892211914,22.252753127152243,21.870301648434932,21.95680788955315,125307200
2016-06-17,21.701839447021484,22.00233688641061,21.695010236076318,21.995507675465443,244032800
2016-06-20,21.649484634399414,21.984129948287837,21.633549225968025,21.854369697681026,137647600
2016-06-21,21.833877563476562,21.934042222919945,21.553867745183094,21.613057137237522,142185600
2016-06-22,21.751920700073242,22.056970340567723,21.706389736457794,21.91127473065563,116876400
2016-06-23,21.87712860107422,21.92038258558164,21.68362676731434,21.840705564248605,128960800
2016-06-24,21.26247787475586,21.549316923000653,21.09174063551022,21.1509300314275,301245600
2016-06-27,20.9528751373291,21.182801782682954,20.829944111204142,21.171418604830443,181958400
2016-06-28,21.30573081970215,21.321667963238593,20.975639507836906,21.14865373553775,161779600
2016-06-29,21.490131378173828,21.524279179508138,21.314840141844723,21.39224194065778,146124000
2016-06-30,21.763309478759766,21.802009508264273,21.46736593117151,21.49923674803749,143345600
2016-07-01,21.829326629638672,21.961363854547113,21.701843370736256,21.73826641463874,104106000
2016-07-05,21.624439239501953,21.71777642740223,21.503785205838827,21.715499444645676,110820800
2016-07-06,21.74736976623535,21.776965330917307,21.483297087776542,21.535655532195683,123796400
2016-07-07,21.84070587158203,21.968189107508774,21.767858060076918,21.786068710331573,100558400
2016-07-08,22.009170532226562,22.05697675530456,21.86575186299257,21.96591653841968,115648400
2016-07-11,22.077468872070312,22.229993755625873,22.020556446549936,22.025108676386633,95179600
2016-07-12,22.177629470825195,22.24137109776262,22.109335614890412,22.12071705579834,96670000
2016-07-13,22.05242156982422,22.234540242351116,22.045590621589493,22.17535258561507,103568800
2016-07-14,22.4895076751709,22.535036907490163,22.154862433454767,22.170797838449396,155676000
2016-07-15,22.487232208251953,22.605610999187544,22.423490583976943,22.51910302038946,120548000
2016-07-18,22.72626304626465,22.794556893367258,22.446253236340294,22.469017852041166,145975600
2016-07-19,22.73536491394043,22.764958735037713,22.614709173708775,22.66479236081842,95119600
2016-07-20,22.755861282348633,22.869686119737427,22.705778076004894,22.76496747775924,105104000
2016-07-21,22.635208129882812,22.992618063978416,22.566912530010583,22.72626835076937,130808000
2016-07-22,22.459911346435547,22.605606957825405,22.38023259350751,22.596500765009953,113254800
2016-07-25,22.159420013427734,22.500894548774546,22.06380756036966,22.3665820652162,161531600
2016-07-26,22.00688934326172,22.302834557369803,21.949976935689307,22.041037135170935,224959200
2016-07-27,23.4365291595459,23.755238994973727,23.39099992741144,23.737026607388394,369379200
2016-07-28,23.752960205078125,23.778001801895453,23.406933551428555,23.4092105339107,159479200
2016-07-29,23.72336769104004,23.800769468251264,23.602713665250537,23.71881546265295,110934800
2016-08-01,24.142244338989258,24.165008954984405,23.76889907881645,23.76889907881645,152671600
2016-08-02,23.784835815429688,24.146797919457065,23.675563220974293,24.1422456907347,135266400
2016-08-03,24.083057403564453,24.0944388443081,23.850853780982273,23.859959975674617,120810400
2016-08-04,24.231836318969727,24.261590471090418,24.096794482832074,24.165460060019107,109634800
2016-08-05,24.600330352783203,24.63924001955661,24.30278193880834,24.323380557839805,162213600
2016-08-08,24.80403709411621,24.80403709411621,24.52708903271134,24.609485258853,112148800
2016-08-09,24.904747009277344,24.93450290293659,24.72164174276166,24.771996258580785,105260800
2016-08-10,24.71934700012207,24.925341907703924,24.66441560684608,24.881853608815113,96034000
2016-08-11,24.703325271606445,24.93220811420588,24.68501422510149,24.83836531054611,109938000
2016-08-12,24.76054573059082,24.820055758008316,24.668992245234094,24.668992245234094,74641600
2016-08-15,25.058095932006836,25.07182834461946,24.73765958322399,24.75139199583661,103472800
2016-08-16,25.035202026367188,25.22975381882935,24.996292366369683,25.092422730917868,135177600
2016-08-17,24.998586654663086,25.032919433468297,24.797168616999258,24.97112008237138,101424000
2016-08-18,24.966543197631836,25.085561518440528,24.952809038364844,25.000875976442813,87938800
2016-08-19,25.030630111694336,25.10616187580563,24.801747248014788,24.895588314079816,101472400
2016-08-22,24.83607292175293,24.971112934497764,24.68500943674633,24.916181551875898,103280800
2016-08-23,24.913898468017578,25.021473689483713,24.840656024118577,24.854388436650385,85030800
2016-08-24,24.726205825805664,24.89100170268342,24.64609720405592,24.849802733463978,94700400
2016-08-25,24.620929718017578,24.691882847370994,24.417224107868105,24.579730732468377,100344800
2016-08-26,24.476734161376953,24.707904597919814,24.332536838720074,24.584309387410602,111065200
2016-08-29,24.449270248413086,24.591178268907836,24.327962596069156,24.40349436889239,99881200
2016-08-30,24.26158332824707,24.37602475904069,24.14714189745345,24.215807454424684,99455600
2016-08-31,24.284473419189453,24.392048653075395,24.179187503068988,24.183766138599943,118649600
2016-09-01,24.428667068481445,24.444688797948064,24.174606968198237,24.29362528048776,106806000
2016-09-02,24.65755271911621,24.719350326588074,24.44926846613325,24.650684766074676,107210000
2016-09-06,24.650678634643555,24.78800972151161,24.60719208695682,24.696456245678675,107521600
2016-09-07,24.801748275756836,24.893301774270007,24.506489159826664,24.68044063237792,169457200
2016-09-08,24.15172004699707,24.552265075682133,24.0876331218055,24.547688186556055,212008000
2016-09-09,23.604690551757812,24.19749811312488,23.604690551757812,23.950304186078277,186228000
2016-09-12,24.133411407470703,24.19749833442346,23.46736138898784,23.494827963212362,181171200
2016-09-13,24.70789909362793,24.900161565593354,24.54539250509945,24.607191842824417,248704800
2016-09-14,25.58224105834961,25.870634002352464,24.856682681789376,24.886438576490644,443554800
2016-09-15,26.451993942260742,26.488616040660265,25.97591714049353,26.0606044333641,359934400
2016-09-16,26.303213119506836,26.58016112072855,26.101796867592135,26.3489907310129,319547600
2016-09-19,25.996517181396484,26.5916123030239,25.920985414072987,26.365018747291153,188092000
2016-09-20,25.994226455688477,26.1201127277421,25.751611181808023,25.87520813630495,138057200
2016-09-21,25.98965072631836,26.090358002216576,25.735590599557394,26.058314539943815,144012800
2016-09-22,26.234556198120117,26.307798649490568,26.092648184610844,26.172756842947617,124296000
2016-09-23,25.79738998413086,26.27346680818627,25.531886743255473,26.188779511350944,209924800
2016-09-26,25.83629608154297,25.95302682671023,25.53188321108831,25.552481829874388,119477600
2016-09-27,25.884363174438477,25.904963540976546,25.71270102031809,25.863764554138143,98429600
2016-09-28,26.081207275390625,26.23913704438409,25.962188928804075,26.021698975216374,118564400
2016-09-29,25.67607879638672,26.046869650892393,25.58910393995395,25.9003847630911,143548000
2016-09-30,25.87520408630371,25.94844652051524,25.589100554815335,25.74016231139776,145516400
2016-10-03,25.753902435302734,25.875211835824874,25.698971029751696,25.7973907439095,86807200
2016-10-04,25.863765716552734,26.163601733762686,25.779078421401593,25.877498130703476,118947200
2016-10-05,25.87520408630371,26.014822749369028,25.792806129536068,25.95531272587298,85812400
2016-10-06,26.067468643188477,26.170465231130333,25.89351718159294,26.023980341230185,115117200
2016-10-07,26.10637855529785,26.22081998574715,25.98049402954621,26.1635992705225,97433600
2016-10-10,26.56185531616211,26.722072611914108,26.25744070799575,26.326104514930513,144944000
2016-10-11,26.619075775146484,27.166105639172304,26.596186093481776,26.939510363601958,256164000
2016-10-12,26.857120513916016,27.003607186633243,26.722080431727257,26.85940983202171,150347200
2016-10-13,26.774721145629883,26.880007065108106,26.486328216305616,26.73123283788793,140769600
2016-10-14,26.923492431640625,27.0470893958653,26.809050992125677,26.9807131513981,142608800
2016-10-17,26.90517807006836,26.97155255581884,26.728937308456867,26.854823566750788,94499600
2016-10-18,26.886871337890625,27.056244174757325,26.88229270254308,27.049377967973744,98214000
2016-10-19,26.806764602661133,26.95324951200044,26.046873480624278,26.836518749601414,80138400
2016-10-20,26.79303550720215,26.86627797571858,26.625951944448186,26.7472596192187,96503200
2016-10-21,26.68773651123047,26.758691373000744,26.61449407854692,26.735801693969297,92770800
2016-10-24,26.92806625366211,26.948664870898615,26.779292059638845,26.802179994203005,94154800
2016-10-25,27.065399169921875,27.090576425127797,26.8502487149759,26.99673361095342,192516000
2016-10-26,26.45656394958496,26.481741199126112,25.934711406799906,26.16359422354685,264536800
2016-10-27,26.2025089263916,26.51836662459886,26.115532327492296,26.410791407794477,138248000
2016-10-28,26.028553009033203,26.369587901437082,25.966753673446004,26.062885779221954,151446800
2016-10-31,25.98736000061035,26.145289731996076,25.909538920566067,26.01253725478018,105677600
2016-11-01,25.518150329589844,26.040002986475454,25.29842298701894,25.969049856566283,175303200
2016-11-02,25.541038513183594,25.71498998256789,25.45864228688336,25.497551955515803,113326800
2016-11-03,25.26727294921875,25.642266892785667,25.20285698396342,25.531840025263218,107730400
2016-11-04,25.03951072692871,25.36389333452078,24.87156937755949,24.96819331187081,123348000
2016-11-07,25.400705337524414,25.423710787131366,25.182149178250135,25.32478577413851,130240000
2016-11-08,25.55024528503418,25.702084433482014,25.2373662111449,25.377701755545395,97016800
2016-11-09,25.508831024169922,25.61005710827959,24.8577682024011,25.27877301861398,236705600
2016-11-10,24.797948837280273,25.55713908639396,24.347035425970823,25.55713908639396,228538000
2016-11-11,24.945188522338867,25.04641460202416,24.512680122670883,24.6438131098981,136575600
2016-11-14,24.319427490234375,24.8025488700783,23.944433635754226,24.779543424410114,204702000
2016-11-15,24.641511917114258,24.77264490369558,24.422957524546458,24.517280389531447,129058000
2016-11-16,25.3040771484375,25.359292328299528,24.524180723718356,24.547186171059305,235362000
2016-11-17,25.294876098632812,25.386899648584652,25.03721226501154,25.262668119430153,110528000
2016-11-18,25.320186614990234,25.430615243401842,25.22816480571798,25.24196772606812,113715600
2016-11-21,25.704381942749023,25.764195760935156,25.308681889132192,25.333988410366057,117058400
2016-11-22,25.720489501953125,25.86312436302286,25.628465935170478,25.754996803693512,103862000
2016-11-23,25.589353561401367,25.653769524216692,25.382300998635436,25.61926047122181,109705600
2016-11-25,25.718183517456055,25.73658857833759,25.524933888606377,25.56634439798822,45903600
2016-11-28,25.667572021484375,25.874624580847378,25.626161509611773,25.635364040606053,108776000
2016-11-29,25.64226531982422,25.77339831396523,25.32248482963467,25.48582580442763,114115200
2016-11-30,25.42601203918457,25.812509589697417,25.368497533186847,25.674475126343566,144649200
2016-12-01,25.189048767089844,25.522633904830364,25.083222302593835,25.391500921084965,148347600
2016-12-02,25.283374786376953,25.327084613245596,25.041813182047214,25.11543167252432,106112000
2016-12-05,25.10163116455078,25.313284125596923,24.903781123293562,25.306382665702465,137298000
2016-12-06,25.294876098632812,25.389200720014333,25.12003328444787,25.19135070193901,104782000
2016-12-07,25.543336868286133,25.58014698705001,25.113129575252483,25.136135021878374,119994800
2016-12-08,25.79410743713379,25.86542486610041,25.44441824209,25.504233822463927,108273200
2016-12-09,26.21511459350586,26.387658134284187,25.83781952475354,25.83781952475354,137610400
2016-12-12,26.065568923950195,26.45666677418299,25.879220773133106,26.06326785277385,105497600
2016-12-13,26.50037956237793,26.668320906667244,26.16909550595621,26.18979988188101,174935200
2016-12-14,26.50037956237793,26.73273686092633,26.452067596683612,26.465870513966813,136127200
2016-12-15,26.64531898498535,26.854672619230723,26.509585599866277,26.544092897640045,186098000
2016-12-16,26.679824829101562,26.801755280446198,26.606206344032927,26.794853821721503,177404400
2016-12-19,26.833965301513672,27.00420773209918,26.629213819473506,26.640717421692816,111117600
2016-12-20,26.9052791595459,27.031811746397484,26.843164279311598,26.856967195985213,85700000
2016-12-21,26.93059539794922,27.008816049475122,26.866179423282983,26.870781567304096,95132800
2016-12-22,26.753446578979492,26.804059622741242,26.60390851928433,26.767249498113298,104343600
2016-12-23,26.806358337402344,26.806358337402344,26.592404319614282,26.592404319614282,56998000
2016-12-27,26.976604461669922,27.1008360056042,26.799458799777113,26.806360259684002,73187600
2016-12-28,26.861574172973633,27.151446006509776,26.732740491754218,27.036416999651617,83623600
2016-12-29,26.854671478271484,26.942092887589716,26.778751915988057,26.790253763022857,60158000
2016-12-30,26.64531898498535,26.96279841092744,26.555596500366864,26.83626755694915,122345200
2017-01-03,26.721235275268555,26.76264578272473,26.401454816935974,26.640715331660193,115127600
2017-01-04,26.691329956054688,26.804059646424857,26.629215064694332,26.65222051500545,84472400
2017-01-05,26.82706642150879,26.884580927728436,26.64301929952454,26.66832582267746,88774400
2017-01-06,27.126140594482422,27.183655096543283,26.794856500946796,26.866173921837206,127007600
2017-01-09,27.374603271484375,27.475829361813165,27.133043403931662,27.13534272038212,134247600
2017-01-10,27.402204513549805,27.464319392177675,27.2158581224632,27.323983892281866,97848400
2017-01-11,27.549448013305664,27.59085852729163,27.284880938128854,27.317088920650892,110354400
2017-01-12,27.43441390991211,27.44591751090735,27.195153401876347,27.35389396855466,108344800
2017-01-13,27.3861141204834,27.519548228457108,27.33319998966491,27.402218115914444,104447600
2017-01-17,27.606962203979492,27.662175636930506,27.19745921211967,27.225065050993486,137759200
2017-01-18,27.60465431213379,27.72198436396924,27.540238363738784,27.606955383205886,94852000
2017-01-19,27.556346893310547,27.627664311475066,27.462024026241657,27.468925485392642,102389200
2017-01-20,27.606962203979492,27.710487610163064,27.54484731131003,27.710487610163064,130391600
2017-01-23,27.6253662109375,27.79330757501292,27.554047034431193,27.606961148922757,88200800
2017-01-24,27.60006332397461,27.629970237284365,27.491935764403387,27.50343936847828,92844000
2017-01-25,28.039466857910156,28.090079895944434,27.671374429301515,27.703582407104573,129510400
2017-01-26,28.05327796936035,28.168306989401746,27.975057323026356,27.99116131562401,105350400
2017-01-27,28.055570602416992,28.147594147568313,27.97505065861076,28.099282181284575,82251600
2017-01-30,27.981952667236328,27.981952667236328,27.7587978915031,27.82091277645912,121510000
2017-01-31,27.917539596557617,27.92674212772511,27.749598229560107,27.87152869592351,196804000
2017-02-01,29.619966506958008,30.020268677283774,29.21966609183543,29.224266479391765,447940000
2017-02-02,29.569353103637695,29.76720311498404,29.396809611547503,29.44282226256012,134841600
2017-02-03,29.695886611938477,29.721193131971837,29.484233676389646,29.51874097170494,98029200
2017-02-06,29.97425651550293,30.0225702420806,29.65447602268937,29.70739189237126,107383600
2017-02-07,30.2595272064209,30.38835911942221,30.01106415545851,30.031768532103786,152735200
2017-02-08,30.376855850219727,30.41826811436979,30.18821012137677,30.218118783795905,92016400
2017-02-09,30.596359252929688,30.603290633697004,30.295986492383804,30.418445586774457,113399600
2017-02-10,30.52704620361328,30.716513372844734,30.510874154762057,30.605607739377785,80262000
2017-02-13,30.79737663269043,30.919839253845378,30.672608252092974,30.748856966868217,92141600
2017-02-14,31.19710350036621,31.213275546287704,30.78813442366091,30.83896689762997,132904800
2017-02-15,31.310314178466797,31.485918528736484,31.10467502535525,31.31262698873376,142492400
2017-02-16,31.27335548400879,31.400433156603963,31.155514952191538,31.347291392120912,90338400
2017-02-17,31.358850479125977,31.38426672331697,31.215597207664135,31.215597207664135,88792800
2017-02-21,31.58527946472168,31.596832942403598,31.41891925785599,31.476683120639176,98028800
2017-02-22,31.680002212524414,31.682311497020557,31.448946840403494,31.522882726157093,83347600
2017-02-23,31.546001434326172,31.765503414548835,31.49285966610156,31.742399984098633,83152800
2017-02-24,31.576032638549805,31.576032638549805,31.257175049984358,31.402741084003488,87106400
2017-02-27,31.63841438293457,31.756254893905698,31.48822978245742,31.68693756844485,81029600
2017-02-28,31.65229606628418,31.75627034224256,31.585287993012166,31.67309021635039,93931600
2017-03-01,32.29923629760742,32.3824163916019,31.79322787856917,31.860232400519113,145658400
2017-03-02,32.107460021972656,32.41245131747088,32.06124612134738,32.34775608734624,104844000
2017-03-03,32.29692459106445,32.308478066569165,32.02196809193067,32.06586918347313,84432400
2017-03-06,32.19527053833008,32.294626230528806,32.0242917352759,32.20220192085244,87000000
2017-03-07,32.23686218261719,32.34314573112953,32.06818914049128,32.13057510847794,69785200
2017-03-08,32.116695404052734,32.30154039927301,32.07510713108132,32.10514193079677,74828800
2017-03-09,32.042755126953125,32.06817135717713,31.666137293520123,32.05662140985935,88623600
2017-03-10,32.1490592956543,32.19989178322456,32.03353155583584,32.17447553943943,78451200
2017-03-13,32.16292953491211,32.2160713204031,32.07513082967214,32.08206221362194,69686800
2017-03-14,32.11438751220703,32.26688137867309,32.07972709093619,32.186014113624836,61236400
2017-03-15,32.45403289794922,32.52103739174446,32.123621945830905,32.211424098605264,102767200
2017-03-16,32.507198333740234,32.58344707058321,32.40784263701985,32.51412971657805,76928000
2017-03-17,32.34545135498047,32.57881607322998,32.32234440141568,32.57881607322998,175540000
2017-03-20,32.68510818481445,32.694348852295555,32.40090741959065,32.44018642623199,86168000
2017-03-21,32.31078338623047,32.99470886004455,32.28536715348948,32.83528008427157,158119600
2017-03-22,32.67586135864258,32.71745317302266,32.292308464990825,32.31310613499406,103440800
2017-03-23,32.560333251953125,32.71283069351587,32.488706627299024,32.638891257984966,81385200
2017-03-24,32.495628356933594,32.74979068404772,32.428623848308206,32.694336123870464,89582400
2017-03-27,32.55108642578125,32.6296444169478,32.0288989566286,32.20681260478574,94300400
2017-03-28,33.22577667236328,33.281227727729544,32.49101845812078,32.55802651752383,133499200
2017-03-29,33.299705505371094,33.38519840692117,33.084825660277524,33.19804055798778,116760000
2017-03-30,33.25580978393555,33.38751308494501,33.15645763106996,33.315886458343975,84829200
2017-03-31,33.19342803955078,33.33437201036823,33.04323987603545,33.2072908029711,78646800
2017-04-03,33.20267105102539,33.299713927446234,33.052486402532196,33.20498386217642,79942800
2017-04-04,33.44989776611328,33.477623291318075,33.080207643793266,33.0986925024719,79565600
2017-04-05,33.276611328125,33.60933178453863,33.22808812588683,33.32282171915426,110871600
2017-04-06,33.19342803955078,33.39213587503724,33.14490484195315,33.33899058109066,84596000
2017-04-07,33.119483947753906,33.313569659625706,33.10331190124426,33.209595422953385,66688800
2017-04-10,33.0802001953125,33.2442510756305,33.0178142520225,33.179555847635505,75733600
2017-04-11,32.72439193725586,33.12180768348435,32.361633106140886,33.02707408133784,121517600
2017-04-12,32.76365280151367,32.84452006719451,32.58111708135151,32.71744243174959,81400000
2017-04-13,32.590362548828125,32.897666631967866,32.590362548828125,32.789070319669406,71291600
2017-04-17,32.77058792114258,32.782141396308624,32.548773185081686,32.689717120605906,66328400
2017-04-18,32.62502670288086,32.81911242204733,32.60423255989005,32.67354989548555,58790000
2017-04-19,32.504878997802734,32.80987388395424,32.45173723150411,32.782148358168236,69313600
2017-04-20,32.91154098510742,33.02244662108617,32.6157902720797,32.629653035873716,93278400
2017-04-21,32.87226486206055,32.96699493150307,32.775221981365114,32.91154387146392,69283600
2017-04-24,33.18880844116211,33.26043507464243,33.082521370895755,33.156460815537876,68537200
2017-04-25,33.39443588256836,33.47992525032688,33.241938476059495,33.25118266618911,75486000
2017-04-26,33.19804000854492,33.41061409080594,33.12872620522698,33.38057575895097,80164800
2017-04-27,33.223453521728516,33.30894641485601,33.11254791988466,33.253491851121325,56985200
2017-04-28,33.19111633300781,33.3413045015207,33.10331765321541,33.29278130230845,83441600
2017-05-01,33.868106842041016,34.01136008674115,33.49379815717875,33.5261457777764,134411600
2017-05-02,34.08298110961914,34.216993665971486,33.928174413218755,34.089912489635154,181408800
2017-05-03,33.979000091552734,34.07835572796441,33.33435719954421,33.63934843615982,182788000
2017-05-04,33.85655212402344,33.99749607838162,33.690191931153905,33.854242838931896,93487600
2017-05-05,34.418025970458984,34.42264454162355,33.9097010922091,33.9097010922091,109310800
2017-05-08,35.35379409790039,35.51322292684159,34.43419436903658,34.43419436903658,195009600
2017-05-09,35.58021926879883,35.785858416166704,35.45544738913163,35.55249022574761,156521600
2017-05-10,35.41156005859375,35.56867961150019,35.145847678377294,35.49705297990931,103222800
2017-05-11,35.717803955078125,35.74564745729754,35.3373091330769,35.36979026885097,109020400
2017-05-12,36.216636657714844,36.29087775902097,35.88486166886803,35.89182166148487,130108000
2017-05-15,36.12382507324219,36.34423306457839,35.973020537111836,36.19574734555601,104038800
2017-05-16,36.07046890258789,36.2073534744759,35.89646201081115,36.17951350464899,80194000
2017-05-17,34.859371185302734,35.861652309017664,34.73408781492753,35.636603173558846,203070800
2017-05-18,35.39067840576172,35.57628645594224,35.063548155767805,35.09602929903596,134272800
2017-05-19,35.51131057739258,35.72475851433993,35.411548368459925,35.585555185119176,107843200
2017-05-22,35.72709274291992,35.8639773012021,35.4765224188457,35.72941156011525,91865600
2017-05-23,35.68300247192383,35.93821037343643,35.56931673150193,35.93821037343643,79675600
2017-05-24,35.57627868652344,35.768846686765585,35.420832996246155,35.69228325002992,76712000
2017-05-25,35.69923782348633,35.8106047364817,35.504351036011116,35.66675669224046,76942400
2017-05-26,35.63892364501953,35.78509053405886,35.569320195944684,35.72940706676329,87710400
2017-05-30,35.6528434753418,35.82916914409434,35.5739612188087,35.59484119138891,80507600
2017-05-31,35.441715240478516,35.768848980184664,35.353554173882166,35.7224478598426,97804800
2017-06-01,35.53915786743164,35.57396136205059,35.31643107865565,35.536839050528435,65616400
2017-06-02,36.065818786621094,36.065818786621094,35.471875976360536,35.631962843537316,111082800
2017-06-05,35.71316909790039,35.83381485504756,35.60412804722725,35.80829370526987,101326800
2017-06-06,35.83380889892578,36.149341452740536,35.6783632089096,35.706203171247324,106499600
2017-06-07,36.04725646972656,36.188782177000014,35.8407684909353,35.96605540041843,84278400
2017-06-08,35.9591064453125,36.08670867055313,35.82221832958229,36.01942756161133,85003200
2017-06-09,34.56470489501953,36.00548255387693,33.87796013685975,36.00548255387693,259530800
2017-06-12,33.7387809753418,33.89422673081254,33.063633282936465,33.81302562640951,289229200
2017-06-13,34.010223388671875,34.20975141652605,33.67612961736451,34.14247031488895,136661600
2017-06-14,33.6784553527832,34.221356015522005,33.372201518307364,34.221356015522005,126124800
2017-06-15,33.47660827636719,33.52069059391153,32.99403222161778,33.251562593426584,128661600
2017-06-16,33.0079345703125,33.52531385516667,32.991692234557526,33.35826702540767,201444400
2017-06-19,33.95221710205078,34.045022883262455,33.330434298736115,33.330434298736115,130165600
2017-06-20,33.64364242553711,34.075179545849174,33.62740362744633,34.075179545849174,99600400
2017-06-21,33.84317398071289,33.88957864340851,33.55084372269558,33.761972901353,85063200
2017-06-22,33.787506103515625,34.03575414464225,33.66917912767865,33.81998725488303,76425200
2017-06-23,33.938297271728516,34.14246645112893,33.66684699830492,33.671488172430905,141757600
2017-06-26,33.831573486328125,34.40231397122722,33.7294889013404,34.14478369189126,102769600
2017-06-27,33.34666442871094,33.910448339947045,33.321143288034776,33.643635771027576,99047600
2017-06-28,33.83390426635742,33.89886656337777,33.21444008679785,33.52301276773436,88329600
2017-06-29,33.3350715637207,33.67148764914415,33.010260183521176,33.57404423508429,125997600
2017-06-30,33.41394805908203,33.632037156573915,33.35826460647424,33.51371026230457,92096400
2017-07-03,33.293312072753906,33.710929238845075,33.200509831479685,33.613485823453566,57111200
2017-07-05,33.43019104003906,33.592596705261684,33.11233969951921,33.33738881424841,86278400
2017-07-06,33.11466598510742,33.29331402723533,33.04042489576544,33.18195062313297,96515200
2017-07-07,33.451087951660156,33.583334907577324,33.15411643051047,33.15411643051047,76806800
2017-07-10,33.65523910522461,33.861727060320725,33.26314316415742,33.43483117071179,84362400
2017-07-11,33.764286041259766,33.838530656946226,33.49747697651507,33.57867804222174,79127200
2017-07-12,33.81300354003906,33.91508455830899,33.59955561791149,33.84316231217853,99538000
2017-07-13,34.28398895263672,34.451035803707775,33.74340727350098,33.75732725439386,100797600
2017-07-14,34.578636169433594,34.64592079378021,34.1819025741464,34.3303882628221,80528400
2017-07-17,34.69928741455078,35.01017882149063,34.46960062502861,34.5276029117045,95174000
2017-07-18,34.81993103027344,34.83153219493407,34.49279730380701,34.61576186081721,71475200
2017-07-19,35.03801345825195,35.130815677373555,34.789762034826175,34.912726568242284,83692000
2017-07-20,34.88025665283203,35.2050716045532,34.845456694516386,35.14938813106929,68974800
2017-07-21,34.864009857177734,34.90345098095028,34.54151733675225,34.79904758976671,105010400
2017-07-24,35.2862663269043,35.36747093524196,34.7781657860091,34.93593382901929,85972800
2017-07-25,35.43708038330078,35.69228833526864,35.21899120640794,35.21899120640794,75415600
2017-07-26,35.60411834716797,35.71315936813375,35.51131258227014,35.57859720434331,63124000
2017-07-27,34.93129348754883,35.727086631610675,34.17494501031293,35.671403166837266,129905200
2017-07-28,34.68536376953125,34.85472943749042,34.61344150807646,34.775847185583764,68854800
2017-07-31,34.5067138671875,34.87792985848564,34.367510525584244,34.77816410050082,79383600
2017-08-01,34.81296920776367,34.85241033339182,34.43247439209287,34.59256125152247,141474400
2017-08-02,36.457916259765625,37.063460259127524,36.23054829293145,36.954415679689205,279747200
2017-08-03,36.093666076660156,36.474160950665876,35.966060332900575,36.43703863608513,108389200
2017-08-04,36.283912658691406,36.51824063755716,36.12150695352806,36.209671567836246,82239600
2017-08-07,36.84537887573242,36.87090002822453,36.34887935103253,36.43936279347197,87481200
2017-08-08,37.1400260925293,37.54604211525849,36.720090086877995,36.79665353312838,144823600
2017-08-09,37.367393493652344,37.416116973301776,36.914976354816375,36.949776311581175,104526000
2017-08-10,36.17716979980469,37.26723470908686,36.016454281468874,37.24394126576149,163217200
2017-08-11,36.68027114868164,36.93415686119202,36.35185637630784,36.475303794776885,105028400
2017-08-14,37.2323112487793,37.31616269865462,36.97609749802643,37.108863774529745,88490800
2017-08-15,37.639923095703125,37.779673147687454,37.2998578831191,37.42097743810432,117862000
2017-08-16,37.48851013183594,37.85186512027864,37.30217323789386,37.71910243792333,110686400
2017-08-17,36.768795013427734,37.43261922350006,36.76413561275204,37.38836380228439,111762400
2017-08-18,36.6849365234375,37.15077698722718,36.50325902688598,36.76878794908287,109712400
2017-08-21,36.617401123046875,36.77578521761113,36.128267082150636,36.6849464447683,105474000
2017-08-22,37.21599578857422,37.26723852587376,36.806057444258705,36.85496870453865,86418400
2017-08-23,37.262569427490234,37.376701595239346,37.0063593617578,37.05061476464174,77596400
2017-08-24,37.09722137451172,37.4396145385876,36.929518455205894,37.367406251986985,79275600
2017-08-25,37.23462677001953,37.39767021433604,37.097204692244226,37.18571195968431,101920400
2017-08-28,37.609622955322266,37.73307037035567,37.25092387633161,37.29983867949579,103864000
2017-08-29,37.94504165649414,37.99395292241599,37.26724282464148,37.29053627303937,118067600
2017-08-30,38.04753112792969,38.173306521840544,37.875168832343626,38.15234454853567,109078400
2017-08-31,38.198917388916016,38.32003690260881,38.07779787522322,38.11506596467956,107140400
2017-09-01,38.21057891845703,38.417877859529355,38.11275281128513,38.385269157138715,66364400
2017-09-05,37.75172805786133,38.257164754767786,37.39768815600751,38.1407045880866,117874000
2017-09-06,37.71213150024414,37.963685883247166,37.38837238356179,37.8984684751444,86606800
2017-09-07,37.560726165771484,37.78899061790352,37.3510993181451,37.754050440577984,87714000
2017-09-08,36.94813537597656,37.535091767309375,36.92484193250823,37.467546467779975,114446000
2017-09-11,37.61661911010742,37.74472595411591,37.24161737805395,37.38369886793957,126323200
2017-09-12,37.46754455566406,38.18959861736738,36.980742177111466,37.875154916994575,286856000
2017-09-13,37.18571472167969,37.257922981172236,36.78043578057349,37.236957458568185,179629600
2017-09-14,36.866607666015625,37.127477143471076,36.82235226093013,37.03198256595404,95042800
2017-09-15,37.239295959472656,37.493178214800345,36.80140469040731,36.910877507673646,196458400
2017-09-18,36.95744705200195,37.38369143693135,36.80139094725952,37.29285270270575,113077600
2017-09-19,36.9714241027832,37.21366311254684,36.90387880537779,37.15310158306575,83242400
2017-09-20,36.35186767578125,36.86196007366764,35.83012499967972,36.77810863561706,211805600
2017-09-21,35.727630615234375,36.28896917031502,35.57856182405946,36.28896917031502,150046800
2017-09-22,35.37826919555664,35.46678005929875,35.06848472654148,35.29674565746973,186581600
2017-09-25,35.0661506652832,35.36428835466453,34.74239160162309,34.935715870439076,177549200
2017-09-26,35.66940689086914,35.85108440127797,35.331673239677386,35.35263520916742,146640000
2017-09-27,35.92329406738281,36.03742628493576,35.76257850428549,35.82314005216649,102016800
2017-09-28,35.70201110839844,35.934931328862454,35.56691695403965,35.84409258504471,88022000
2017-09-29,35.89767074584961,35.90000222315323,35.40388091253344,35.68571600201449,105199200
2017-10-02,35.82545852661133,35.974527325485546,35.571576339386255,35.93027191496218,74795200
2017-10-03,35.98152160644531,36.12360311051281,35.84875890327996,35.87204879737292,64921200
2017-10-04,35.748600006103516,35.837110840962715,35.51102390318841,35.78354017706002,80655200
2017-10-05,36.1934814453125,36.20512816989654,35.881369129315786,35.91164634833667,85135200
2017-10-06,36.172523498535156,36.21677892443013,36.00016119612361,36.09565937262521,69630400
2017-10-09,36.29829025268555,36.50558912928541,36.21677029910365,36.29130292963798,65051600
2017-10-10,36.3122673034668,36.80140127367339,36.12593393775108,36.349535398242395,62468000
2017-10-11,36.46366500854492,36.56381900777948,36.277328102020135,36.32857084016647,67622400
2017-10-12,36.33556365966797,36.65466330578336,36.27267418896036,36.41708717925492,64500400
2017-10-13,36.566158294677734,36.63370361625292,36.43106409744572,36.50559674352587,65576800
2017-10-16,37.239295959472656,37.267245256108666,36.71988116977698,36.77811124048966,96486000
2017-10-17,37.376708984375,37.469875653227085,37.08788662440458,37.21599345963665,75989200
2017-10-18,37.21134567260742,37.432622799826675,37.17408112588571,37.36507392286026,65496800
2017-10-19,36.330902099609375,36.587115813870575,36.10730063450979,36.51025169959222,170336800
2017-10-20,36.393798828125,36.743179296875,36.326253501296044,36.477650282788275,95896400
2017-10-23,36.37515640258789,36.72919619122614,36.21910025562893,36.542859273307,87937200
2017-10-24,36.591766357421875,36.66629897638764,36.38213603628996,36.40309800217904,71028800
2017-10-25,36.431053161621094,36.69658207534849,36.1655242478937,36.547513273853816,84828400
2017-10-26,36.663978576660156,36.76180465829536,36.51723767716681,36.62205108219874,68002000
2017-10-27,37.97765350341797,38.105760372075004,36.96444883340868,37.10187094974917,177816800
2017-10-30,38.83245849609375,39.14690220770844,38.13369785168815,38.17329386171482,178803200
2017-10-31,39.37284469604492,39.514926216689624,38.88371421404958,39.107315704652706,144187200
2017-11-01,38.87205505371094,39.58246242968022,38.57391745889112,39.56615630845578,134551200
2017-11-02,39.156219482421875,39.247058228740606,38.49705481387086,38.80451121930693,165573600
2017-11-03,40.178741455078125,40.588679798570986,39.85731038613164,40.528121815557064,237594400
2017-11-06,40.58635711669922,40.75871939626235,39.99706911692099,40.14846587104661,140105200
2017-11-07,40.71678161621094,40.81926707795538,40.43495015049409,40.50715484742848,97446000
2017-11-08,41.049861907958984,41.049861907958984,40.6049834233386,40.681847524405,97638000
2017-11-09,40.96601104736328,41.01725378211168,40.327808339911776,40.78666147574387,117930400
2017-11-10,40.8304328918457,40.996402330142,40.73693129386803,40.93328678973554,100582000
2017-11-13,40.66680908203125,40.790700322015965,40.5335655408074,40.55694272704739,67928400
2017-11-14,40.0520133972168,40.552254357040376,40.0146113372461,40.44940047554934,99130000
2017-11-15,39.52373123168945,39.8135919089244,39.36010164246712,39.73177533088447,116632400
2017-11-16,39.99592208862305,40.175912851342744,39.808915317218215,40.01461955559179,94550000
2017-11-17,39.77384948730469,40.06371016093212,39.65463440953874,39.98189358391045,87598000
2017-11-20,39.734107971191406,39.869687780332924,39.635930226680074,39.80657224212664,65049600
2017-11-21,40.472774505615234,40.60367813847048,39.92110664797064,39.92110664797064,100525200
2017-11-22,40.898223876953125,40.907572609846746,40.451746085565624,40.524210357777335,102355600
2017-11-24,40.90055847167969,41.0244496868098,40.82575434420491,40.930948094323455,56106800
2017-11-27,40.694862365722656,40.92628368879183,40.51954415435885,40.91927124568592,82867200
2017-11-28,40.45641326904297,40.87717392629052,40.17356511741134,40.74393400265719,105715200
2017-11-29,39.61723709106445,40.42136380660984,39.074921313258585,40.353575671955824,166665600
2017-11-30,40.171226501464844,40.23901460485384,39.3741125962206,39.83928772337555,166108800
2017-12-01,39.984230041503906,40.12915858256177,39.38814756965987,39.72709530718462,159037200
2017-12-04,39.69203567504883,40.351230160635915,39.65229731659654,40.31850424386007,130169600
2017-12-05,39.654632568359375,40.094097925131834,39.364771908190285,39.519052754741125,109400800
2017-12-06,39.507362365722656,39.785534421794935,38.9112834648331,39.15438974818077,114240000
2017-12-07,39.579830169677734,39.84163748488926,39.48398871791025,39.51203848258087,102693200
2017-12-08,39.59151077270508,39.97253667893352,39.46294698774947,39.85332162553846,93420800
2017-12-11,40.3629264831543,40.414353443203005,39.455945806140505,39.551787283218374,141095200
2017-12-12,40.136173248291016,40.297466539043796,40.080073715408226,40.241363439303626,77636800
2017-12-13,40.26942443847656,40.56629403478115,40.20630888511107,40.323187690009654,95273600
2017-12-14,40.257720947265625,40.470441149509966,40.124477446896066,40.29979558936755,81906000
2017-12-15,40.66680908203125,40.713559887653396,40.31383639769752,40.587332355787815,160677200
2017-12-18,41.23951721191406,41.42184786273564,40.87485591027091,40.879532061200656,117684400
2017-12-19,40.800048828125,40.99874420947974,40.69485862434924,40.914591333087564,109745600
2017-12-20,40.75563049316406,41.005749218272555,40.498495760008446,40.87718185169475,93902400
2017-12-21,40.9099235534668,41.146021054163306,40.69720681052146,40.71356799065947,83799600
2017-12-22,40.9099235534668,41.005765042524615,40.79070844037489,40.832783103751375,65397600
2017-12-26,39.87202453613281,40.08240489130736,39.66397690538748,39.92578777056952,132742000
2017-12-27,39.879032135009766,39.92110677419349,39.67098809638064,39.762153381468536,85992800
2017-12-28,39.991249084472656,40.171243428209586,39.850993103171035,39.97254804917525,65920800
2017-12-29,39.55878829956055,39.87669870309674,39.55645200818158,39.86033752972982,103999600
2018-01-02,40.2670783996582,40.27643070005527,39.565805677893536,39.776189634537445,102223600
2018-01-03,40.26006317138672,40.80238241744237,40.19695119893329,40.33019115208112,118071600
2018-01-04,40.44707489013672,40.54992879885171,40.22500589642445,40.33253238872998,89738400
2018-01-05,40.907569885253906,40.9940590344742,40.451743391332485,40.54290869011677,94640000
2018-01-08,40.75563049316406,41.05016372371372,40.657449182790344,40.75563049316406,82271200
2018-01-09,40.7509651184082,40.921607177245335,40.53590854238624,40.80239207863717,86336000
2018-01-10,40.74160385131836,40.74394370972359,40.44005816620148,40.47746023211193,95839600
2018-01-11,40.97301483154297,41.02210547657908,40.78834797363013,40.81172158381117,74670800
2018-01-12,41.396121978759766,41.45923751339591,41.05951054984298,41.18340176092249,101672400
2018-01-16,41.18574905395508,41.933772604993706,41.17406046145214,41.58547252280897,118263600
2018-01-17,41.86597442626953,41.90103662850465,40.923931879747094,41.17638686955348,137547200
2018-01-18,41.903377532958984,42.099736587663685,41.66728368925117,41.9290910063812,124773600
2018-01-19,41.71637725830078,41.97818459371661,41.470931097919724,41.75143946684489,129700400
2018-01-22,41.375083923339844,41.557414516297534,41.2815823355666,41.44521189759825,108434400
2018-01-23,41.38443374633789,41.945453988337626,41.333010368506855,41.44521299016399,130756400
2018-01-24,40.72523880004883,41.44521244943131,40.486805111138345,41.43352385908979,204420400
2018-01-25,39.99824905395508,40.89587706717088,39.86266926547092,40.79302318853761,166116000
2018-01-26,40.091758728027344,40.206301219057266,39.75281097181956,40.206301219057266,156572000
2018-01-29,39.26191711425781,39.77618297744424,39.05387305096097,39.77618297744424,202561600
2018-01-30,39.030494689941406,39.12399627428952,38.499864103281,38.6938832793173,184192800
2018-01-31,39.13801956176758,39.37411693794769,38.92062678192371,39.00711592226718,129915600
2018-02-01,39.21984100341797,39.41619648711814,38.98140730643512,39.07724875688061,188923200
2018-02-02,37.51808166503906,38.990754742832486,37.42458008451683,38.803748014931365,346375200
2018-02-05,36.580726623535156,38.30819507475602,36.46618412011472,37.19083407744985,290954000
2018-02-06,38.10948944091797,38.270782705665994,35.99865925194776,36.19267842788692,272975200
2018-02-07,37.293678283691406,38.19598257725575,37.183815515739305,38.123518306819236,206434400
2018-02-08,36.267486572265625,37.634969821723445,36.23943680447615,37.46900037296808,217562000
2018-02-09,36.711082458496094,37.05845311203358,35.2629186182967,36.86599229990847,282690400
2018-02-12,38.18977355957031,38.466730422889015,36.969275246625436,37.20164009234235,243278000
2018-02-13,38.57233810424805,38.66857030718875,37.94096603425092,38.01137992863191,130196800
2018-02-14,39.28351974487305,39.32342012499602,38.22967123455398,38.26722221611662,162579600
2018-02-15,40.60258102416992,40.62604993130771,39.66608460137815,39.851504367782084,204588800
2018-02-16,40.471153259277344,41.032115117639805,40.31624696133215,40.454725377080166,160704400
2018-02-20,40.33501434326172,40.90066411551989,40.23408693219044,40.38195574267661,135722000
2018-02-21,40.151947021484375,40.867811539145606,40.13786137607023,40.56503641863772,149886400
2018-02-22,40.487586975097656,40.82791670005755,40.30216713810029,40.32329023698601,123967600
2018-02-23,41.191715240478516,41.22692040214116,40.73168083348682,40.76219436119442,135249600
2018-02-26,42.00615310668945,42.10473112126682,41.358353190295645,41.3912125284881,152648800
2018-02-27,41.87002182006836,42.36056609144427,41.816039387401,42.036667914040706,155712400
2018-02-28,41.80665969848633,42.39343632161307,41.79023181536693,42.07422969537611,151128400
2018-03-01,41.07435989379883,42.19627640895745,40.52513788389774,41.9052339409774,195208000
2018-03-02,41.358367919921875,41.37949102026867,40.475853526050166,40.55800369148841,153816000
2018-03-05,41.50152587890625,41.71745917963857,40.96169083637588,41.12364170727491,113605600
2018-03-06,41.4663200378418,41.837163204570295,41.339577893430516,41.75736246248173,95154000
2018-03-07,41.081398010253906,41.273862430596104,40.903019234965775,41.06027491477236,126814000
2018-03-08,41.529693603515625,41.57193979190114,41.09078593320187,41.187014556102035,95096400
2018-03-09,42.24322509765625,42.247920313816614,41.63532532601025,41.76911212607628,128740800
2018-03-12,42.651611328125,42.80886700334209,42.29719960470139,42.31597330142616,128828400
2018-03-13,42.24087142944336,43.069399648429766,42.069533676140765,42.855812120337546,126774000
2018-03-14,41.881771087646484,42.369969694227,41.73390222458302,42.323028278121285,117473600
2018-03-15,41.931053161621094,42.30424579003283,41.79492414608478,41.89584799922378,90975200
2018-03-16,41.783180236816406,42.04135973699052,41.689293851971776,41.931045473172695,157618800
2018-03-19,41.144771575927734,41.65409318133053,40.759846310114575,41.61888802159753,133787200
2018-03-20,41.13068771362305,41.49683568443578,41.06027381583607,41.13068771362305,78597600
2018-03-21,40.198890686035156,41.09548343216158,40.196541287634304,41.08374718435731,148219600
2018-03-22,39.630889892578125,40.529828421739076,39.57221223717389,39.900805674877645,165963200
2018-03-23,38.71316909790039,39.88202694835137,38.71316909790039,39.52291999681884,164115200
2018-03-26,40.55094528198242,40.62840019813181,39.06522697707837,39.44780634373773,150164800
2018-03-27,39.51118469238281,41.10956343270425,39.17789604359712,40.76453853670361,163690400
2018-03-28,39.07462692260742,39.90550460608626,38.77185176834323,39.25535512087376,166674000
2018-03-29,39.3797492980957,40.31155078767656,39.17320279721128,39.38679033049858,153594000
2018-04-02,39.1215705871582,39.65201896404017,38.60286204080597,39.11218373669499,150347200
2018-04-03,39.52290725708008,39.60740319381616,38.699074559952194,39.346874353996455,121112000
2018-04-04,40.2786865234375,40.37256933160999,38.6732668664508,38.69908517590817,138422000
2018-04-05,40.557979583740234,40.8936139166393,40.38898771861395,40.50634298154063,107732800
2018-04-06,39.52058410644531,40.48289571302498,39.47833432314732,40.12848388752817,140021200
2018-04-09,39.91252899169922,40.62604747443878,39.8655875988635,39.87262862871892,116070800
2018-04-10,40.66360855102539,40.83964148847571,40.25990606129403,40.60493090520861,113634400
2018-04-11,40.47350311279297,40.82087385529702,40.29981595084088,40.42421230284707,89726400
2018-04-12,40.87251281738281,41.074364121464306,40.61432966748776,40.70117504412537,91557200
2018-04-13,41.01099395751953,41.271522941878665,40.80445100533072,41.02273020718267,100497200
2018-04-16,41.26681900024414,41.35366077533175,41.03445421925359,41.08139562250636,86313600
2018-04-17,41.8348274230957,41.9991241613357,41.40530650508239,41.42408378679558,106421600
2018-04-18,41.740943908691406,41.970962939576346,41.51562367531091,41.7339028752358,83018000
2018-04-19,40.557979583740234,41.16587898616482,40.5251202533767,40.783299682976356,139235200
2018-04-20,38.8962516784668,40.18716033557367,38.828183580053235,40.041640869366155,261964400
2018-04-23,38.7835807800293,39.17789286841588,38.513661441560345,39.156769773980784,146062000
2018-04-24,38.24374771118164,39.03941654299841,37.84004517183039,38.88450667946601,134768000
2018-04-25,38.41039276123047,38.825831574734394,38.11935387520056,38.16864110139597,113528400
2018-04-26,38.5441780090332,38.89858975322706,38.34467255099439,38.52070551465223,111852000
2018-04-27,38.098228454589844,38.56999549782901,37.70156694524858,38.49254056570322,142623200
2018-04-30,38.78827667236328,39.257697923260864,37.98556676309641,38.05363485006051,169709600
2018-05-01,39.6895637512207,39.71303266229741,38.790621726653995,39.05819166644517,214277600
2018-05-02,41.4428596496582,41.71981648729503,40.79271017052406,41.12834466848057,266157600
2018-05-03,41.517967224121094,41.661140865562984,40.94292684113001,41.28091075413384,136272800
2018-05-04,43.14686584472656,43.245443903095776,41.818402502197024,41.837179786848424,224805200
2018-05-07,43.45901870727539,44.04814106669595,43.36278649476054,43.463710341007975,169805600
2018-05-08,43.66791915893555,43.707819541504236,43.10930664017297,43.419126431506974,113611200
2018-05-09,43.97537612915039,43.98476297690126,43.473095611593955,43.7852611249509,92844800
2018-05-10,44.60440444946289,44.68185938348441,44.043446213428126,44.0645728909975,111957200
2018-05-11,44.43476486206055,44.7811202353957,44.16616310265883,44.64682115330001,104848800
2018-05-14,44.331092834472656,44.656243653269094,44.26276586287573,44.53372248173257,83115200
2018-05-15,43.92818069458008,44.07661969891529,43.61245659840907,44.008289149690455,94780800
2018-05-16,44.33815383911133,44.40412953249525,43.82451341829647,43.84100824044488,76732400
2018-05-17,44.057777404785156,44.510159080061804,43.90933837555642,44.29574794788918,69176000
2018-05-18,43.89755630493164,44.25097982122303,43.85514720867744,44.104899251623095,73190800
2018-05-21,44.208580017089844,44.594989665645436,44.038936405996104,44.29575668563138,73603200
2018-05-22,44.09782791137695,44.50308713532342,44.00829280986027,44.385279304995024,60962800
2018-05-23,44.38056945800781,44.41355550927262,43.767967254278695,43.90698323730388,80233600
2018-05-24,44.331092834472656,44.49366824387088,43.874001393175,44.47717701426208,92936000
2018-05-25,44.43240737915039,44.6845142986647,44.21328291731223,44.34994044932966,69844000
2018-05-29,44.272186279296875,44.472461051919346,44.02950240859062,44.20150444915725,90056400
2018-05-30,44.17794418334961,44.295752034505206,44.00830059006872,44.229779925474894,74762000
2018-05-31,44.02950668334961,44.34994419353032,43.85750822129398,44.11197362013253,109931200
2018-06-01,44.82353591918945,44.82824564504332,44.23685148143154,44.293400548573096,93770000
2018-06-04,45.198150634765625,45.57277865594449,45.085056129264544,45.153383085968876,105064800
2018-06-05,45.54685974121094,45.69529874796764,45.32302559759376,45.490314287367944,86264000
2018-06-06,45.70471954345703,45.728282544872066,45.21935191406509,45.62225622892292,83734400
2018-06-07,45.58221435546875,45.756567670436446,45.318322329900795,45.74243130384017,85388800
2018-06-08,45.167537689208984,45.23822313189476,44.71280102613651,45.04266163172219,106627200
2018-06-11,45.056785583496094,45.231142481373176,44.81646017789385,45.08506190990398,73234000
2018-06-12,45.30418395996094,45.381937568012425,45.0379370834704,45.09448614256514,67644400
2018-06-13,44.93191146850586,45.44555554341027,44.870652683238966,45.33717074386563,86553600
2018-06-14,44.955467224121094,45.13689228323737,44.81880971422139,45.13217896352785,86440400
2018-06-15,44.4936637878418,44.8046782086226,44.357006263123864,44.7740470200036,246876800
2018-06-18,44.47010040283203,44.583194911549555,44.107250277682624,44.267470793974596,73939600
2018-06-19,43.75148010253906,43.902274007400344,43.22369963791943,43.62189074792149,134314000
2018-06-20,43.94232177734375,44.10725202475832,43.76089670758285,43.90698086547268,82514800
2018-06-21,43.69727325439453,44.378202233488864,43.574752128736236,44.11902362059803,102847600
2018-06-22,43.5700569152832,43.8598632336105,43.51822117116477,43.852795049886204,108801600
2018-06-25,42.92210006713867,43.5700430674738,42.58281297536606,43.21190629335723,126652400
2018-06-26,43.454593658447266,43.94938797353978,43.009280212947836,43.115310134188796,98276800
2018-06-27,43.390987396240234,44.126107216581914,43.360356205322596,43.64309432120707,101141200
2018-06-28,43.70669937133789,43.873988050554196,43.30615351932165,43.37683892737374,69460800
2018-06-29,43.61481857299805,44.10489961774891,43.09646479717635,43.89284334908779,90950800
2018-07-02,44.10253143310547,44.13080775314985,43.21661796791336,43.31086637604602,70925200
2018-07-03,43.33443069458008,44.28396149351073,43.24489559550557,44.24626212598361,55819200
2018-07-05,43.683135986328125,43.92111007150501,43.41924763347607,43.65014994222162,66416800
2018-07-06,44.28867721557617,44.39705840908352,43.636020811298415,43.6878565456575,69940800
2018-07-09,44.90364456176758,44.92720397675285,44.60205672635557,44.649179151536714,79026400
2018-07-10,44.849449157714844,45.0685700292257,44.80939132562234,44.934270952056835,63756400
2018-07-11,44.26747131347656,44.71513962901053,44.20385407867217,44.41355187208477,75326000
2018-07-12,45.009666442871094,45.09920155846209,44.60440715522057,44.65624289633007,72164400
2018-07-13,45.08034896850586,45.20051167231687,44.97903235551187,45.02144504787517,50055600
2018-07-16,44.98138427734375,45.391353204429265,44.86593131540765,45.12510996660727,60172400
2018-07-17,45.108612060546875,45.20757019463458,44.57847688815683,44.70806620489402,62138000
2018-07-18,44.86122131347656,45.19108540259918,44.750481662975155,45.18637208262621,65573600
2018-07-19,45.20994567871094,45.367807780295486,44.69394667468397,44.69394667468397,81147200
2018-07-20,45.106266021728516,45.33952324227363,44.80703310367688,45.18637448948724,82704800
2018-07-23,45.14631652832031,45.228783446987535,44.66330370871866,44.927192096118354,63957600
2018-07-24,45.47383499145508,45.629342233032894,45.2500007714201,45.34424562347357,74791600
2018-07-25,45.902645111083984,45.90971329334485,45.33952022609749,45.487959243995,66839600
2018-07-26,45.758934020996094,46.17126156215479,45.617563140228775,45.853178878033745,76304000
2018-07-27,44.997886657714844,45.98983036478812,44.79054728056739,45.942707942491445,96096000
2018-07-30,44.74576950073242,45.285327763928684,44.547853215165986,45.214642349023656,84118000
2018-07-31,44.83531951904297,45.271210094952444,44.61148527541825,44.837677977479785,157492000
2018-08-01,47.4765625,47.5378212863695,46.48933216360012,46.91815445381714,271742800
2018-08-02,48.86433029174805,49.097591083256724,47.2055976710928,47.259788264801436,249616000
2018-08-03,49.00570297241211,49.18241471941246,48.414305358183405,48.7795103543594,133789600
2018-08-06,49.260169982910156,49.302579077921635,48.78893864166359,49.008059489642534,101701600
2018-08-07,48.79837417602539,49.36149562913163,48.71590723211677,49.319086523265995,102349600
2018-08-08,48.83134078979492,48.96328497133965,48.18811110715973,48.548602744312035,90102000
2018-08-09,49.21540069580078,49.427453353804616,48.81956451359469,49.3685494382247,93970400
2018-08-10,49.06882095336914,49.44003672333354,48.86548063525924,49.02862623567317,98444800
2018-08-13,49.38563537597656,49.877435128986555,49.10899869137438,49.48967042478114,103563600
2018-08-14,49.593719482421875,49.7852369637203,49.24141953269484,49.690661587811235,82992000
2018-08-15,49.70957565307617,49.82779667275431,49.257970492029095,49.46840376274341,115230400
2018-08-16,50.43780517578125,50.553659437598704,50.00038606730865,50.06658953343815,114001600
2018-08-17,51.44505310058594,51.532535490008144,50.399979846645785,50.466183320989956,141708000
2018-08-20,50.94380187988281,51.823362921071144,50.861045725428916,51.56800870100237,121150800
2018-08-21,50.844478607177734,51.352830997028676,50.60567352114959,51.26061877491701,104639200
2018-08-22,50.84685134887695,51.15658978265497,50.560754949723034,50.62223217694636,76072400
2018-08-23,50.950904846191406,51.319753911772416,50.74047154042686,50.75229075810795,75532800
2018-08-24,51.10930252075195,51.28426728810176,50.861037704362104,51.21333757583482,73905600
2018-08-27,51.530174255371094,51.71932859234506,51.14950246004533,51.34338303977495,82100400
2018-08-28,51.94631576538086,52.14492621424723,51.761891261745056,51.783170179590904,91107200
2018-08-29,52.72182846069336,52.842416172110376,51.877732519864644,52.052697265343326,109019200
2018-08-30,53.20654296875,53.97024961852312,52.58469935427872,52.78567649739625,195175200
2018-08-31,53.82130432128906,54.11449015060924,53.43590263011833,53.556486775291695,173360400
2018-09-04,53.993900299072266,54.18778088108534,53.58485661111945,54.00572312173843,109560400
2018-09-05,53.64158630371094,54.303624513188296,53.22308663219441,54.14284571216188,133332000
2018-09-06,52.750221252441406,53.75509993549646,52.324624853348354,53.490282393938976,137160000
2018-09-07,52.324623107910156,53.28694031504542,52.185123173027854,52.4546669488255,150479200
2018-09-10,51.62238693237305,52.45466385736109,51.18260462853595,52.24186387354506,158066000
2018-09-11,52.92754364013672,53.033941819572114,51.20387942357245,51.54671960522813,142996000
2018-09-12,52.27024841308594,53.19946398561462,51.97942207900117,53.18527803913625,197114800
2018-09-13,53.5328369140625,53.99153499554689,52.6249004519719,52.849519642275006,166825600
2018-09-14,52.92517852783203,53.63450455616086,52.613076951433094,53.37678363174455,127997200
2018-09-17,51.515995025634766,52.71475434346737,51.37176523077403,52.525599981840585,148780400
2018-09-18,51.60110092163086,52.454656645298286,51.33628344092451,51.494699140442705,126286800
2018-09-19,51.63184356689453,51.927396096554034,50.90596843011665,51.66258218448119,108495200
2018-09-20,52.02433395385742,52.55632846390417,51.81626383542605,52.07398836223533,106435200
2018-09-21,51.4639778137207,52.33881268301883,51.37649180131732,52.20167586016159,384986800
2018-09-24,52.20402145385742,52.3151494694153,51.22042559146119,51.265350143429465,110773600
2018-09-25,52.53505325317383,52.68401288099076,51.94631132173357,51.95813414435409,98217600
2018-09-26,52.116546630859375,52.903898945307674,51.96049404071963,52.25368342754412,95938800
2018-09-27,53.18763732910156,53.53993727515141,52.85425317959996,52.92046027142845,120724800
2018-09-28,53.374420166015625,53.398062202116094,52.96773962377275,53.14979737223942,91717600
2018-10-01,53.733802795410156,54.244518335419805,53.51864333667554,53.89694833800921,94403200
2018-10-02,54.21141815185547,54.38165667005677,53.584848333349555,53.731441209871306,99152800
2018-10-03,54.8711051940918,55.20212260237653,54.32965090961708,54.39349126972169,114619200
2018-10-04,53.90641403198242,54.937301318347934,53.60849479660541,54.56608563865395,128168000
2018-10-05,53.03156661987305,54.005709966738436,52.15436895212806,53.8993118042979,134322000
2018-10-08,52.90862274169922,53.15215769186115,52.06452314346974,52.53977383107797,118655600
2018-10-09,53.64158630371094,53.73616525238941,52.54922560315499,52.877879783199454,107564000
2018-10-10,51.15657424926758,53.5186303424454,51.08327783089747,53.30819717674973,167962400
2018-10-11,50.704986572265625,51.89901940310349,50.20136756167063,50.721539244147124,212497600
2018-10-12,52.516136169433594,52.698197531427574,51.27008573845108,52.11654858627355,161351600
2018-10-15,51.39303970336914,52.44993586441361,51.371760786579564,52.291520137503866,123164000
2018-10-16,52.52558898925781,52.72420301170054,51.251166750358514,51.76424545871344,116736000
2018-10-17,52.29860305786133,52.64144321335758,51.86118394400235,52.56105380461304,91541600
2018-10-18,51.076202392578125,51.955766930543895,50.36214653480621,51.51125481132157,130325200
2018-10-19,51.854087829589844,52.315148949225154,51.40957577177829,51.55853536728283,132314800
2018-10-22,52.170921325683594,52.811680677472054,51.76660756117778,51.96758107903151,115168400
2018-10-23,52.66272735595703,52.785678210129554,50.76409832307149,51.03127894622945,155071200
2018-10-24,50.856319427490234,53.01739960993079,50.72627557904296,52.63200152357531,163702000
2018-10-25,51.969947814941406,52.34352657548441,51.24879905591277,51.475784943669666,119423200
2018-10-26,51.14240264892578,52.062161836547574,50.28411707927676,51.0478236891772,189033600
2018-10-29,50.18244934082031,51.94394144771941,48.72832893518345,51.825720452520564,183742000
2018-10-30,50.433082580566406,50.87759111597405,49.480221547617695,49.92473008302534,146640000
2018-10-31,51.74771499633789,52.12365704654774,51.218083425803194,51.2795606770611,153435600
2018-11-01,52.54214096069336,52.57524269602282,51.26298888864335,51.79262026173322,233292800
2018-11-02,49.05698776245117,50.51583454720711,48.57228091507329,49.54642446027015,365314800
2018-11-05,47.66434097290039,48.326379281390906,46.85570978180658,48.30510036768756,264654800
2018-11-06,48.17979431152344,48.40441352241418,47.68799444752672,47.74237510519479,127531600
2018-11-07,49.64100646972656,49.66701523890736,48.26491564822979,48.69996814378195,133697600
2018-11-08,49.467803955078125,49.854546748716004,49.05495802314485,49.82132950962304,101450400
2018-11-09,48.51399230957031,48.87938196083556,47.98725918732527,48.77024114907393,137463200
2018-11-12,46.07014083862305,47.417819511836335,45.979978204665024,47.21614107916425,204542000
2018-11-13,45.60982894897461,46.784299734622806,45.42476100071037,45.46747093822109,187531600
2018-11-14,44.32147979736328,46.14368876236647,44.115055029309836,46.006073457133304,243204000
2018-11-15,45.41526794433594,45.54813685758566,44.345191678630414,44.69872073884626,185915200
2018-11-16,45.91828155517578,46.259946609491415,44.95260676177665,45.19936284522291,147713200
2018-11-19,44.09843826293945,45.24680950472581,43.89201716190447,45.080723353294985,167701200
2018-11-20,41.991512298583984,43.056842423109295,41.642729521839435,42.32131328103685,271300800
2018-11-21,41.944061279296875,42.772124438484425,41.889490881307914,42.64399822705807,124496800
2018-11-23,40.87873077392578,41.90135460850539,40.83365308403461,41.507490510580666,94496000
2018-11-26,41.431549072265625,41.50984759156236,40.3970651397603,41.341390103104544,179994000
2018-11-27,41.341400146484375,41.467151357006,40.544182944086934,40.693658680506765,165549600
2018-11-28,42.931095123291016,43.01413640794062,41.505118017849625,41.932199377386205,184250000
2018-11-29,42.60129928588867,43.372417193579416,42.162353797963114,43.3391999516029,167080000
2018-11-30,42.37113952636719,42.78635675904082,42.003374967632006,42.77686405200895,158126000
2018-12-03,43.851680755615234,43.88015163194145,42.995146895539094,43.76626450623012,163210000
2018-12-04,41.92271423339844,43.27513564881861,41.82306251019987,42.933470529047675,165377200
2018-12-06,41.45528793334961,41.46952337319293,40.435039173164846,40.75297606435523,172393600
2018-12-07,39.97711181640625,41.40071359145735,39.93203051426459,41.16344662894883,169126400
2018-12-10,40.240478515625,40.35673701084698,38.75281363862703,39.149049033793,248104000
2018-12-11,40.01034164428711,40.76010273038026,39.623595215094355,40.72926047741938,189126800
2018-12-12,40.12185287475586,40.79094396093765,40.10287107949015,40.43029709170368,142510800
2018-12-13,40.56078338623047,40.94515829770429,40.22861111251852,40.45164261932779,127594400
2018-12-14,39.262935638427734,40.11709814501256,39.21548297037447,40.098116353709955,162814800
2018-12-17,38.897560119628906,39.943908661901204,38.61046540084833,39.25583205591823,177151600
2018-12-18,39.40292739868164,39.749335147040604,39.00431700694578,39.23921261031191,135366000
2018-12-19,38.173892974853516,39.7303641394197,37.74681158935484,39.38632766402629,196189200
2018-12-20,37.2105827331543,38.463352159374345,36.847564525579564,38.05762401069301,259092000
2018-12-21,35.763248443603516,37.52614386743345,35.50225695564013,37.21769609037985,382978400
2018-12-24,34.83790588378906,35.95780615108884,34.780960513781764,35.15109636781357,148676800
2018-12-26,37.291263580322266,37.30549902473126,34.81182351446712,35.18670590567207,234330000
2018-12-27,37.04924392700195,37.196351942081705,35.60666362348881,36.97569172966579,212468400
2018-12-28,37.06821823120117,37.61156162757762,36.66961145378511,37.3695483010569,169165600
2018-12-31,37.42648696899414,37.81085823837311,37.12752831911624,37.61392625135377,140014000
2019-01-02,37.46919631958008,37.68985646575044,36.593680694580726,36.75027775052016,148158800
2019-01-03,33.73699188232422,34.57454401761466,33.69191057763836,34.16169817620422,365248800
2019-01-04,35.177207946777344,35.24601741169735,34.11899903898665,34.29220295413125,234428400
2019-01-07,35.09890365600586,35.31244611659193,34.617251961933846,35.281600249745665,219111200
2019-01-08,35.768001556396484,36.021878993464554,35.238897140785376,35.48565323681881,164101200
2019-01-09,36.375396728515625,36.66486270672353,35.502256061427595,35.89611645994749,180396400
2019-01-10,36.491661071777344,36.531996022628334,35.79409559379819,36.18321328363876,143122800
2019-01-11,36.13338851928711,36.46793584598435,35.94832055566885,36.273378795691265,108092800
2019-01-14,35.590049743652344,35.891379845195914,35.404981774617916,35.79172814036254,129756800
2019-01-15,36.318450927734375,36.394374463172355,35.601903781181996,35.65410279572326,114843600
2019-01-16,36.76215362548828,36.98518520942271,36.30185501531,36.320836811858406,122278800
2019-01-17,36.980438232421875,37.40751959655014,36.36354252641356,36.58657410659207,119284800
2019-01-18,37.208213806152344,37.45971625451414,37.00890676859886,37.369553633249645,135004000
2019-01-22,36.37303924560547,37.18686348386207,36.21169577007339,37.11093991098238,121576000
2019-01-23,36.52012634277344,36.80959229423162,35.99339345539255,36.574696724321946,92522400
2019-01-24,36.230674743652344,36.6530097672651,36.00290042236398,36.56522212472766,101766000
2019-01-25,37.43124008178711,37.51903133240946,36.61504465459194,36.890271619149736,134142000
2019-01-28,37.084835052490234,37.091952773285364,36.458450279667375,36.963826558158345,104768400
2019-01-29,36.700469970703125,37.51904428799125,36.565229618547896,37.07298102180622,166348800
2019-01-30,39.208377838134766,39.42191672312946,38.017296299473955,38.73384376445083,244439200
2019-01-31,39.49071502685547,40.098117890187325,39.04465196516823,39.41241649238441,162958400
2019-02-01,39.509708404541016,40.09338329388807,39.36971809982081,39.61410648111566,130672400
2019-02-04,40.6319694519043,40.72924978051158,39.690019271912284,39.72086513717964,125982000
2019-02-05,41.3271598815918,41.54070233089087,40.89296450420444,41.013969357855885,144406400
2019-02-06,41.341400146484375,41.656965666225744,41.01159918712273,41.43867685735861,112958400
2019-02-07,40.558414459228516,41.27021533462275,40.41605283598708,40.90482219115942,126966800
2019-02-08,40.60607147216797,40.66564261030473,40.13188390366319,40.26770784386319,95280000
2019-02-11,40.37254333496094,40.79669311360716,40.32965386782356,40.758566718862966,83973600
2019-02-12,40.720455169677734,40.7466666211287,40.436895913781186,40.53221193539128,89134000
2019-02-13,40.55127716064453,41.09933254456883,40.48932446490647,40.83960316682641,89960800
2019-02-14,40.69900894165039,40.80861781758018,40.36064525814671,40.43927960962729,87342800
2019-02-15,40.60845947265625,40.91346345759115,40.44880923334926,40.80623611906368,98507200
2019-02-19,40.729976654052734,40.85150410234934,40.386849953980956,40.43927284620034,75891200
2019-02-20,40.992095947265625,41.29948509114437,40.7442815842349,40.791937772979175,104457600
2019-02-21,40.760963439941406,41.07311568683924,40.57986845134195,40.93729535437326,68998800
2019-02-22,41.21609115600586,41.223239403756004,40.83721948150898,40.884875678488214,75652800
2019-02-25,41.51632308959961,41.90710967168657,41.44960369528727,41.499645058988676,87493600
2019-02-26,41.5401611328125,41.7712975211783,41.26375008174526,41.39242582162674,68280800
2019-02-27,41.6688346862793,41.69981285361265,41.15890569167824,41.273284939092875,111341600
2019-02-28,41.258975982666016,41.67835919496109,41.20417154412631,41.537772157173244,112861600
2019-03-01,41.69266128540039,41.73555077281449,41.19702882720667,41.52824431177665,103544800
2019-03-04,41.90236282348633,42.355102265337884,41.454386457405555,41.8642364017059,109744800
2019-03-05,41.826087951660156,41.938081984197204,41.59018493156289,41.92378549254291,78949600
2019-03-06,41.58541488647461,41.816551158625686,41.447209430430334,41.621156109618305,83241600
2019-03-07,41.104095458984375,41.566368186765395,40.989719863594985,41.43054421304361,99185600
2019-03-08,41.20179748535156,41.23992389992285,40.38924599998411,40.58464114771072,95997600
2019-03-11,42.62910079956055,42.68152368683469,41.78319363004304,41.816553318678096,128044000
2019-03-12,43.10806655883789,43.52744613325643,42.74110624977912,42.89122670675174,129870400
2019-03-13,43.29869079589844,43.67756238941142,43.11044394955633,43.42736286383217,124130000
2019-03-14,43.780025482177734,43.86819325045519,43.501232955961775,43.82053342503637,94318000
2019-03-15,44.34952163696289,44.63784755758058,43.782406850290364,44.04690286026948,156171600
2019-03-18,44.802268981933594,44.890433115459594,44.27089173604565,44.273276908909104,104879200
2019-03-19,44.447227478027344,45.03340921139079,44.30187372223758,44.88090720826174,126585600
2019-03-20,44.83562469482422,45.152543603093804,44.01830674487972,44.37573359295211,124140800
2019-03-21,46.48694610595703,46.782420346635014,45.228803590706896,45.27884496121636,204136800
2019-03-22,45.52427291870117,47.10648249507304,45.45993505954188,46.546512238552936,169630800
2019-03-25,44.97383499145508,45.74587473890536,44.46390611241121,45.63388069031745,175381200
2019-03-26,44.50917434692383,45.96033017793337,43.98256747013785,45.66962270436676,199202000
2019-03-27,44.90950012207031,45.21688566494624,44.45199411345279,44.97621952108113,119393600
2019-03-28,44.96906280517578,45.16922096451442,44.68550359481245,45.0238672363422,83121600
2019-03-29,45.26215362548828,45.2931317832796,44.92617150707696,45.233560640409536,94256000
2019-04-01,45.56956100463867,45.67440320388369,44.88806671190096,45.66487341701977,111448000
2019-04-02,46.231971740722656,46.336817529759834,45.524266300655576,45.53379608332538,91062800
2019-04-03,46.54889678955078,46.822922617672326,46.024667775160154,46.048497688881305,93087200
2019-04-04,46.629913330078125,46.791945110655476,46.02228688104425,46.41545501139502,76457200
2019-04-05,46.94206619262695,46.96589610699699,46.687099925418465,46.81100893546065,74106400
2019-04-08,47.680747985839844,47.7117225101516,46.78479559908021,46.8038588026213,103526800
2019-04-09,47.53778076171875,48.336035677504945,47.47344289751336,47.73317589155191,143072800
2019-04-10,47.804656982421875,47.833253607870596,47.22324195607037,47.342384260292086,86781200
2019-04-11,47.40672302246094,47.89520720622881,47.285199178784595,47.85946596865772,83603200
2019-04-12,47.38764953613281,47.690271947006345,46.75381536646613,47.466283877663756,111042800
2019-04-15,47.47343063354492,47.62116952932975,47.18272318704627,47.318547127954844,70146400
2019-04-16,47.478206634521484,47.98336882392176,47.313789678479274,47.528248000421726,102785600
2019-04-17,48.40275192260742,48.462323072559556,47.32570451341118,47.547307445984586,115627200
2019-04-18,48.57669448852539,48.64579541672132,48.25739402484164,48.400362590881734,96783200
2019-04-22,48.73635482788086,48.83405239829377,48.21451090916323,48.33127168618853,77758000
2019-04-23,49.43928909301758,49.50362695477499,48.58622976622122,48.712520316675125,93292000
2019-04-24,49.36302947998047,49.67756320312822,49.336818033390344,49.41068566398058,70162400
2019-04-25,48.91506576538086,49.506010596011244,48.87693935413123,49.28440764800036,74172800
2019-04-26,48.681549072265625,48.84834758072015,48.16208670486749,48.82451766411174,74596400
2019-04-29,48.75541687011719,49.07948410291866,48.57670340282082,48.70537549946289,88818800
2019-04-30,47.81657028198242,48.46708622241454,47.44484688744978,48.38607033097731,186139600
2019-05-01,50.16368103027344,51.30506280144106,49.856291823259944,50.01117901340884,259309200
2019-05-02,49.837215423583984,50.67121140289478,49.594167784628695,50.001632355540394,127985200
2019-05-03,50.456756591796875,50.47820133000278,50.09456303527242,50.251831720650216,83569600
2019-05-06,49.677574157714844,49.7633567622048,48.490917825549325,48.679161066436805,129772400
2019-05-07,48.338409423828125,49.42498651293276,47.85469202351123,49.05802986425357,155054800
2019-05-08,48.34794616699219,48.92936120017659,48.073920318435675,48.109661555748396,105358000
2019-05-09,47.82848358154297,48.05723475366527,46.86104872008744,47.75223076687932,139634400
2019-05-10,47.165897369384766,47.56536833430933,46.11101823277178,47.22330722271242,164834800
2019-05-13,44.42463684082031,45.32403587911326,43.73812763352999,44.90065057528068,229722400
2019-05-14,45.12788772583008,45.3766564067439,44.350480579312546,44.58968277824102,146118800
2019-05-15,45.668487548828125,45.86702583004832,44.496398127096036,44.55619868228515,106178800
2019-05-16,45.46755599975586,46.03924912918253,45.17094394873877,45.42689206250881,132125600
2019-05-17,45.20922088623047,45.66370365738736,44.673406583972145,44.7140705245547,131516400
2019-05-20,43.7955322265625,44.09692935038118,43.12337459318291,43.89839107594167,154449200
2019-05-21,44.6351318359375,44.970013454882476,44.180645467442574,44.30503163302324,113459200
2019-05-22,43.72138214111328,44.42224655428425,43.66636665166303,44.17108348949689,118994400
2019-05-23,42.97507095336914,43.185566421251686,42.53254539430105,43.00855911757338,146118800
2019-05-24,42.810020446777344,43.56829102566304,42.72629821206873,43.10423814743245,94858800
2019-05-28,42.63300704956055,43.19752438710172,42.55646424358909,42.7980571514169,111792800
2019-05-29,42.429683685302734,42.90091226999758,42.099583510254305,42.200047987456955,113924800
2019-05-30,42.64975357055664,42.87220986761559,42.25985281126963,42.56603133944261,84873600
2019-05-31,41.877132415771484,42.57560242696121,41.85799580108924,42.15460420382392,108174400
2019-06-03,41.45375442504883,42.558867752574955,40.72897183362754,42.00392038007167,161584400
2019-06-04,42.970279693603516,43.01572869203056,41.74556569358716,41.965631262344125,123872000
2019-06-05,43.66397476196289,44.25002316291043,43.32909308993842,44.08018796856743,119093600
2019-06-06,44.30502700805664,44.36482755162113,43.57067458111561,43.793134501142,90105200
2019-06-07,45.48430252075195,45.90769148933359,44.43659923654732,44.61360655057878,122737600
2019-06-10,46.06557083129883,46.73294351859347,45.83593505990151,45.88138407246512,104883600
2019-06-11,46.5989875793457,46.88363882764626,46.30955491422111,46.610948421278835,107731600
2019-06-12,46.45068359375,46.87646328917654,46.259321071663166,46.393273742142995,73012800
2019-06-13,46.441104888916016,47.07259854029726,46.30954660107747,46.57266682669041,86698400
2019-06-14,46.10382843017578,46.307148088553,45.52017454036724,45.81917725851215,75046000
2019-06-17,46.37892532348633,46.63487348967202,45.96749715069551,46.14211377579519,58676400
2019-06-18,47.46968460083008,47.90981585388891,46.69467166608227,46.89560067509566,106204000
2019-06-19,47.33094024658203,47.811739025879014,47.19698759262692,47.76389566380698,84496800
2019-06-20,47.711280822753906,47.98636194123762,47.36921971853001,47.928952089147415,86056000
2019-06-21,47.548614501953125,48.04376482331306,47.39791594328948,47.55339956808391,191202400
2019-06-24,47.50077819824219,47.87871815109603,47.40270441017317,47.49120806529403,72881600
2019-06-25,46.7807731628418,47.663426161251905,46.7137931929715,47.46488790932587,84281200
2019-06-26,47.792606353759766,48.07725759186515,47.20656161939147,47.30702611814578,104270000
2019-06-27,47.77825164794922,48.21599213856582,47.737587709468265,47.90980994600214,83598800
2019-06-28,47.342899322509766,47.72083923918838,47.1347945750101,47.52469168182497,124442400
2019-07-01,48.211204528808594,48.91445958647006,47.99592035711078,48.59871092795432,109012000
2019-07-02,48.49346923828125,48.58915232452939,48.16576333648064,48.17772417850372,67740800
2019-07-03,48.89532470703125,48.90250048134883,48.48389661312159,48.625025041282115,45448000
2019-07-05,48.852272033691406,49.055595395919944,48.534132619231094,48.641776546255905,69062000
2019-07-08,47.84523391723633,48.17533053234699,47.46011815799339,48.03420208422318,101354400
2019-07-09,48.137054443359375,48.20163641262728,47.555791170395594,47.64907988705199,82312000
2019-07-10,48.613075256347656,48.7326763887551,48.21360791209922,48.282978612860205,71588400
2019-07-11,48.25904846191406,48.890542184265826,48.24948197897164,48.63220334558516,80767200
2019-07-12,48.62981414794922,48.79725497916496,48.36669023465564,48.42649079222815,70380800
2019-07-15,49.08668899536133,49.24455968604115,48.797252704231944,48.81878002796971,67789600
2019-07-16,48.91685104370117,49.30196674070282,48.6776488381085,48.93837836621987,67467200
2019-07-17,48.641761779785156,49.05797121150033,48.62262516856653,48.80920256552893,56430000
2019-07-18,49.194332122802734,49.246956906066245,48.725494140074105,48.797255539973115,74162400
2019-07-19,48.4599723815918,49.395253851076205,48.404956898073856,49.225418684647934,83717200
2019-07-22,49.56748962402344,49.5698803325022,48.70396937143094,48.7135358552826,89111600
2019-07-23,49.95499038696289,49.97173629421098,49.5842262186613,49.86409602597792,73420800
2019-07-24,49.91432571411133,50.02914175520972,49.55552239198474,49.67512349936027,59966400
2019-07-25,49.51964569091797,50.050674922943,49.450275001634395,49.9669526841349,55638400
2019-07-26,49.691871643066406,50.1678817358878,49.54834884778114,49.62967672847252,70475600
2019-07-29,50.15592575073242,50.38556151543497,49.85931729833176,49.86410236528758,86693600
2019-07-30,49.94062423706055,50.27072436973993,49.58899678701558,49.93583917211204,135742800
2019-07-31,50.95963668823242,52.95219151502836,50.54342718307284,51.76814131769529,277125600
2019-08-01,49.8569221496582,52.15326516054023,49.45267342174729,51.16535872118057,216071600
2019-08-02,48.80204391479492,49.378518561545334,48.23035068507519,49.163237997191345,163448400
2019-08-05,46.24734878540039,47.517511782159396,46.06555644186893,47.35964111669537,209572000
2019-08-06,47.122833251953125,47.37878135711824,46.41479313620579,46.957783150481916,143299200
2019-08-07,47.610801696777344,47.73518785600527,46.362169638518694,46.74250023988225,133457600
2019-08-08,48.6609001159668,48.68482179511622,47.6945248672639,47.88827805859261,108038000
2019-08-09,48.259925842285156,48.68491980321308,47.851734087471264,48.3343596886464,98478800
2019-08-12,48.13746643066406,48.51444257030938,47.81811826695935,47.93097076329877,89927600
2019-08-13,50.17600631713867,50.9371579045492,48.13746218750722,48.26712420599327,188874000
2019-08-14,48.682518005371094,49.56852841372435,48.644099355992225,48.780964420477915,146189600
2019-08-15,48.440006256103516,49.256382389403456,47.942974606430376,48.852997569788144,108909600
2019-08-16,49.582942962646484,49.74141717055693,48.944246546865365,49.04989601880567,110481600
2019-08-19,50.50735855102539,51.078820332819284,50.430521259871156,50.57218589365761,97654400
2019-08-20,50.509765625,51.22769905454453,50.50016279412302,50.634624409226056,107537200
2019-08-21,51.05721664428711,51.29972750063154,50.807502749106995,51.14125698244228,86141600
2019-08-22,51.01399612426758,51.48941498513007,50.60340461002002,51.189276167751544,89014800
2019-08-23,48.65610122680664,50.91554700309597,48.2623192659155,50.28645358396467,187272000
2019-08-26,49.58052444458008,49.74860142109313,49.23716379045751,49.42925333381669,104174400
2019-08-27,49.021080017089844,50.07516753420753,48.86980886104783,49.90949029926712,103493200
2019-08-28,49.350032806396484,49.39565450041869,48.81938934092808,49.00667570095276,63755200
2019-08-29,50.18561553955078,50.260053051987526,49.621356699521705,50.0631602076527,83962000
2019-08-30,50.120784759521484,50.53137262674945,49.75101166966507,50.46174203034494,84573600
2019-09-03,49.390838623046875,49.69818045135938,49.03547532102372,49.56611865080238,80092000
2019-09-04,50.22883605957031,50.2984666588224,49.77982952447207,50.03674646797927,76752400
2019-09-05,51.21087646484375,51.37655364971593,50.78587894675467,50.90353466187631,95654800
2019-09-06,51.206085205078125,51.4846149241543,51.02600190350711,51.39577500112992,77449200
2019-09-09,51.424583435058594,51.96963654756328,50.68024137405337,51.58545739982879,109237600
2019-09-10,52.03206253051758,52.05127185370454,50.83391076513622,51.35014804449725,127111600
2019-09-11,53.68642807006836,53.71524388706847,52.27937718938957,52.36101772978543,177158400
2019-09-12,53.56637191772461,54.365942133767874,53.511147403478866,53.97696341496987,128906800
2019-09-13,52.524295806884766,53.014120770564304,52.10890468762575,52.82443464006696,159053200
2019-09-16,52.80042266845703,52.855650852329696,52.238563645662204,52.27938208778277,84632400
2019-09-17,52.99250411987305,53.021319935148554,52.61312824901063,52.8148243007248,73274800
2019-09-18,53.48953628540039,53.508745607854166,52.68996609930479,53.07894480353371,101360000
2019-09-19,53.05493927001953,53.72724727960935,52.91327096589523,53.307052941713785,88242400
2019-09-20,52.27937316894531,53.439109875358426,52.21694562055294,53.15578062057358,221652400
2019-09-23,52.517093658447266,52.78601688512093,52.2601730542611,52.572318178824,76662000
2019-09-24,52.26738739013672,53.422324967023364,52.14973528494023,53.07176111607931,124763200
2019-09-25,53.07175064086914,53.184603139280306,52.137718705200996,52.47627620043449,87613600
2019-09-26,52.79802703857422,53.05014441394907,52.54350987128694,52.824439404828816,75334000
2019-09-27,52.541099548339844,53.05493702755311,52.17132649489073,52.95408716657338,101408000
2019-09-30,53.77767562866211,53.92414352515708,53.01412053525755,53.04053289901251,103909600
2019-10-01,53.926544189453125,54.79814854366671,53.832901018952796,54.04180014068749,139223200
2019-10-02,52.57471466064453,53.68402648733403,52.32739692001443,53.5591677213098,138449200
2019-10-03,53.02132797241211,53.05494337549281,51.65509540469614,52.447459000713295,114426000
2019-10-04,54.50761795043945,54.6228739131191,53.75847251204435,54.178666925160364,138478800
2019-10-07,54.51962661743164,55.20874431260177,54.2266907778266,54.329940457591334,122306000
2019-10-08,53.880924224853516,54.75973164617533,53.86411835463812,54.221885178414524,111820000
2019-10-09,54.51240539550781,54.694888454476924,54.17865121925164,54.51240539550781,74770400
2019-10-10,55.247154235839844,55.33119457436902,54.57724597451074,54.728513454537506,113013600
2019-10-11,56.71664047241211,57.05999756214249,55.780205051339095,55.93387599775765,166795600
2019-10-14,56.6349983215332,57.17765169810714,56.34686576310509,56.40209028471779,96427600
2019-10-15,56.50293731689453,57.06239287164702,56.39728786256741,56.759854250095415,87360000
2019-10-16,56.27482986450195,56.48372898515924,55.99390035444989,56.03471879637498,73903200
2019-10-17,56.49332046508789,56.70221587996945,56.07072638906214,56.44769878510148,67585200
2019-10-18,56.76465606689453,57.04558556492881,56.255618132854494,56.327652182971896,97433600
2019-10-21,57.749114990234375,57.864370947488375,56.983163716549996,57.03118520017032,87247200
2019-10-22,57.6170539855957,58.1549004377134,57.535413437281406,57.905186536916496,82293600
2019-10-23,58.390220642089844,58.404630386944994,57.919604896693365,58.13090385557624,75828800
2019-10-24,58.48625564575195,58.77919144814045,58.06125802035155,58.7095571851868,69275200
2019-10-25,59.20659255981445,59.24260775751769,58.318182266358356,58.38541307794069,73477200
2019-10-28,59.79965591430664,59.84767739008357,59.24019674518622,59.408273742307344,96572800
2019-10-29,58.41661834716797,59.9677374114046,58.24374175415912,59.780451077157984,142839600
2019-10-30,58.40940856933594,58.89923712839204,57.91718388272271,58.76957511884041,124522000
2019-10-31,59.73002243041992,59.828468838504534,56.968745403896456,59.36505627876599,139162000
2019-11-01,61.42521667480469,61.45162537567779,59.826076043549875,59.91731576023175,151125200
2019-11-04,61.82859802246094,61.912638359081036,61.31956374708165,61.78777591806556,103272000
2019-11-05,61.7397575378418,61.99427467320338,61.545268167001495,61.72054454973453,79897600
2019-11-06,61.76616668701172,61.826194451970366,61.31716017753835,61.65331419578515,75864400
2019-11-07,62.479026794433594,62.700595407259684,62.16112687805122,62.31285217221587,94940400
2019-11-08,62.65003204345703,62.722278694428965,61.85769280629216,62.30082274800635,69986400
2019-11-11,63.14613723754883,63.211159215108815,62.20207280445758,62.206886797370636,81821200
2019-11-12,63.08832550048828,63.288220102882214,62.83786560415839,62.9895835347863,87388800
2019-11-13,63.69282150268555,63.767478813815906,62.87399440184441,62.88844372983046,102734400
2019-11-14,63.252113342285156,63.791574613561565,63.122062018099385,63.519433306302396,89182800
2019-11-15,64.00347900390625,64.00829299536413,63.34119137298703,63.50254460728658,100206400
2019-11-18,64.32621765136719,64.40568896392628,63.635031105699284,64.01313169523063,86703200
2019-11-19,64.13114929199219,64.5429699152776,63.9144019823477,64.51888524762629,76167200
2019-11-20,63.38454818725586,64.08054855468487,62.71262513008036,63.9505046207332,106234400
2019-11-21,63.10038757324219,63.58205151905622,62.900492919948576,63.504983523819924,121395200
2019-11-22,63.04498291015625,63.382146145276415,62.81860030594543,63.24005618724747,65325200
2019-11-25,64.15039825439453,64.16725825293672,63.22319387946589,63.26895253287637,84020400
2019-11-26,63.649478912353516,64.34066544148382,63.21838765861975,64.28768211784275,105207600
2019-11-27,64.50442504882812,64.53814504778033,63.89512054291369,63.960142519969104,65235600
2019-11-29,64.36234283447266,64.54296680875088,64.0372182108502,64.20580352668654,46617600
2019-12-02,63.618160247802734,64.60316190902952,63.4471716441627,64.36714398387619,94487200
2019-12-03,62.48384094238281,62.50310426103313,61.722811237581595,62.20928904177194,114430400
2019-12-04,63.03535461425781,63.41346255389857,62.7800733256157,62.87400131746364,67181600
2019-12-05,63.96012496948242,64.03478961101634,63.27376001785631,63.529041212761236,74424400
2019-12-06,65.19561004638672,65.26545336433453,64.3743722789269,64.4177276122505,106075600
2019-12-09,64.2828598022461,65.21728148518294,63.79878528754208,65.02461888758106,128042400
2019-12-10,64.6585693359375,65.04149128263923,64.0275834068731,64.68746799612504,90420400
2019-12-11,65.21006774902344,65.28954641231785,64.66338184077233,64.73803916107421,78756800
2019-12-12,65.376220703125,65.64113724354316,64.3791805323222,64.48996114027678,137310400
2019-12-13,66.264892578125,66.30101589143915,65.2485817157862,65.37622232256687,133587600
2019-12-16,67.39921569824219,67.62319496321233,66.70562596191743,66.71043995432287,128186000
2019-12-17,67.53169250488281,67.85922045100963,67.14394921761478,67.32939453528536,114158400
2019-12-18,67.3703384399414,67.89053641959352,67.22102378228007,67.38478777135322,116028400
2019-12-19,67.43775177001953,67.71711767990757,67.18006720064264,67.31252181714845,98369200
2019-12-20,67.29810333251953,68.07117209416059,67.08616996929587,67.9700267569195,275978000
2019-12-23,68.39628601074219,68.45649400899109,67.5220647002308,67.5605987010632,98572000
2019-12-24,68.46128845214844,68.61061041883474,68.13617123413715,68.56244109414793,48478800
2019-12-26,69.8196029663086,69.8364629694818,68.56487035875298,68.59376902155901,93121200
2019-12-27,69.79309844970703,70.79737094783557,69.38850252439819,70.11099839799601,146266000
2019-12-30,70.20732879638672,70.48910541724575,68.69009042144484,69.7112155576161,144114400
2019-12-31,70.72027587890625,70.72750054089161,69.725639097825,69.8243810446951,100805600
2020-01-02,72.33390808105469,72.39411609388233,71.09121381433879,71.34408452837052,135480400
2020-01-03,71.63064575195312,72.38926493117573,71.40667380039741,71.56321309934685,146322800
2020-01-06,72.20140838623047,72.23994237629597,70.50354624985978,70.75401351048198,118387200
2020-01-07,71.86184692382812,72.46633010238772,71.64268897397623,72.21104883104543,108872000
2020-01-08,73.01781463623047,73.31885447118653,71.56559876638666,71.56559876638666,132079200
2020-01-09,74.56880950927734,74.76147215954668,73.74275755557424,73.9932175310026,170108400
2020-01-10,74.73738098144531,75.3009342510977,74.23645372460896,74.80241031619431,140644800
2020-01-13,76.33406829833984,76.36056362612658,74.93483570619189,75.0528483215238,121532000
2020-01-14,75.30330657958984,76.48097793968802,75.18048732487429,76.27145539086204,161954400
2020-01-15,74.98060607910156,75.98246770801262,74.54951490172726,75.10343270524221,121923600
2020-01-16,75.91986083984375,76.03064882750155,75.1612416745226,75.52248959606675,108829200
2020-01-17,76.76036834716797,76.76277166888072,75.86206254796348,76.16791647174253,137816400
2020-01-21,76.24016571044922,76.83019952815127,76.10288974668396,76.3894803308505,110843200
2020-01-22,76.51229858398438,77.06379835057774,76.41837061392836,76.72422448512405,101832400
2020-01-23,76.88077545166016,76.96024675038308,76.01859307367198,76.56528622859716,104472000
2020-01-24,76.65923309326172,77.86820708363678,76.46897375596369,77.12644775977525,146537600
2020-01-27,74.4050064086914,75.08414667112925,73.42481897034624,74.67232624663728,161940000
2020-01-28,76.50989532470703,76.68088393464757,75.18531972883665,75.28406170066347,162234000
2020-01-29,78.1114501953125,78.95677286932231,77.39858953140283,78.13794553717628,216229200
2020-01-30,77.99822235107422,78.0512056603916,76.7651642610764,77.19625539826748,126743200
2020-01-31,74.53990936279297,77.71166246110458,74.24609404973549,77.29020649112265,199588400
2020-02-03,74.3351821899414,75.49839714349714,72.78422401879573,73.2851511845041,173788400
2020-02-04,76.78926849365234,76.97952779146334,75.53212542449515,75.93672133535755,136616400
2020-02-05,77.41542053222656,78.21257356762338,76.81334075627086,77.91393700101683,118826800
2020-02-06,78.3209457397461,78.32335641079244,77.12883215929374,77.68515330009288,105425600
2020-02-07,77.25637817382812,78.0699069624119,76.76632925971391,77.82126159942887,117684000
2020-02-10,77.6232681274414,77.6232681274414,75.76446618078532,75.84412606929361,109348800
2020-02-11,77.15496826171875,78.19059132825674,76.93770658748598,78.11817322586252,94323200
2020-02-12,78.98723602294922,78.99206144129231,77.60399117788235,77.60399117788235,113730400
2020-02-13,78.42475891113281,78.7506551305069,78.05782821966719,78.26060628866534,94747600
2020-02-14,78.4440689086914,78.69271421468866,77.93712009409066,78.3933688702963,80113600
2020-02-18,77.00772857666016,77.18878123005356,75.94796350927948,76.12901616267288,152531200
2020-02-19,78.12300109863281,78.35233737517142,77.24912158938099,77.24912158938099,93984000
2020-02-20,77.32154846191406,78.37165530100644,76.81701596336808,77.8840228178166,100566000
2020-02-21,75.57135772705078,77.35774940247184,74.95578178960817,76.91597690115918,129554000
2020-02-24,71.981689453125,73.43011036441114,69.82113268068633,71.75960237227564,222195200
2020-02-25,69.54351806640625,73.03180163978591,69.07278565467855,72.65038734565039,230673600
2020-02-26,70.646728515625,71.90927139616765,69.16209855410392,69.16934036398257,198054800
2020-02-27,66.0286865234375,69.04140503149553,65.89350114490772,67.85852928583456,320605600
2020-02-28,65.99004364013672,67.20913548442363,61.88860137685158,62.103453983809466,426510000
2020-03-02,72.1337890625,72.7686815326321,67.0425894386722,68.14338895911868,341397200
2020-03-03,69.8428726196289,73.38667475068135,68.99312746023453,73.30701482551375,319475600
2020-03-04,73.08248138427734,73.24180855249296,70.76259766156525,71.5616425276586,219178400
2020-03-05,70.71192932128906,72.31242862903635,70.3474076125405,71.33957264179317,187572800
2020-03-06,69.77284240722656,70.20495666747604,67.88989834828591,68.07577636210152,226176800
2020-03-09,64.2543716430664,67.13189718407227,63.489119320777824,63.670171942415024,286744800
2020-03-10,68.88206481933594,69.14761010810192,65.02685113261988,66.90256079781972,285290000
2020-03-11,66.48976135253906,67.88748961967876,65.627949126833,66.96291749628936,255598800
2020-03-12,59.92359924316406,65.17895530003963,59.868077460777144,61.78482214303871,418474000
2020-03-13,67.10293579101562,67.57367559511492,61.06301877546382,63.94538103600016,370732000
2020-03-16,58.47035217285156,62.54282496971143,57.9368487366503,58.40758489593045,322423600
2020-03-17,61.04128646850586,62.1879493594709,57.550590391518064,59.74977632698614,324056000
2020-03-18,59.54700469970703,60.350878847985236,57.24160039100893,57.88132191691277,300233600
2020-03-19,59.090763092041016,61.03647519528649,58.566917809130764,59.720826530661355,271857200
2020-03-20,55.3393440246582,60.79264863512061,55.04000233501268,59.67012006159394,401693200
2020-03-23,54.1637077331543,55.16070547027294,51.32480360482342,55.05931643178171,336752800
2020-03-24,59.597694396972656,59.79323063321941,56.56083807077307,57.05812866753022,287531200
2020-03-25,59.26938247680664,62.3424476958278,58.97486994131572,60.53192162528101,303602000
2020-03-26,62.388328552246094,62.44626304168301,59.47217348326275,59.510798931904375,252087200
2020-03-27,59.8053092956543,61.76791740598874,59.638740277699725,61.014739603264104,204216800
2020-03-30,61.51202392578125,61.683422027854625,60.206030134757754,60.529513617295876,167976400
2020-03-31,61.38649368286133,63.366001623216455,60.83368129501873,61.702735358357586,197002000
2020-04-01,58.1565055847168,60.041865925626624,57.726807741641096,59.505949975988514,176218400
2020-04-02,59.12696075439453,59.18006982201146,57.188490836952404,58.01891951220774,165934000
2020-04-03,58.27721405029297,59.3128333420279,57.688188979235456,58.61276473473643,129880000
2020-04-06,63.36117935180664,63.51567376682207,60.201208300554335,60.568138982385115,201820400
2020-04-07,62.627296447753906,65.58932155008534,62.523494730385906,65.3720525473446,202887200
2020-04-08,64.23021697998047,64.54403851459621,63.06182517929843,63.42633937506472,168895200
2020-04-09,64.69371795654297,65.19584133375365,63.899505790640596,64.86511973614601,161834800
2020-04-13,65.9635009765625,66.07213548949194,64.17228391165321,64.77096719479518,131022800
2020-04-14,69.29486846923828,69.58455560243435,67.12223707141726,67.59297682109842,194994800
2020-04-15,68.66239166259766,69.1210568119712,67.74506136385055,68.17234288135833,131154400
2020-04-16,69.20797729492188,69.57249897577765,68.16028687860133,69.37454631683273,157125200
2020-04-17,68.26891326904297,69.27074378183441,66.83497575491855,68.72516946310567,215250000
2020-04-20,66.85187530517578,67.99854202997274,66.83256626499734,67.09811161151838,130015200
2020-04-21,64.78546905517578,66.92913374203486,64.07574203406564,66.69497200558625,180991600
2020-04-22,66.6514892578125,67.08601248995713,65.71001734346707,66.05038970065308,116862400
2020-04-23,66.39319610595703,68.01542772017612,66.35457066668404,66.59597413685326,124814400
2020-04-24,68.30996704101562,68.31962524638433,66.86878746416366,66.91707112395504,126161200
2020-04-27,68.35823059082031,68.68895219864656,67.58091104598891,68.02750161594408,117087600
2020-04-28,67.25020599365234,69.00038194653797,67.15847882168735,68.81932926175669,112004800
2020-04-29,69.45903778076172,69.92736120107678,68.53204914375017,68.73482721743544,137280800
2020-04-30,70.92434692382812,71.10057413486881,69.60870223992275,69.99735834734561,183064000
2020-05-01,69.78250122070312,72.17963585405194,69.00518177066984,69.10174168301795,240616800
2020-05-04,70.76983642578125,70.89777995985193,69.11863770856678,69.80663901583497,133568000
2020-05-05,71.83203125,72.66245995311394,71.0836788601292,71.2285224464027,147751200
2020-05-06,72.57315063476562,73.20321036598678,72.14827802802382,72.53210878963873,142333600
2020-05-07,73.32388305664062,73.6690955962119,72.8966015934725,73.1983559121912,115215200
2020-05-08,75.06912231445312,75.12237513838589,73.65551062741005,73.98228898395239,133838400
2020-05-11,76.25038146972656,76.74417245398942,74.36959376483475,74.57776663572473,145946400
2020-05-12,75.37895202636719,77.38318317958411,75.25792355724299,76.93295343320654,162301200
2020-05-13,74.46882629394531,76.4779036027934,73.39409274246334,75.55808267285332,200622400
2020-05-14,74.92630767822266,74.98682191354754,72.98742921457588,73.70876155896555,158929200
2020-05-15,74.48333740234375,74.52932881095421,72.66791038979864,72.70180190645536,166348400
2020-05-18,76.2382583618164,76.611028150083,75.11511790410643,75.80498172029709,135178400
2020-05-19,75.7977294921875,77.0999898949941,75.76626090152799,76.25521336264156,101729600
2020-05-20,77.2718505859375,77.34204178986873,76.61587086677298,76.65460086911052,111504800
2020-05-21,76.6957778930664,77.67369044499544,76.45855932436727,77.1339005633104,102688800
2020-05-22,77.18954467773438,77.27184315466477,76.33266100253039,76.43432078527125,81803200
2020-05-26,76.66670227050781,78.48454498542678,76.6110265113562,78.3054252019707,125522000
2020-05-27,77.00074005126953,77.1459757123096,75.7856167074525,76.52389490649263,112945200
2020-05-28,77.03462982177734,78.29090607267398,76.4004417495467,76.67638285095582,133560800
2020-05-29,76.95958709716797,77.73658783652532,76.60376308600569,77.27668110998019,153532400
2020-06-01,77.90603637695312,78.02706486056282,76.78288850329889,76.91360133395523,80791200
2020-06-02,78.2667007446289,78.29090791932163,77.19922860751555,77.63977407114822,87642800
2020-06-03,78.69755554199219,78.95898118849432,78.01495316022684,78.58621141173712,104491200
2020-06-04,78.01979064941406,78.81857555541607,77.6470209126839,78.52085026224736,87560400
2020-06-05,80.24188232421875,80.30239656428226,78.24007392223491,78.26911957554665,137250400
2020-06-08,80.71631622314453,80.75020774515244,79.23009024878114,79.93931540745123,95654400
2020-06-09,83.26518249511719,83.6573136410901,80.36534445233356,80.39681304328083,147712400
2020-06-10,85.40737915039062,85.87454732273147,83.77349462695621,84.21161714524366,166651600
2020-06-11,81.30695343017578,84.97653882509627,81.20529361612985,84.5529390302518,201662400
2020-06-12,82.0088882446289,84.18740070270101,80.90027071068629,83.44186857843707,200146000
2020-06-15,83.02312469482422,83.67425858934295,80.50331054070764,80.665491974399,138808800
2020-06-16,85.22342681884766,85.4945368687229,83.4418908130573,85.07335265810912,165428800
2020-06-17,85.10480499267578,86.02704141186865,84.98377651365317,85.96652717235735,114406400
2020-06-18,85.13868713378906,85.55502535124322,84.53112187218672,85.06122714286937,96820400
2020-06-19,84.65215301513672,86.30782159170373,83.5459510308644,85.84307640546994,264476000
2020-06-22,86.86698150634766,87.00979422869749,84.99830144840965,85.04429286253834,135445200
2020-06-23,88.72113037109375,90.13716495464834,87.68996543764521,88.10872660527849,212155600
2020-06-24,87.15502166748047,89.26818142371512,86.78225190963218,88.35078354810454,192623200
2020-06-25,88.31205749511719,88.35078749388231,86.55230611311778,87.30994555491553,137522400
2020-06-26,85.5986099243164,88.42825657527817,85.45095132716905,88.20798383985682,205256800
2020-06-29,87.57136535644531,87.66577111516035,85.02976731524565,85.50661981464565,130646000
2020-06-30,88.30239868164062,88.58803158175118,87.14052793069565,87.15988924218063,140223200
2020-07-01,88.13536834716797,88.9220535759505,88.08696138066959,88.37984827441205,110737200
2020-07-02,88.13536834716797,89.67485466688348,88.02160865174983,89.04066652590694,114041600
2020-07-06,90.49299621582031,90.96016437699369,89.5296068531223,89.56107543992535,118655600
2020-07-07,90.21221923828125,91.6476154008952,90.10087509241899,90.87061453958542,112424400
2020-07-08,92.31329345703125,92.34476205459154,91.10058530579187,91.18772968265077,117092000
2020-07-09,92.71024322509766,93.2572869587544,91.66455533300416,93.20403412942578,125642800
2020-07-10,92.8724136352539,92.93051232943125,91.69602034280251,92.30600122922262,90257200
2020-07-13,92.44400787353516,96.77925047959143,92.23099648987042,94.1747142853188,191649200
2020-07-14,93.97377014160156,94.16498980895781,90.89480551473416,91.82671884066302,170989200
2020-07-15,94.62006378173828,96.09418977539168,93.42430181349536,95.84487140313816,153198000
2020-07-16,93.45576477050781,94.31022548870118,92.8578838224014,93.49449476804814,110577600
2020-07-17,93.2669677734375,94.06091431617955,92.79495374103925,93.90600170117715,92186800
2020-07-20,95.23248291015625,95.37045717183655,93.01040144233045,93.35412562962276,90318000
2020-07-21,93.91810607910156,96.09661884897764,93.66878769091768,96.02158177786353,103433200
2020-07-22,94.18195343017578,94.86213298167614,93.53324246932021,93.62037944003524,89001600
2020-07-23,89.8951416015625,93.99316537476754,89.08667200224166,93.91570535175619,197004400
2020-07-24,89.67240905761719,90.01613315170617,86.31265765589474,88.09662345174227,185438800
2020-07-27,91.79768371582031,91.88966654711753,90.50994623863684,90.7326345162056,121214000
2020-07-28,90.28966522216797,91.54594138277622,90.28481935549645,91.36923715007886,103625600
2020-07-29,92.02037811279297,92.20434377285328,90.73505619988047,90.7713632677891,90329200
2020-07-30,93.13384246826172,93.23792519284922,90.78830982976133,91.19496376791191,158130000
2020-07-31,102.8838882446289,103.03396237192649,97.62156512089064,99.61611941491957,374336800
2020-08-03,105.476318359375,108.09053052398437,104.46452205826068,104.76224738585148,308151200
2020-08-04,106.18070983886719,107.26996618839969,104.94379489849536,105.6651273181697,173071600
2020-08-05,106.56558990478516,106.88510690463526,105.43760344433963,105.90235611566642,121776800
2020-08-06,110.28358459472656,110.77738293578851,106.30901285016994,106.8972095786005,202428800
2020-08-07,107.77620697021484,110.26176460572711,106.98082882286342,109.80587577731004,198045600
2020-08-10,109.34270477294922,110.35875275642206,106.69710077257369,109.21903076531765,212403600
2020-08-11,106.09086608886719,109.10505737675727,105.83139636601508,108.60794885006547,187902400
2020-08-12,109.61671447753906,109.87375687982836,106.98565970661953,107.17965145918507,165598000
2020-08-13,111.55667114257812,112.55817011651827,110.50667052619417,110.99408465160128,210082000
2020-08-14,111.45723724365234,111.5469586132698,109.65065854076958,111.38206488530741,165565200
2020-08-17,111.16624450683594,112.60180865121056,110.54061480830164,112.57755783182,119561600
2020-08-18,112.09257507324219,112.51693852673742,110.58426581680665,110.91890789561272,105633600
2020-08-19,112.23322296142578,113.64453639963617,112.13865437861999,112.49996719549999,145538000
2020-08-20,114.7236328125,114.83760501028006,112.25747159683876,112.27444791147464,126907200
2020-08-21,120.63562774658203,121.1181872782855,115.66935990258521,115.68148161330981,338054800
2020-08-24,122.0784683227539,124.91807177754512,120.21612051624737,124.83319019483912,345937600
2020-08-25,121.07695770263672,121.42130160395935,119.35768029886763,120.95329109467639,211495600
2020-08-26,122.7234878540039,123.17937664467517,121.32672345710665,122.39127306939878,163022400
2020-08-27,121.25642395019531,123.65710756851145,120.11427449940825,123.32489273389695,155552400
2020-08-28,121.05999755859375,122.64589926041506,120.83690034715939,122.22881026536905,187630000
2020-08-31,125.1654052734375,127.06656032182518,122.2166916072517,123.7492518971319,225702700
2020-09-01,130.1510772705078,130.75247109042868,126.61067882372832,128.77371625173845,151948100
2020-09-02,127.45452117919922,133.8369490459464,123.18664339139957,133.45865994566697,200119000
2020-09-03,117.25041961669922,124.97140947448622,116.88183227033254,123.09936731503697,257599600
2020-09-04,117.32801055908203,119.98573625952378,107.56037630423063,116.46473461185484,332607200
2020-09-08,109.43241119384766,115.4171459794859,109.29661549435876,110.5284785969539,231366600
2020-09-09,113.79728698730469,115.56263840332464,111.79914401101568,113.73909094731499,176940500
2020-09-10,110.0822982788086,116.88181506989982,109.12202651754133,116.74601936225844,182274400
2020-09-11,108.63704681396484,111.77006490232608,106.69709954942977,111.12987875287997,180860300
2020-09-14,111.89615631103516,112.44904097306566,109.41302623599448,111.27537379227499,140150100
2020-09-15,112.07073974609375,115.26195346815392,110.19869058392199,114.7769667152629,184642000
2020-09-16,108.76314544677734,112.51694623083202,108.6758513682307,111.77006975767836,154679000
2020-09-17,107.02688598632812,108.83103751673956,105.44583164529507,106.42550707639862,178011000
2020-09-18,103.63196563720703,107.55065948223604,102.90448550905262,107.08507634439113,287104900
2020-09-21,106.77470397949219,106.88140167582651,100.0042844680874,101.40104892896447,195713800
2020-09-22,108.4527587890625,109.47123415071694,105.88233436259476,109.29663858587081,183055400
2020-09-23,103.90357208251953,108.74373815268274,103.56407541081022,108.26845317272523,150718700
2020-09-24,104.97054290771484,106.93958810787352,101.84722676940335,102.01212050333626,167743300
2020-09-25,108.90864562988281,109.06384497371614,104.4370662899755,105.17424837255975,149981400
2020-09-28,111.50818634033203,111.85737749779037,109.39364317586228,111.55668799010066,137672400
2020-09-29,110.66431427001953,111.84768356471079,110.15993111834311,111.11050875843858,99382200
2020-09-30,112.33264923095703,113.73911550361659,110.20841190929694,110.37330565840851,142675200
2020-10-01,113.28321838378906,114.18529413378772,112.35204460964711,114.10769446919807,116120400
2020-10-02,109.62643432617188,111.90587864952262,108.85045973551675,109.5003403977725,144712000
2020-10-05,113.00192260742188,113.14742012517607,110.1405034929378,110.4896945754234,106243800
2020-10-06,109.76221466064453,112.63333559022071,108.87953514429641,112.22594105943094,161498200
2020-10-07,111.62454986572266,112.08043858541826,110.70307061944358,111.17836295291494,96849000
2020-10-08,111.51787567138672,112.90493833599005,111.14928093514196,112.75944080327828,83477200
2020-10-09,113.45781707763672,113.48691510258755,111.46936816913343,111.81855926916633,100506900
2020-10-12,120.66471862792969,121.42129686008033,115.69845107798898,116.45502931013961,240226800
2020-10-13,117.46380615234375,121.62499394990238,116.05734733652297,121.50859444916024,262330500
2020-10-14,117.55110168457031,119.33584953717633,116.02824344500344,117.36680433445795,150712000
2020-10-15,117.08553314208984,117.56081821833106,114.60240265361523,115.15528740769942,112559200
2020-10-16,115.44625854492188,117.90029805270329,115.24256497002679,117.63840102761567,115393800
2020-10-19,112.49755096435547,116.80422908289772,112.1871596819352,116.35804207693808,120639300
2020-10-20,113.9815902709961,115.40745252774086,112.15803531937775,112.71091992910422,124423700
2020-10-21,113.3608169555664,115.14556482205545,112.95342242055368,113.16681779596242,89946000
2020-10-22,112.27444458007812,114.49568501963495,111.14927164811971,113.92339674553574,101988000
2020-10-23,111.58576202392578,113.05042420827988,110.84858002778377,112.89522488264528,82572600
2020-10-26,111.5954818725586,113.05044248419397,109.49063323015535,110.58670829378724,111850700
2020-10-27,113.09893035888672,113.75851276167866,111.10078693291935,112.02225897491293,92276800
2020-10-28,107.86105346679688,111.9640447506843,107.76405759395712,111.5954574737689,143937800
2020-10-29,111.85735321044922,113.41901126991604,108.83103296967955,108.99593410290058,146129200
2020-10-30,105.59135437011719,108.62736986993451,104.48558476825079,107.72529388943157,190272600
2020-11-02,105.5040054321289,107.35665821287549,104.0975469359875,105.83380024244883,122866900
2020-11-03,107.1239013671875,108.14236934595198,105.46524717293197,106.3673230400161,107624400
2020-11-04,111.49846649169922,112.11924902667879,108.97653651830575,110.71279021468385,138235500
2020-11-05,115.45596313476562,116.02825144019144,113.36082388514865,114.40838980980128,126387100
2020-11-06,115.3248062133789,115.82034093796346,112.83738439067113,114.96529408792372,114457900
2020-11-09,113.0219955444336,118.53123307425452,112.75965407719045,117.08348090470506,154515300
2020-11-10,112.68190002441406,114.25596336763643,110.89406574913825,112.27381007713998,138023400
2020-11-11,116.10210418701172,116.23813418126791,113.13858512576901,113.86732041488949,112295000
2020-11-12,115.83004760742188,117.1126214574974,115.20819406878398,116.22842646880996,103162300
2020-11-13,115.87864685058594,116.27701834676313,114.52805783909481,116.05354364266076,81581900
2020-11-16,116.88915252685547,117.55958400464418,114.80010971790968,115.54827474511946,91183000
2020-11-17,116.00494384765625,117.24865091924097,115.5871353083196,116.16041093814378,74271000
2020-11-18,114.68350219726562,116.42275133775613,114.65435397133162,115.24705927558566,76322100
2020-11-19,115.27619934082031,115.68428930116418,113.4980835539356,114.25596702688232,74113000
2020-11-20,114.0130844116211,115.40254027143864,113.96450649711626,115.27622879802983,73604300
2020-11-23,110.62200927734375,114.28512261237464,110.52484606012634,113.85759556092404,127959300
2020-11-24,111.90460205078125,112.56532241854126,109.39775058959653,110.68033196208322,113874200
2020-11-25,112.74021911621094,113.43980625953591,111.90460196313715,112.27383262938065,76499200
2020-11-27,113.28433227539062,114.158816151439,112.92482759135008,113.26490259506915,46691300
2020-11-30,115.67459869384766,117.5401594833683,113.49810369299398,113.6535707986605,169410200
2020-12-01,119.24053955078125,119.9692749139944,116.60737666127397,117.57902381222483,127728200
2020-12-02,119.59033966064453,119.87211823940518,117.46242991146435,118.56038858339666,89004200
2020-12-03,119.45429229736328,120.27047227200518,118.74498667961886,120.0178419599632,78967600
2020-12-04,118.78384399414062,119.37654924842553,118.07453843287111,119.12391895649799,78260400
2020-12-07,120.24132537841797,121.03807568238211,118.78385476777048,118.84215122001115,86712000
2020-12-08,120.85345458984375,121.43644873670094,119.60002903502645,120.84374345698704,82225500
2020-12-09,118.32718658447266,122.37895334699282,117.56930300737729,120.99921619827668,115089200
2020-12-10,119.74578857421875,120.35793100204793,116.74340254220034,117.08347755039478,81312200
2020-12-11,118.9393081665039,119.27938312055916,117.13204422429256,118.95873784398792,86939800
2020-12-14,118.32718658447266,119.85267228564851,118.09399334838469,119.12393693642923,79184500
2020-12-15,124.25422668457031,124.27366377761385,120.61055011219938,120.81459511068267,157243700
2020-12-16,124.18621826171875,124.73033828648967,122.97165933994127,123.79756533721344,98208600
2020-12-17,125.05098724365234,125.90604149372504,124.40969655609783,125.24531371153455,94359800
2020-12-18,123.06881713867188,125.43963827870924,122.54412684965975,125.30360828671483,192541500
2020-12-21,124.59430694580078,124.672040495101,119.94983486476208,121.47532055765235,121251600
2020-12-22,128.14080810546875,130.599073771845,125.9740246713456,127.8784592702847,168904800
2020-12-23,127.24691009521484,128.67521768491736,127.07200590849821,128.4128836440795,88223700
2020-12-24,128.22825622558594,129.67601559807733,127.38292807699283,127.59669160383469,54930100
2020-12-28,132.81443786621094,133.44600251933943,129.72459253226933,130.19099379190865,124486200
2020-12-29,131.0460205078125,134.85487480481046,130.53104880605997,134.1358655444837,121047300
2020-12-30,129.92860412597656,132.13424639181875,129.61767005054827,131.73586766748352,96452100
2020-12-31,128.9278564453125,130.91973597132423,127.98535756948488,130.27844532518537,99116600
2021-01-04,125.74085235595703,129.82176713240116,123.16598610776015,129.7343224533574,143301900
2021-01-05,127.29548645019531,128.00479953709709,124.78863505032471,125.23559925815104,97664900
2021-01-06,123.01051330566406,127.3343470647896,122.79674977159817,124.09876065496377,155088000
2021-01-07,127.2080078125,127.89788362114454,124.23477073043473,124.72059417067166,109578200
2021-01-08,128.30601501464844,128.8695721666665,126.53761000388556,128.67523086681507,105158200
2021-01-11,125.32303619384766,126.47929859092635,124.85664974689551,125.527088604103,100384500
2021-01-12,125.14812469482422,126.01288984975423,123.26312732143278,124.85662765724163,91951100
2021-01-13,127.1789321899414,127.72305238142306,124.84698427611632,125.10931840876144,88636800
2021-01-14,125.25503540039062,127.28577434890036,125.1092794348303,127.09144788764522,90221800
2021-01-15,123.53520202636719,126.52787663913662,123.39917203606663,125.1287025525268,111598500
2021-01-19,124.20565032958984,125.0607045202907,123.34088500532488,124.15706500945309,90757300
2021-01-20,128.28660583496094,128.73357016525654,124.90527701322534,125.01215882093759,104319500
2021-01-21,132.98934936523438,135.7099645282226,129.80234769109845,130.0064001294405,120150900
2021-01-22,135.12696838378906,135.88485193048166,131.19179469063414,132.4160646907934,114459400
2021-01-25,138.86781311035156,140.97628571065687,132.6686993609781,139.0135690829673,157611700
2021-01-26,139.1010284423828,140.20870575076052,137.36177150504042,139.528555618627,98390600
2021-01-27,138.03216552734375,140.208660067174,136.42895396495652,139.3633171255217,140843800
2021-01-28,133.20309448242188,137.96417406452278,132.82415271471342,135.5642045936499,142621100
2021-01-29,128.21856689453125,132.86303917443942,126.51818434944722,131.97883669271752,177523800
2021-02-01,130.33673095703125,131.54157860190338,127.21773749244758,129.9577892114423,106239800
2021-02-02,131.1626739501953,132.44524067254102,130.79344323298977,131.88168346118144,83305400
2021-02-03,130.14239501953125,131.92051071941538,129.82174974648763,131.91078476116337,89880900
2021-02-04,133.49461364746094,133.50432478243863,130.7739984115147,132.43552171463995,84183100
2021-02-05,133.0810089111328,133.72325779067754,132.20522578325316,133.65514858435046,75693800
2021-02-08,133.22702026367188,133.27567819524438,131.29054743428753,132.37068818260687,71297200
2021-02-09,132.3511962890625,134.17090160726997,132.19551172596402,132.94478730279516,76774200
2021-02-10,131.7478790283203,133.3048434386966,130.78450562896475,132.80855342312873,73046600
2021-02-11,131.49488830566406,132.72098784651604,130.17147291387968,132.24416393424985,64280000
2021-02-12,131.72840881347656,131.88410821935858,130.0936095966532,130.73585850968206,60145100
2021-02-16,129.60708618164062,132.35121823326722,129.21783758857316,131.8452173347529,80576300
2021-02-17,127.32028198242188,128.6631634845205,125.98714097419074,127.71925617483,97918500
2021-02-18,126.22067260742188,126.50286477250336,123.982542030246,125.72438263501022,96856700
2021-02-19,126.37635040283203,127.1937647700894,125.3351422926217,126.73640709556466,87668800
2021-02-22,122.61045837402344,126.23038738054991,122.22121733879867,124.56638176936013,103916400
2021-02-23,122.47425079345703,123.30138352656303,115.20519947854247,120.43074421044315,158273000
2021-02-24,121.97795867919922,122.18230857916163,118.94189453786483,121.57899194807914,111039900
2021-02-25,117.73526000976562,123.05811336412599,117.29736837706596,121.32599812486836,148199500
2021-02-26,117.99799346923828,121.49141551253575,117.93960247752109,119.29220956982277,164560400
2021-03-01,124.35233306884766,124.48856634693102,119.4868376397081,120.42101187120407,116307900
2021-03-02,121.75416564941406,125.25732102772348,121.64712415132996,124.95566267357219,102260900
2021-03-03,118.7764663696289,122.32827934815643,118.56238339310273,121.45248872789318,112966300
2021-03-04,116.89837646484375,120.2750310748952,115.42900236715201,118.47479946720621,178155000
2021-03-05,118.1536865234375,118.65970219404976,114.40725661331615,117.72552798386944,153766600
2021-03-08,113.22979736328125,117.74497601487798,113.08383103215061,117.67685938357114,154376600
2021-03-09,117.83255767822266,118.77646492277744,115.5944343694315,115.82797605727136,129525800
2021-03-10,116.75243377685547,118.88351576641335,116.23668501538924,118.41643235397203,111943300
2021-03-11,118.67916870117188,119.89554261056912,117.99800228157227,119.24356797692991,103026500
2021-03-12,117.77418518066406,117.91041846338683,115.95449457965704,117.16113540841165,88105100
2021-03-15,120.65454864501953,120.6642817142442,117.18058534747087,118.14395874848536,92403800
2021-03-16,122.19205474853516,123.79766976227535,121.36492199120141,122.31855495993447,115227900
2021-03-17,121.40383911132812,122.47424657756945,119.04893377660937,120.71293967926185,111932600
2021-03-18,117.28762817382812,119.86634216018179,117.08327826271949,119.57440947336566,121229700
2021-03-19,116.76214599609375,118.16341092060107,116.4604876842397,116.67457065039011,185549500
2021-03-22,120.07069396972656,120.5377847911862,117.024896545298,117.0930131834112,111912300
2021-03-23,119.24356842041016,120.89783397367995,118.85432728312398,120.01231762490714,95467100
2021-03-24,116.85945129394531,119.59386443754735,116.83999258124882,119.51601473844956,88530500
2021-03-25,117.34600830078125,118.38723138862223,115.79878440882977,116.32425877519718,98844700
2021-03-26,117.94933319091797,118.21207408800578,115.72093550893463,117.11246742653448,94071200
2021-03-29,118.12450408935547,119.28249444245718,117.48226251708941,118.37751194468804,80819200
2021-03-30,116.67456817626953,117.16111766205535,115.66254435493632,116.87891806940085,85671900
2021-03-31,118.86405944824219,120.19720049628938,117.8909603245139,118.37750988637804,118323800
2021-04-01,119.69117736816406,120.83943448866229,119.19489479787379,120.33342627373456,75089100
2021-04-05,122.5131607055664,122.76616851425374,119.75928886344587,120.53777100210417,88651200
2021-04-06,122.81483459472656,123.71008397089403,122.26990148299974,123.09703422020135,80171300
2021-04-07,124.45936584472656,124.47882455845117,121.7736104771957,122.4450511751175,83466700
2021-04-08,126.85321044921875,126.88240223692625,125.06271151102148,125.48113703370569,88844600
2021-04-09,129.4221649169922,129.4610823431084,125.987126690143,126.3082511367721,106686700
2021-04-12,127.70951080322266,129.276200697575,127.11591985323048,128.95507626413877,91420000
2021-04-13,130.81369018554688,131.0375136441806,128.38094270892825,128.87723269707828,91266500
2021-04-14,128.478271484375,131.36837696548068,128.1182295730411,131.3099933958929,87222800
2021-04-15,130.8818359375,131.36838551347583,130.04497007288896,130.22013564136392,89347100
2021-04-16,130.5509796142578,131.04725481288563,129.69464764958488,130.68721289515452,84922400
2021-04-19,131.21266174316406,131.82571884662076,129.75301328602865,129.91843832937323,94264200
2021-04-20,129.52920532226562,131.88410306298763,128.26417368348118,131.38782793049364,94812300
2021-04-21,129.90872192382812,130.15199668398512,127.76790700410929,128.7993896114448,68847100
2021-04-22,128.3907012939453,130.54124205126504,127.87495994409139,129.46110142550572,84566500
2021-04-23,130.70664978027344,131.4851170121257,128.60475261832673,128.60475261832673,78657500
2021-04-26,131.09591674804688,131.42676689058607,129.9671181870508,131.20295824690538,66905100
2021-04-27,130.77476501464844,131.7673300838562,130.5022985012677,131.3780816016613,66015800
2021-04-28,129.98658752441406,131.38785269000346,129.5000379446019,130.69694575341165,107760100
2021-04-29,129.88926696777344,133.38270410909877,128.88697605750357,132.7988386951313,151101000
2021-04-30,127.92362976074219,129.96712921001927,127.54412165956818,128.2350137894491,109839500
2021-05-03,128.9745330810547,130.46338819019584,128.28364111599663,128.48798358801744,75135100
2021-05-04,124.41072082519531,127.9528084470389,123.29165535400072,127.66087574180307,137564700
2021-05-05,124.65399169921875,126.94076551104096,124.5274840738415,125.72439172337612,84000900
2021-05-06,126.2498779296875,126.2596035749363,123.71008135413715,124.44963872166365,78128300
2021-05-07,126.92245483398438,127.94593245749884,126.2108752190309,127.54629547170842,78973300
2021-05-10,123.64727783203125,126.26935540308767,123.60828686336556,126.14264776926625,88071200
2021-05-11,122.73102569580078,123.08192956770212,119.67029762868589,120.38186984814409,126142800
2021-05-12,119.6702880859375,121.4930768252382,119.16342036759427,120.28438654552215,112172300
2021-05-13,121.81474304199219,122.96495055227784,121.12267010296466,121.43459040557941,105861300
2021-05-14,124.23211669921875,124.66100988052594,122.67251527187383,123.06241748790161,81918000
2021-05-17,123.08192443847656,123.72526428981506,122.00969878967952,123.61804098125864,74244600
2021-05-18,121.69776153564453,123.78372980629568,121.62952920667057,123.36458623209384,63342900
2021-05-19,121.54182434082031,121.76601312715728,119.75802646818856,120.05045503106065,92612000
2021-05-20,124.09567260742188,124.49532449020155,121.94147161685788,122.06819413421118,76857100
2021-05-21,122.26312255859375,124.76823446881733,122.04867596571786,124.5927788416249,79295400
2021-05-24,123.89094543457031,124.70974076836363,122.76023727627985,122.82846960103217,63092900
2021-05-25,123.6960220336914,125.08017543327662,123.1306641265909,124.59279202902988,72009500
2021-05-26,123.64727783203125,124.17364475386753,123.22813421483384,123.75450113667013,56575900
2021-05-27,122.1169204711914,124.41733561849655,121.92197306010468,123.24763627844212,94625600
2021-05-28,121.46382904052734,122.6237861257757,121.40534630909178,122.3995899273286,71311100
2021-06-01,121.14216613769531,122.18515038351808,120.8107540580726,121.9219706400981,67637100
2021-06-02,121.90248107910156,122.07793673418138,120.91798692698966,121.14217571934485,59278900
2021-06-03,120.42084503173828,121.69776758173275,120.02119320163122,121.53206155124437,76229200
2021-06-04,122.71151733398438,122.97470451422886,120.72302254551224,120.93746915555829,75169300
2021-06-07,122.72126007080078,123.13065406520676,121.67827588309044,122.98443979955707,71057600
2021-06-08,123.5400619506836,125.21664395698274,123.02344459916287,123.40359727053726,74403800
2021-06-09,123.92021942138672,124.52456834027448,123.32562010482052,123.99820136642403,56877900
2021-06-10,122.92596435546875,124.95345011953233,122.76025831506651,123.81298472926724,71186400
2021-06-11,124.13465118408203,124.22238272093318,122.91621132668672,123.33535493510138,53522400
2021-06-14,127.18565368652344,127.2441364345247,123.8617527922061,124.59281688929634,96906500
2021-06-15,126.36683654785156,127.30260492232891,126.12314857125716,126.65926509447159,62746300
2021-06-16,126.86396026611328,127.58528206314801,125.21664196538165,127.07840688486591,91815000
2021-06-17,128.46255493164062,129.20337594415264,126.37658632134162,126.52280804022224,96721700
2021-06-18,127.1661148071289,128.18959220522225,126.95166824074936,127.40980273496652,108953300
2021-06-21,128.95968627929688,129.06690958900398,125.9477063159808,127.01018237446559,79663300
2021-06-22,130.5972900390625,130.69477120433336,128.2968743499232,128.79400746985203,74783600
2021-06-23,130.32432556152344,130.92868185123652,129.8661909803765,130.39256533356104,60214200
2021-06-24,130.0416259765625,131.240566385548,129.57373445842103,131.05536118547494,68711000
2021-06-25,129.7492218017578,130.50952706925113,129.45679326652197,130.09039090512184,70783700
2021-06-28,131.37705993652344,131.83519451956099,129.98317185834844,130.04165459260284,62111300
2021-06-29,132.887939453125,133.04390333984907,130.95793469390316,131.39657011097157,64556100
2021-06-30,133.50205993652344,133.94069542579433,132.4395687976653,132.73199741502498,63261400
2021-07-01,133.80418395996094,133.86266668828733,132.33229922059724,133.15110203776288,52485800
2021-07-02,136.42628479003906,136.46526832234767,134.27207651002422,134.41828334809892,78852600
2021-07-06,138.43423461914062,139.53569387856405,136.53347186094717,136.53347186094717,108181800
2021-07-07,140.91989135742188,141.23180423568894,139.0581116318865,139.91588320227135,104911600
2021-07-08,139.62342834472656,140.42271694428075,137.1183095251409,138.00533707496902,105575500
2021-07-09,141.44625854492188,141.97261806281588,139.04836216143113,139.1458433075578,99890800
2021-07-12,140.8516845703125,142.6257406086967,140.36430849913495,142.51851727809614,76299700
2021-07-13,141.9628448486328,143.7369001800956,140.00359917768813,140.3934939298509,100827100
2021-07-14,145.38426208496094,145.79367103404422,143.95137538377713,144.36078433286042,127050800
2021-07-15,144.7311553955078,146.21278242197315,143.37625087333885,145.47197634550716,106820300
2021-07-16,142.6939239501953,145.97883295333372,142.19680585690423,144.71166743629377,93251400
2021-07-19,138.85337829589844,140.43248618215895,138.09307315098926,140.12055849525734,121434600
2021-07-20,142.45997619628906,143.3860023478585,139.35053030452949,139.83790622702588,96350000
2021-07-21,141.72894287109375,142.4405225803077,140.97839449756518,141.8556653977963,74993500
2021-07-22,143.0935821533203,144.4582288663732,142.12857241610413,142.25529492286392,77338200
2021-07-23,144.80911254882812,144.96507639303513,143.2105203295334,143.82461867014172,71447400
2021-07-26,145.22828674316406,146.04707474588002,143.97084849928373,144.5264642055409,72434100
2021-07-27,143.0643310546875,145.44272791296905,141.87513262554674,145.35498894389306,104818600
2021-07-28,141.3195343017578,143.25929604709813,138.94113715127986,141.15382825419624,118931200
2021-07-29,141.9628448486328,142.8498725143642,140.92961036922324,141.0368336570977,56699500
2021-07-30,142.1773223876953,142.63545700170118,140.47150644681145,140.73469364228038,70440600
2021-08-02,141.8459014892578,143.2397895751834,141.582714310116,142.6646895204393,62880000
2021-08-03,143.63943481445312,144.30225894055675,141.51446802349406,142.12856645538005,64786600
2021-08-04,143.23980712890625,144.05859526042843,142.58672505684436,143.55173491626834,56368300
2021-08-05,143.34701538085938,144.107320690727,142.47948676454712,143.26903344221475,46397700
2021-08-06,142.6636962890625,143.6106236198985,142.16583326910765,142.8687074712915,54126800
2021-08-09,142.6148681640625,143.21035833317768,142.05843483321482,142.72225212556916,48908700
2021-08-10,142.1365203857422,144.19632898598317,141.84365370926938,142.95653516321173,69023100
2021-08-11,142.3903350830078,143.2298783064216,142.06818321748432,142.57581781429272,48493500
2021-08-12,145.34823608398438,145.5044336133679,142.37078584930737,142.71246608285676,72282600
2021-08-13,145.5532684326172,145.88517705910473,144.7430103885552,145.42635605950554,59375000
2021-08-16,147.52517700195312,147.59351900321374,142.9857964116818,145.0065478391044,103296000
2021-08-17,146.61734008789062,148.07188700426227,145.5435005089824,146.6563820290242,92229700
2021-08-18,142.87843322753906,147.134719463398,142.67342208980006,146.23660593235846,86326000
2021-08-19,143.21035766601562,144.4794367790495,141.06269334170713,141.5800847276963,86960300
2021-08-20,144.66494750976562,144.96757103229274,143.2884841694112,143.93278806010758,60549600
2021-08-23,146.14874267578125,146.6173203855108,144.3720292286724,144.78203658666285,60131800
2021-08-24,146.06089782714844,147.27140659304087,145.60207679709836,145.89494350289067,48606400
2021-08-25,144.83084106445312,146.7442235104866,144.28416462153382,146.24634576040117,58991300
2021-08-26,144.03036499023438,145.57278230599707,144.00107981111,144.82110951404735,48597200
2021-08-27,145.06517028808594,145.2115961914639,143.33727014912955,143.97180225819312,55802400
2021-08-30,149.47764587402344,149.83885461039787,145.07493307828,145.45565533870288,90956700
2021-08-31,148.21829223632812,149.1652192116683,147.69112933468762,149.0285501067643,86453100
2021-09-01,148.8821258544922,151.293371319359,148.71617155840954,149.1945209265185,80313700
2021-09-02,149.99501037597656,151.03956466217258,148.77474502994417,150.20977826854366,71115500
2021-09-03,150.6295623779297,150.9517142276546,149.44833892893834,150.10239938899159,57808700
2021-09-07,152.96270751953125,153.51914078415754,150.71741625258127,151.2836211735212,82278300
2021-09-08,151.42030334472656,153.3043860941943,150.31717858511598,153.24581573453693,74420200
2021-09-09,150.405029296875,152.39649574316758,150.2878736971047,151.7912489116524,57305700
2021-09-10,145.4263458251953,151.78148246152148,145.16276433644302,151.3129047338198,140893200
2021-09-13,145.99258422851562,147.81809686029018,145.21161123932484,147.04689552955006,102404300
2021-09-14,144.59657287597656,147.4764113119793,143.41536423851278,146.77353720711707,109296300
2021-09-15,145.4849395751953,145.88519025288556,142.88821089491876,145.0261185341006,83281300
2021-09-16,145.2506561279297,145.4263821295721,143.71801019803328,144.9089906791146,68034100
2021-09-17,142.5855712890625,145.27992686740734,142.29270460935308,145.27992686740734,129868800
2021-09-20,139.539794921875,141.3945924183066,137.90952209387459,140.37933813407227,123478900
2021-09-21,140.0181427001953,141.16032435989862,139.38361057442205,140.50624891873463,75834000
2021-09-22,142.38058471679688,142.94677480134484,140.28171911608493,141.01387841720836,76404300
2021-09-23,143.33726501464844,143.581318108749,142.1755699033987,143.16153904107028,64838200
2021-09-24,143.42510986328125,143.96202960944674,142.09746053449825,142.1950877231893,53477900
2021-09-27,141.91195678710938,142.48793328173883,140.39883985731234,142.0095839613355,74150700
2021-09-28,138.53427124023438,141.30671020043195,138.3195033733077,139.84239196001295,108972300
2021-09-29,139.43238830566406,141.01384728022984,138.65141557774692,139.08095132289213,74602000
2021-09-30,138.13401794433594,140.94551367693097,137.91925008166186,140.2426397437822,89056700
2021-10-01,139.25668334960938,139.5202648503588,135.80089824481317,138.52452409983053,94639600
2021-10-04,135.83016967773438,138.8271483868743,134.98086980059804,138.38784096480848,98322000
2021-10-05,137.75332641601562,138.8564511470798,136.0449547897289,136.17186716291496,80861100
2021-10-06,138.62217712402344,138.7686030429388,135.07852092806354,136.15236065284557,83221100
2021-10-07,139.88143920898438,140.78932429837576,139.32500600229986,139.65691457441454,61732700
2021-10-08,139.50070190429688,140.75025218963773,139.16879336821262,140.60382633425183,58773200
2021-10-11,139.41290283203125,141.3653278052875,138.43669034540312,138.88575464341304,64452200
2021-10-12,138.14381408691406,139.84242905892054,137.68499305819657,139.82290063970592,73035900
2021-10-13,137.5580596923828,138.03639411972742,135.88873033671427,137.8802114942071,78762700
2021-10-14,140.34027099609375,140.45742659800283,138.14379338196727,138.7295267040612,69907100
2021-10-15,141.39459228515625,141.45316264244676,140.0962280805495,140.35005282323274,67940300
2021-10-18,143.0639190673828,143.34701408719482,139.7545598847163,140.03765490452832,85589200
2021-10-19,145.22132873535156,145.62157933226285,143.06390800766076,143.51295730034732,76378900
2021-10-20,145.70941162109375,146.18776090909918,144.5965304310407,145.16273523241006,58418800
2021-10-21,145.92420959472656,146.0804071368253,144.35250720492448,145.27014914498275,61421000
2021-10-22,145.15301513671875,146.6075619891813,145.1042015405824,146.12922747617256,58883400
2021-10-25,145.10421752929688,145.8168484447923,144.1084766625064,145.14325947301697,50720600
2021-10-26,145.76800537109375,147.25183711393476,145.465367092144,145.77776213009912,60893400
2021-10-27,145.3092041015625,146.16826078037482,144.95776708428832,145.80706700277705,56094900
2021-10-28,148.9407501220703,149.5264686918417,146.1585385042387,146.25616571377768,100077900
2021-10-29,146.23660278320312,146.37327190681347,142.92724374395107,143.7179733088264,124953200
2021-11-01,145.4166259765625,146.13901372017423,144.2842158593394,145.44591116098886,74588300
2021-11-02,146.45140075683594,147.96453308347574,145.113979527006,145.12375118515345,69122000
2021-11-03,147.8864288330078,148.35500663634056,146.25615583539988,146.8125891838913,54511500
2021-11-04,147.36898803710938,148.8040061478772,147.056593009041,147.97423478422334,60394600
2021-11-05,147.89695739746094,148.7963818494452,146.70423879606528,148.49331669815876,65463900
2021-11-08,147.07571411132812,148.18044870579655,146.80197694204415,148.02402320404659,55020900
2021-11-09,147.43743896484375,148.0435691533501,146.70421118808,146.84107977637362,56787900
2021-11-10,144.61203002929688,146.77261386668775,144.54360321214554,146.66507322468993,65187100
2021-11-11,144.5631561279297,146.0882672259821,144.37740273975967,145.62879163097531,41000000
2021-11-12,146.63577270507812,147.03659252052734,144.18189439318962,145.11064651980587,63804000
2021-11-15,146.6455841064453,148.48354686753203,146.08832372641191,147.00730510695527,59222800
2021-11-16,147.6232147216797,148.1022623119589,146.0003334167105,146.5869216938867,59256200
2021-11-17,150.0575408935547,151.53376771191043,147.61344786594324,147.62321886773208,88807000
2021-11-18,154.33958435058594,155.12169711619316,149.62738067059388,150.27262482103686,137827700
2021-11-19,156.95960998535156,157.41910052968012,153.02950540265965,154.12445397592487,117305600
2021-11-22,157.41912841796875,161.99446283900974,157.39957149925132,158.0643575600625,117467900
2021-11-23,157.8004150390625,158.18169292863084,155.502961782972,157.51689191338718,96041900
2021-11-24,158.3185577392578,158.51408217991857,156.06998937776268,157.15516717862224,69463600
2021-11-26,153.30328369140625,156.8618824271744,152.8633499442556,156.00157185337474,76959800
2021-11-29,156.65658569335938,157.5853380225465,155.23899986098183,155.80603121042097,88748200
2021-11-30,161.6033935546875,161.81847488073362,156.3437019010155,156.41214364910118,174048100
2021-12-01,161.08526611328125,166.49159798116264,160.85062784337472,163.7346542506034,152052500
2021-12-02,160.0978240966797,160.52798674829987,154.27111613625055,155.19009727061072,136739200
2021-12-03,158.22079467773438,161.271032766341,156.14820866843903,160.3520514474846,118023100
2021-12-06,161.6229248046875,164.12567265480914,160.60617416710443,160.61594516489802,107497000
2021-12-07,167.35189819335938,167.74296195252498,164.5754126322905,165.29886939857903,120405400
2021-12-08,171.16470336914062,172.02502878126478,166.88264814477856,168.2806769394803,116998900
2021-12-09,170.6563262939453,172.79735388590385,170.03063915946248,170.9985052389604,108923700
2021-12-10,175.43698120117188,175.61296364291238,170.78343380069845,171.29180928871014,115402700
2021-12-13,171.80995178222656,178.05705234389498,171.60464142456377,177.06962931153166,153237000
2021-12-14,170.43145751953125,173.76520322122326,168.35887188331523,171.3308817563336,139380400
2021-12-15,175.29034423828125,175.4858686850592,168.45665517933287,171.19404218690133,131063300
2021-12-16,168.40774536132812,177.08916675225177,166.9315188519041,175.27076132354634,150185800
2021-12-17,167.3127899169922,169.59068583995455,165.89521929851176,166.12984262332955,195432700
2021-12-20,165.95391845703125,166.76535914150864,163.71513578207376,164.51679054709132,107499100
2021-12-21,169.1214141845703,169.3267095815399,165.33794920445052,167.72338564818043,91185900
2021-12-22,171.71217346191406,171.9272548095711,168.300214735498,169.17031112645324,92135300
2021-12-23,172.33786010742188,172.89512039322665,171.35045204505695,171.9174833311616,68356600
2021-12-27,176.29730224609375,176.3852860059842,173.1102106304085,173.12975263201184,74919600
2021-12-28,175.28053283691406,177.27492068975482,174.5375340801528,176.1310871789595,79144300
2021-12-29,175.3685760498047,176.59062262185972,174.15630048000423,175.31969120341034,62348900
2021-12-30,174.21493530273438,176.53194546765312,174.10739462067014,175.45653864701075,59773000
2021-12-31,173.59901428222656,175.22188041192248,173.29593427269404,174.1073747963206,64062300
2022-01-03,177.93971252441406,178.79026689432098,173.73588518068755,173.85319685203027,104487900
2022-01-04,175.68138122558594,178.84893075193062,175.1143499260673,178.54586564233023,99310400
2022-01-05,171.0082550048828,176.1408490374331,170.7345178498846,175.5933747274367,94537600
2022-01-06,168.15354919433594,171.37975399378487,167.80159930862231,168.83789205056922,96904000
2022-01-07,168.3197479248047,170.24569386432273,167.20524242477114,169.02364770562122,86709100
2022-01-10,168.33934020996094,168.64240533418686,164.40923476090865,165.29888813158135,106765600
2022-01-11,171.16470336914062,171.26245812752686,166.99997473942338,168.46643037323963,76138300
2022-01-12,171.60464477539062,173.21774007794218,170.91053076473975,172.18144710369126,74805200
2022-01-13,168.33934020996094,172.6702655459411,167.94827640647682,171.84905393496265,84505800
2022-01-14,169.1996307373047,169.89374460419103,167.2638988741002,167.50830810674722,80440800
2022-01-18,166.00279235839844,168.68150862321704,165.62151446360372,167.6745435442064,90956700
2022-01-19,162.51260375976562,167.25414945182573,162.22909557704548,166.19829964047344,94815000
2022-01-20,160.83108520507812,165.88546757565922,160.50846314939517,163.24585020445963,91420500
2022-01-21,158.7780303955078,162.61036568511253,158.67048972769118,160.74307541554964,122848900
2022-01-24,158.0056915283203,158.67049246380245,151.2404450916643,156.44148123567246,162294600
2022-01-25,156.2068634033203,159.1202179477596,153.50859022634555,155.42475069595457,115798400
2022-01-26,156.118896484375,160.71378862428045,154.2907195812304,159.84369205931444,108275300
2022-01-27,155.6593780517578,160.1760566161972,154.74039680395836,158.8171416631375,121954600
2022-01-28,166.52088928222656,166.54044619647436,159.15928486994983,162.00421173203972,179935700
2022-01-31,170.8714141845703,171.0864955438015,165.71926239899202,166.35473547583268,115541600
2022-02-01,170.7052459716797,170.93009836904955,168.45667724529795,170.1186576369502,86213900
2022-02-02,171.90765380859375,171.94676763498737,169.4537907755584,170.84203326145342,84914300
2022-02-03,169.0334014892578,172.29871983009215,168.27084595729548,170.57806946664553,89418100
2022-02-04,168.74957275390625,170.42346859121156,167.0756769166009,168.05455952783922,82465400
2022-02-07,168.03497314453125,170.27660749223818,167.33995999905824,169.20962915449093,77251200
2022-02-08,171.1380615234375,171.64708470161528,167.8098514342005,168.10351922686326,74829200
2022-02-09,172.55743408203125,172.91961588647231,171.20657123174874,172.3322952525055,71285000
2022-02-10,168.4852752685547,171.7743215374217,167.92731993059743,170.4626223841964,90865900
2022-02-11,165.07876586914062,169.42500712943504,164.49143031742815,168.6908451580762,98670700
2022-02-14,165.31373596191406,165.99895095084156,163.04272064253541,163.83561333947773,86185500
2022-02-15,169.14111328125,169.29773807776493,166.654758116967,167.35955476472148,62527400
2022-02-16,168.9061737060547,169.67948428764964,166.45896752351715,168.22095896225642,61177400
2022-02-17,165.31373596191406,168.27974972128825,164.9123904196256,167.41832805716996,69589300
2022-02-18,163.7670440673828,166.93861378532614,162.68048390268257,166.23383213199764,82772700
2022-02-22,160.85000610351562,163.16995323151656,158.72581758393332,161.49605730830203,91162800
2022-02-23,156.68975830078125,162.6413518716535,156.37650867254357,162.04423283731927,90009200
2022-02-24,159.3033447265625,159.41102239990326,148.79014121364656,149.357894860665,141147500
2022-02-25,161.36880493164062,161.6330924831591,157.47284137265066,160.38012393186045,91974200
2022-02-28,161.6331024169922,161.9267702066246,158.99990563300975,159.6166064975814,95056600
2022-03-01,159.753662109375,163.08187242749526,158.54964050687724,161.2219862371019,83474400
2022-03-02,163.04270935058594,163.82581854222389,159.5089420061074,160.9185355637426,79724800
2022-03-03,162.71966552734375,165.34307890598984,162.0540324670775,164.91236813214016,76678400
2022-03-04,159.72425842285156,162.05400359179123,158.67686189722227,161.01639051416453,83737200
2022-03-07,155.9359893798828,161.53519862355543,155.6814703637219,159.91025004561254,96418800
2022-03-08,154.1152801513672,159.44040392728598,152.50991327214726,155.46614292973925,131148300
2022-03-09,159.5089569091797,159.95924959082657,156.04371820337047,158.0699979293642,91454900
2022-03-10,155.1724395751953,157.00294485217566,152.68606995726412,156.8169548095084,105342000
2022-03-11,151.46250915527344,155.91642822664025,151.23737032666907,155.57381332247203,96970100
2022-03-14,147.43931579589844,150.86540543880508,146.93030751756515,148.25179027503273,108732100
2022-03-15,151.81488037109375,152.2847547162285,147.204352250739,147.7133603864597,92964300
2022-03-16,156.2198486328125,156.62119402728206,151.19819175617425,153.73349374971625,102300200
2022-03-17,157.22813415527344,157.60011436017203,154.30128444798586,155.26058530967927,75615400
2022-03-18,160.51715087890625,161.00659213717293,156.38626546421042,157.12042735161046,123511700
2022-03-21,161.8876190185547,162.83713639325782,159.56765695852218,160.05709828830467,95811400
2022-03-22,165.25498962402344,165.84231029999864,161.42755456550663,162.01487524148183,81532000
2022-03-23,166.61563110351562,168.99430889731204,164.1096788423283,164.44251031244588,98062700
2022-03-24,170.3940887451172,170.46260275503545,166.6156015912022,167.44764277770662,90131400
2022-03-25,171.0303497314453,171.5785215356228,169.10195003253148,170.2080920251791,80546200
2022-03-28,171.8917999267578,172.0190445148475,168.36781639958284,168.53422465828777,90371900
2022-03-29,175.18087768554688,175.22980987775352,172.61619451618012,172.95880948102644,100589400
2022-03-30,174.0159912109375,175.81713189197046,172.9685794955082,174.77951856347462,92633200
2022-03-31,170.9227294921875,174.27050693821633,170.71715752826566,174.0845168128981,103049300
2022-04-01,170.62901306152344,171.18698327855927,168.30906622272897,170.35492714540266,78751300
2022-04-04,174.6717987060547,174.72074581921223,170.75626863844195,170.88352814533914,76468400
2022-04-05,171.3632049560547,174.53479031608524,170.73672061862993,173.7516811601631,73401800
2022-04-06,168.201416015625,169.9634078617043,166.537318414103,168.7202226513366,89058800
2022-04-07,168.50485229492188,169.69909027693134,166.26321768469555,167.5455515170426,77594700
2022-04-08,166.49815368652344,168.15246782773184,165.62694868711696,168.15246782773184,76575500
2022-04-11,162.2498016357422,165.4605355802755,162.00508096962494,165.14730089465874,72246700
2022-04-12,164.1194610595703,166.28278325109693,163.1209966207163,164.47185939466212,79265200
2022-04-13,166.8016357421875,167.42812018403677,163.2483010667056,163.85520366883756,70618900
2022-04-14,161.79949951171875,167.65322825491936,161.55477886000992,167.01694559853848,75329400
2022-04-18,161.58416748046875,163.08185675186522,160.11584349387897,160.45844346214486,69023900
2022-04-19,163.86492919921875,164.2760730051198,160.4486387361769,161.53519893963082,67723800
2022-04-20,163.69850158691406,165.31366652875272,162.59237461814482,165.1961904824443,67929800
2022-04-21,162.90565490722656,167.90774603308134,162.4064301142371,165.34307817395856,87227800
2022-04-22,158.3734130859375,164.32502122927878,158.08954369720692,162.94480808191494,84882400
2022-04-25,159.4404296875,159.72429911751857,155.11376965466397,157.71758646013552,96046400
2022-04-26,153.4888153076172,158.91181906878418,153.4105028966986,158.82372320771267,95623200
2022-04-27,153.26368713378906,156.41567600749497,152.0988142121799,152.61762090114706,88063200
2022-04-28,160.18434143066406,161.0457628626786,155.57379800357486,155.88704759214835,130216800
2022-04-29,154.32086181640625,162.6903124384376,153.9293146853147,158.42238298865084,131747600
2022-05-02,154.62429809570312,154.88858563658798,150.0333364297974,153.40069487713816,123055300
2022-05-03,156.11221313476562,157.31624964341847,153.01895506893698,154.81029731534235,88966500
2022-05-04,162.51406860351562,162.96434616624182,155.89681367917365,156.29815906862675,108256500
2022-05-05,153.4594268798828,160.61505617925764,151.6778534074066,160.38991736716943,130525300
2022-05-06,154.18484497070312,156.30234136161945,151.14584468974874,152.9398334410661,116124600
2022-05-09,149.06761169433594,152.76342612282588,148.5088364921623,151.88112823098254,131577900
2022-05-10,151.46939086914062,153.6555174482576,149.92048190900607,152.45952464307157,115366700
2022-05-11,143.61700439453125,152.39087300235883,142.9405806152843,150.47925033829725,142689800
2022-05-12,139.75454711914062,143.32291464808353,136.06854586723028,139.9604210928437,182602000
2022-05-13,144.21505737304688,145.18558078004793,140.29377243593296,141.74464367428092,113990900
2022-05-16,142.6758575439453,144.6169031565104,141.34262089221127,142.6856703236639,86643800
2022-05-17,146.30308532714844,146.82265416778552,143.79345144967377,145.93055862687706,78336300
2022-05-18,138.0487823486328,144.46007380411618,137.14687404841018,143.96011558077154,109742900
2022-05-19,134.64707946777344,138.87226008655338,133.91183880440775,137.12729010884627,136095600
2022-05-20,134.88232421875,137.9311222550243,130.00033122355916,136.3528052981394,137426100
2022-05-23,140.29373168945312,140.44077384848245,134.94117272312687,135.07841705772444,117726300
2022-05-24,137.5978240966797,139.1761411372566,134.62745335548652,138.0389654521871,104132700
2022-05-25,137.7546844482422,138.99968110716551,135.61757730341805,135.70580258630076,92482700
2022-05-26,140.95053100585938,141.49950829001511,134.44120114221013,134.68628135538745,90601500
2022-05-27,146.6952362060547,146.7344424649416,142.40142537012454,142.52887188890233,90978500
2022-05-31,145.91094970703125,147.69514080945274,143.9503080341332,146.1364342695409,103718400
2022-06-01,145.78353881835938,148.75391017683245,144.773794451972,146.95010821381516,74286600
2022-06-02,148.2343292236328,148.2931460840145,143.96992734384497,144.9208398093746,72348100
2022-06-03,142.51905822753906,145.05808578629097,141.6171647882395,144.0091352358549,88570300
2022-06-06,143.2640838623047,145.6462712304333,142.0484806619193,144.13656879270374,71598400
2022-06-07,145.78353881835938,146.06782531945106,141.26425852389363,141.50933876771822,67808200
2022-06-08,145.04827880859375,146.9206802540853,144.55811838609154,145.6560729457736,53950200
2022-06-09,139.8329315185547,145.03843157570358,139.7250956528781,144.18555742985592,69473000
2022-06-10,134.43138122558594,137.98993516430295,134.3627515970909,137.51938542071767,91437900
2022-06-13,129.2847442626953,132.53940235521404,128.85340060932865,130.2552525242583,122207100
2022-06-14,130.14739990234375,131.25516732822615,128.89259032192393,130.5101288143863,84784300
2022-06-15,132.76487731933594,134.63729418113485,129.55923814253225,131.64731188113106,91533000
2022-06-16,127.50051879882812,129.78466802101963,126.50058741056863,129.48077097128098,108123900
2022-06-17,128.9710235595703,130.4611156124141,127.25546187351353,127.5103548974603,134520300
2022-06-21,133.19619750976562,134.36278178825876,130.69639115129178,130.79441426737327,81000500
2022-06-22,132.68641662597656,135.04897821391006,131.2747523831488,132.1374244527046,73409200
2022-06-23,135.54896545410156,135.8626603415122,132.9609190593017,134.12750324123766,72433800
2022-06-24,138.87225341796875,139.117333627322,137.01944763359853,137.1468791706762,89116800
2022-06-27,138.87225341796875,140.66624234545563,138.19582964679236,139.89178050713437,70207900
2022-06-28,134.7353057861328,140.59762053174873,134.61767206581916,139.3330131628478,67083400
2022-06-29,136.49008178710938,137.90174634957765,133.98046254650382,134.75492447437682,66242400
2022-06-30,134.0294647216797,135.64698810352084,131.1375212724895,134.5490335635321,98964500
2022-07-01,136.1959686279297,136.3038045198631,132.9903302157903,133.36284196732555,71051600
2022-07-05,138.77420043945312,138.82321946775843,134.23531066321448,135.05879144662464,73353800
2022-07-06,140.10745239257812,141.28383440664965,138.30366564043456,138.56835645511603,74064300
2022-07-07,143.46998596191406,143.66604717243726,140.4603932776671,140.47019110271424,66253700
2022-07-08,144.14637756347656,144.64635079248632,142.1465295229667,142.40140757015126,64547800
2022-07-11,142.0190887451172,143.7542609845207,140.95054251842944,142.80334848304327,63141600
2022-07-12,142.98960876464844,145.52863633565593,142.19555121961218,142.89157069008422,77588800
2022-07-13,142.6268768310547,143.5679764107693,139.32318560371215,140.1760748610569,71185600
2022-07-14,145.54823303222656,146.0187828364424,140.43095716603992,141.24462523992875,78140700
2022-07-15,147.21473693847656,147.89116051933223,145.2835042354701,146.83241251779788,76259900
2022-07-18,144.17579650878906,148.58724039251226,143.81306761767442,147.77357228115997,81420900
2022-07-19,148.02845764160156,148.25392726287154,144.01894870347078,145.0090674390563,82982400
2022-07-20,150.02830505371094,150.6949310490213,147.41085002655058,148.14609070693865,64823400
2022-07-21,152.29286193847656,152.50853373902038,148.94996398855773,151.45958316742,65086600
2022-07-22,151.05764770507812,153.20455292364784,150.3910366563313,152.33206789895848,66675400
2022-07-25,149.9400634765625,151.9889303599999,149.28325033510924,150.97920113195147,53623900
2022-07-26,148.61666870117188,150.07733740905365,147.8324089141252,149.26366918886245,55138700
2022-07-27,153.7045135498047,154.2338952339947,149.1656377708993,149.5773707705413,78620700
2022-07-28,154.25347900390625,154.53776544520662,151.37133354934207,153.89075014754778,81378700
2022-07-29,159.3119659423828,160.4099356728857,156.36120501340108,158.06696899861157,101786900
2022-08-01,158.33160400390625,160.37067302404677,157.72380990621818,157.84144361325252,67829400
2022-08-02,156.86114501953125,159.21392420256825,156.48863324172908,156.94938527079637,59907000
2022-08-03,162.86073303222656,163.31167231688755,157.58660124880873,157.67482654904526,82507500
2022-08-04,162.54698181152344,163.8998292386339,161.19413438441296,162.7430429706028,55474100
2022-08-05,162.3212127685547,162.81205403488926,160.01425282506756,160.22041274781424,56697000
2022-08-08,161.84999084472656,164.7361398246356,161.19226535966965,163.32251461167718,60276900
2022-08-09,161.8991241455078,162.78264764526216,160.25971568153318,161.0156156250441,63135500
2022-08-10,166.1399688720703,166.23812814464867,163.8428202002786,164.60853143111325,70170500
2022-08-11,165.40370178222656,167.85790820975464,165.10919401506573,166.9449356294848,57149200
2022-08-12,168.94760131835938,169.01631131920942,166.2970460032489,166.70936592550703,68039400
2022-08-15,170.01763916015625,170.21397271578905,168.2113464814704,168.37823075272277,54091700
2022-08-16,169.8605499267578,170.52810192661653,168.51564947224608,169.61512926108554,56377100
2022-08-17,171.35267639160156,172.92335934005538,169.4089493149704,169.60528281111644,79542000
2022-08-18,170.9600372314453,171.69629926083016,169.9489052427666,170.56737014082248,62290100
2022-08-19,168.37818908691406,170.5575254675204,168.1720291679761,169.8605242913159,70346300
2022-08-22,164.5005645751953,166.74861119438174,164.07843325743647,166.58172694573366,69026800
2022-08-23,164.16677856445312,165.6196796113523,163.5974008535258,164.0195321647684,54147100
2022-08-24,164.4612579345703,165.03063554714507,163.20470561002094,164.25511301062056,53841500
2022-08-25,166.91551208496094,167.0234977835924,165.26629230145085,165.68840868200775,51218200
2022-08-26,160.6228790283203,167.91678748247466,160.56398047750997,167.44558409670634,78961000
2022-08-29,158.42393493652344,159.91608162954805,156.89251255304256,158.19813716461735,73314000
2022-08-30,155.99917602539062,159.58231130465205,154.8309714061125,159.16019500251252,77906200
2022-08-31,154.3401336669922,157.63858767600124,154.2615972644816,157.3735291899389,87991100
2022-09-01,155.06658935546875,155.5181549609377,151.83684522830168,153.77076113952282,74229900
2022-09-02,152.9559783935547,157.4226376540656,152.13136852434044,156.82381061062185,76957800
2022-09-06,151.6993865966797,154.2124912520568,150.8747769402501,153.60385293125665,73714800
2022-09-07,153.10325622558594,153.80024262585093,150.79629565165916,151.98413843168527,87449600
2022-09-08,151.6306915283203,153.49588236025656,149.88328282837716,151.80738719524012,84923800
2022-09-09,154.48739624023438,154.92916542303703,151.91539245059826,152.62220516793604,68028800
2022-09-12,160.43638610839844,161.25118449428555,156.38204700518378,156.66672837890903,104956000
2022-09-13,151.02203369140625,157.5993035102858,150.5606417135221,156.97102730327344,122656600
2022-09-14,152.4651336669922,154.22235404144755,150.79627611743592,151.95465448242936,87965400
2022-09-15,149.57896423339844,152.39640331677907,148.6071081028978,151.81719923234522,90481100
2022-09-16,147.93954467773438,148.5776472684102,145.65222273370736,148.44021232229758,162278800
2022-09-19,151.6503143310547,151.7288507316376,146.36887246061372,146.57501740526791,81474200
2022-09-20,154.02597045898438,155.1843635395565,150.2759512881002,150.59008188296497,107689800
2022-09-21,150.90423583984375,155.83228620825895,150.78643873263653,154.45792171393398,101696800
2022-09-22,149.94223022460938,151.6405372059972,148.1457489754599,149.58882383167358,86652500
2022-09-23,147.6745147705078,148.69547312127722,145.83877299693037,148.4206031759059,96029900
2022-09-26,148.0082550048828,150.95330211261015,146.8989491342679,146.91858697585232,93339400
2022-09-27,148.9801788330078,151.88596656060932,147.20333533190674,149.94223877822546,84442700
2022-09-28,147.09530639648438,147.8806554147203,142.18689375661808,144.93560783080054,146691400
2022-09-29,139.87014770507812,144.0324877695267,138.10311583907216,143.42384928540386,128138200
2022-09-30,135.6685333251953,140.4787870882612,135.47219979960417,138.69211755301987,124925300
2022-10-03,139.84068298339844,140.44933637961338,135.1678792129988,135.67835835777296,114311700
2022-10-04,143.42385864257812,143.54165578156733,141.61755096209856,142.37345088895668,87830100
2022-10-05,143.71832275390625,144.6803824609242,140.39041942925496,141.43101553965928,79471000
2022-10-06,142.76608276367188,144.8374334955695,142.5599378213271,143.13912691743977,68402200
2022-10-07,137.52389526367188,140.47876912027488,136.89561907456743,139.9290143479333,85925600
2022-10-10,137.84788513183594,139.29095992216133,136.03178109548642,137.84788513183594,74899000
2022-10-11,136.4342498779297,138.76084793369003,135.68817645989057,137.33739611427865,77033700
2022-10-12,135.8059539794922,137.78895683135124,135.6292583188671,136.58149154588781,70433700
2022-10-13,140.3708038330078,140.9598044199806,131.90868942611982,132.5173428390662,113224000
2022-10-14,135.84524536132812,141.87277603175662,135.65872326737428,141.66661609125816,88598000
2022-10-17,139.80142211914062,140.282437004532,137.7006219624551,138.48597103526853,85250900
2022-10-18,141.1168670654297,144.0128276023933,138.03438444661543,142.82500010106065,99136600
2022-10-19,141.224853515625,142.2948839097448,138.9080820775627,139.09460416043055,61758300
2022-10-20,140.76351928710938,143.2177266915009,140.03706850286392,140.40030138463325,64522000
2022-10-21,144.57240295410156,145.1417806685085,140.03701908535325,140.25299045906925,86548600
2022-10-24,146.71246337890625,147.47817461798252,143.3256613631015,144.49386606815804,75981900
2022-10-25,149.54953002929688,149.69679141311283,146.62411995147127,147.34074408565283,74732300
2022-10-26,146.61428833007812,149.20592954793565,145.32827166402765,148.19479776463467,88194300
2022-10-27,142.1476593017578,146.3198108162611,141.48993368404496,145.35776595535313,109180200
2022-10-28,152.8872528076172,154.61500878306214,145.11232844918345,145.4853576495381,164762400
2022-10-31,150.5312042236328,151.4147275390832,149.13721674827332,150.35450854811523,97943200
2022-11-01,147.89048767089844,152.60256746450293,146.39834080336652,152.23934967138234,80379300
2022-11-02,142.3734130859375,149.38262560122348,142.34396380900958,146.22160672381153,93604600
2022-11-03,136.33607482910156,140.18426855678922,136.20845130657773,139.45781809061094,97918500
2022-11-04,136.0706024169922,140.28900066971147,132.13735779737468,139.71867839937045,140814800
2022-11-07,136.6015625,136.827719829141,133.40580174577732,134.82177198830993,83374600
2022-11-08,137.17189025878906,139.06967336647747,135.19544046730184,138.06670690734794,89908500
2022-11-09,132.619140625,136.23773265765962,132.34381476431366,136.18856411022261,74917800
2022-11-10,144.41891479492188,144.41891479492188,137.17191586897493,138.88288280173376,118854000
2022-11-11,147.20166015625,147.50648417895965,141.96061049585242,143.38642351170455,93979700
2022-11-14,145.8053436279297,147.77196548965426,144.9695233350431,146.4838305708861,73374100
2022-11-15,147.53599548339844,151.02675299903876,146.0806992107757,149.67962155098414,89868300
2022-11-16,146.3068389892578,147.36881668355312,144.83187247009243,146.6411761367448,64218300
2022-11-17,148.20462036132812,148.95193124541828,143.71088233685353,143.98620818910433,80389400
2022-11-18,148.76515197753906,150.1516244369956,147.46718893347042,149.7681336507777,74829600
2022-11-21,145.5398406982422,147.86045501907074,145.25468713947097,147.65396813268248,58724100
2022-11-22,147.6736602783203,147.909660354169,144.47789906303868,145.65788443814483,51804100
2022-11-23,148.548828125,149.29613922514196,146.84768896962234,146.95585380028717,58301400
2022-11-25,145.63819885253906,146.3953525551104,144.66471552066162,145.8348580598712,35195900
2022-11-28,141.81314086914062,144.19275214587688,140.98716307142482,142.7177853624681,69246000
2022-11-29,138.81402587890625,142.39327767480953,138.007718580844,141.8819517027843,83763800
2022-11-30,145.55953979492188,146.23802684928043,138.2043770255708,139.04018245155586,111380900
2022-12-01,145.83486938476562,146.64119170281938,144.16324348642758,145.73654727553216,71250400
2022-12-02,145.3432159423828,145.53004745802465,143.2192602974079,143.5240993516398,65447400
2022-12-05,144.18289184570312,148.40128929094377,143.3372438141924,145.30386574755366,68826400
2022-12-06,140.52499389648438,144.8417290558683,139.55151049910586,144.61557170242608,64727200
2022-12-07,138.587890625,140.97732977170875,137.663575645007,139.817029693259,69721100
2022-12-08,140.26931762695312,141.12480845757423,138.7451974772698,139.9841640195035,62128300
2022-12-09,139.78750610351562,143.14060047218985,138.54852454565471,139.96449489513216,76097000
2022-12-12,142.07858276367188,142.08841047017535,138.70581892060486,140.31844803096612,70462700
2022-12-13,143.04226684570312,147.4671667934874,141.83279839446703,147.00500937638787,93886200
2022-12-14,140.8199920654297,144.21241242784126,138.80420126905452,142.92427726159215,82291200
2022-12-15,134.22198486328125,139.43353745953314,133.7598273780729,138.75505030022137,98931900
2022-12-16,132.2651824951172,135.35277902524194,131.4982009688156,134.4088086870883,160156900
2022-12-19,130.160888671875,132.94366095306307,129.12842399506934,132.85516655290323,79592600
2022-12-20,130.0920867919922,131.02622951755586,127.72230297983688,129.19726991624464,77432800
2022-12-21,133.18946838378906,134.52677190815584,130.53453175568677,130.76068907847488,85928000
2022-12-22,130.02322387695312,132.31434056379908,128.12544063659777,132.10785363301125,77852100
2022-12-23,129.65939331054688,130.21004508793624,127.47644161865645,128.73507853958517,63814900
2022-12-27,127.85990905761719,129.21688283652927,126.5717742404217,129.1873847112601,69007800
2022-12-28,123.93653106689453,128.84325132058044,123.76936998157427,127.50594763388183,85438400
2022-12-29,127.44694519042969,128.30242099857716,125.59832312588058,125.8539785961876,75703700
2022-12-30,127.7615966796875,127.78126710171549,125.30332657301084,126.26697469654857,77034200
2023-01-03,122.98273468017578,128.7154334235932,122.09775307676175,128.10578526507297,112117500
2023-01-04,124.25118255615234,126.51280092971427,122.9925456360047,124.77233620258212,89113600
2023-01-05,122.93355560302734,125.63766124201173,122.67790010774006,125.00834271164995,80962700
2023-01-06,127.45675659179688,128.11557310740474,122.80570014344461,123.90701107409377,87754700
2023-01-09,127.97791290283203,131.18351617146814,127.72225745979352,128.29257960577254,70790800
2023-01-10,128.54824829101562,129.06940194282927,125.98180587179891,128.08609090104719,63896200
2023-01-11,131.26217651367188,131.28183192855658,128.28274570808514,129.0595547117696,69458900
2023-01-12,131.1835174560547,132.0193227611732,129.24639368399414,131.64567480294028,71379600
2023-01-13,132.51100158691406,132.6683349676498,129.46274610687883,129.8265664212103,57809700
2023-01-17,133.67129516601562,134.99875596810472,131.8915047175872,132.5798193932039,63646600
2023-01-18,132.95347595214844,136.29672707490226,132.776472184589,134.5366071318126,69672800
2023-01-19,133.01251220703125,133.9761529962307,131.5375453850544,131.84236946093412,58280400
2023-01-20,135.56907653808594,135.71658218378784,131.97999755468973,133.02230476612493,80223600
2023-01-23,138.75502014160156,140.92814412125819,135.59858513124948,135.81491475833332,81760300
2023-01-24,140.15133666992188,140.77082749424633,137.95855701188813,137.96838472187488,66435100
2023-01-25,139.4925079345703,140.0529874380773,136.49340619294276,138.53869500355867,65799300
2023-01-26,141.55746459960938,141.8426182007582,139.53183124401355,140.78064047196506,54105100
2023-01-27,143.49456787109375,144.77287517943125,140.69214050710963,140.77080718806803,70555800
2023-01-30,140.61351013183594,143.12095684480488,140.4660194445421,142.540806802597,64015300
2023-01-31,141.88197326660156,141.93114182979278,139.90552306108117,140.31851198443744,65874500
2023-02-01,143.00291442871094,144.16322923439725,138.96152054070433,141.56728874190614,77663600
2023-02-02,148.30296325683594,148.65694079146772,145.69718026187857,146.4149930473278,118339000
2023-02-03,151.9215545654297,154.75349514117664,145.36287177724367,145.5595309829737,154357300
2023-02-06,149.19775390625,150.5448999991755,148.2636115818144,150.02374643909673,69858300
2023-02-07,152.06903076171875,152.63935290701122,148.12595929659778,148.12595929659778,83322600
2023-02-08,149.38461303710938,152.0002240332312,148.64712974900903,151.31190929849808,64120100
2023-02-09,148.35214233398438,151.75440537570756,147.9096553354024,151.213581264491,56007100
2023-02-10,148.71652221679688,149.04151212756338,146.95371454850684,147.19007494553122,57450700
2023-02-13,151.51341247558594,151.91717418893083,148.62790397291747,148.65744714640496,62199000
2023-02-14,150.87326049804688,151.43461079325414,148.56880303013764,149.8096612758476,61707600
2023-02-15,152.97093200683594,153.13834833360136,150.55814431502776,150.7846469892343,65573800
2023-02-16,151.3755340576172,153.95573796607766,151.02100096105386,151.17855953849067,68167900
2023-02-17,150.23312377929688,150.6762863218937,148.55894582557343,150.03616431892533,59144100
2023-02-21,146.22494506835938,149.00212332766463,146.15601601247863,147.91882364629484,58867200
2023-02-22,146.6483917236328,147.67258982358598,144.92497033349784,146.60899081957194,51011300
2023-02-23,147.1309356689453,148.05666153497864,145.00375275195816,147.81045848665238,48394200
2023-02-24,144.48184204101562,144.9545478123535,143.50687229977612,144.87576101262292,55469600
2023-02-27,145.6734619140625,146.90447752822308,145.21059884097443,145.46665970602933,44998500
2023-02-28,145.1711883544922,146.81582313308783,144.5999954030627,144.81665531660641,50547000
2023-03-01,143.1030731201172,144.99391093566584,142.80762642427203,144.59999202590106,55479000
2023-03-02,143.6939697265625,144.48182259076125,141.71448733904464,142.18720807379,52238100
2023-03-03,148.73622131347656,148.81500811176437,145.09241829817535,145.79162671403117,70732300
2023-03-06,151.4936981201172,153.92618602775224,151.1293223291666,151.4542972077173,87558000
2023-03-07,149.29757690429688,151.69066400049135,148.83471383986452,151.36567408118486,56182000
2023-03-08,150.54827880859375,151.13917230662574,149.52408044265695,150.48919246419973,47204800
2023-03-09,148.30288696289062,152.19289270805663,147.9483539187185,151.22778082054958,53833600
2023-03-10,146.24465942382812,148.64760438030467,145.3681768808884,147.92869544727571,68572400
2023-03-13,148.1847686767578,150.81421679148337,145.45683328087654,145.56516327932812,84457100
2023-03-14,150.27252197265625,151.07021762009597,147.82034869008896,148.98242012042218,73695900
2023-03-15,150.66647338867188,150.92251923505987,147.64309172837056,148.89380784086057,77167900
2023-03-16,153.48304748535156,154.0837837636838,149.33697988783769,149.84908663995225,76161100
2023-03-17,152.6459197998047,154.35949876084172,151.93685367986137,153.70951897971963,98944600
2023-03-20,155.00949096679688,155.42312546588803,151.80885014610277,152.71489092530072,73641400
2023-03-21,156.86094665527344,156.97911935630492,154.16255477435743,154.93072241220443,73938300
2023-03-22,155.43295288085938,159.67749219321786,155.41325242402124,156.88062840402722,75701800
2023-03-23,156.51626586914062,159.0964852077447,155.28525006751315,156.41779362123944,67622100
2023-03-24,157.81617736816406,157.90480687220796,155.45263376473136,156.44728881765926,59196500
2023-03-27,155.87608337402344,158.32827131215595,155.47230674076903,157.51087533277843,52390300
2023-03-28,155.25564575195312,156.08289946543738,153.61101109186916,155.57079288605044,45992200
2023-03-29,158.3282928466797,158.60403911493316,156.92986104995282,156.94954647836764,51305700
2023-03-30,159.8941650390625,160.0024950198449,158.8207229739758,159.07676882534926,49501700
2023-03-31,162.39556884765625,162.49405610459849,159.45098920585787,159.97293860815142,68749800
2023-04-03,163.64627075195312,163.76444342844442,161.725889623748,161.7751332479675,56976200
2023-04-04,163.11448669433594,164.30610131295074,162.60238002597387,164.06975594835677,46278300
2023-04-05,161.27285766601562,162.54327395468036,159.3426339632527,162.23798454444034,51511700
2023-04-06,162.15921020507812,162.45465692468338,159.5396056660462,159.96306777674639,45390100
2023-04-10,159.56915283203125,159.56915283203125,157.64877164706385,158.96841666370352,47716900
2023-04-11,158.35784912109375,159.89415417908276,158.07224508795338,159.88431146406083,47644200
2023-04-12,157.66845703125,159.59868074602483,157.35330987869057,158.77144201112134,50133100
2023-04-13,163.04551696777344,163.28187732223762,158.96839477228292,159.17521196081944,68445600
2023-04-14,162.70086669921875,163.794009087704,161.33197803499354,162.09027277975596,49386500
2023-04-17,162.72055053710938,162.8781241294329,161.53877864877254,162.5826774005875,41516200
2023-04-18,163.94171142578125,164.86743742961687,163.13415809407996,163.57733566867122,49923000
2023-04-19,165.08409118652344,165.60604050503213,163.0258220523767,163.28188286850465,47720200
2023-04-20,164.11900329589844,165.3204757933169,163.04556123695718,163.56751067945328,52456400
2023-04-21,162.51377868652344,163.9220534848416,161.9918292131701,162.54332186221907,58337300
2023-04-24,162.8190460205078,163.0849495926161,161.40091367199096,162.49405610505224,41949600
2023-04-25,161.28273010253906,163.78414697340926,161.24332919160244,162.68116189989732,48714100
2023-04-26,161.27285766601562,162.76977657727082,160.32744626830737,160.58349205788602,45498800
2023-04-27,165.85227966308594,165.99999552987848,162.68118215487013,162.68118215487013,64902300
2023-04-28,167.10296630859375,167.27039764589344,165.33031595199535,165.93105213681218,55275900
2023-05-01,167.01431274414062,167.86125191507637,166.07874407354768,166.70902333840385,52472900
2023-05-02,165.9802703857422,167.76279339985444,164.99545801480568,167.50673256610264,48425700
2023-05-03,164.90682983398438,168.32412999077732,164.62124085601573,166.9256982160475,65136000
2023-05-04,163.27206420898438,164.50307988258416,161.81454585901537,162.38573893481126,81235400
2023-05-05,170.93386840820312,171.65277713876873,168.16653337978053,168.38319327562917,113453200
2023-05-08,170.86492919921875,171.2096195052504,169.49604074216262,169.86041647416434,55962800
2023-05-09,169.16123962402344,170.9043468501181,168.993823309898,170.42179836441701,45326900
2023-05-10,170.92404174804688,171.38690478906514,169.28924951921832,170.39224965147537,53724500
2023-05-11,171.1111297607422,171.93836845064925,169.55512459046415,171.20961699732078,49514700
2023-05-12,170.18414306640625,171.6535334613317,168.63584185680983,171.2196142676148,45533100
2023-05-15,169.69105529785156,170.81529363826058,169.09934457223466,170.76598190315437,37266700
2023-05-16,169.69105529785156,170.74625419954612,169.42478396654107,169.61215953124739,42110300
2023-05-17,170.302490234375,170.53916250241704,168.06386972955488,169.3360433616003,57951600
2023-05-18,172.62986755371094,172.81724313624747,170.19401507639674,170.60820660461047,65496700
2023-05-19,172.73834228515625,173.9513327998332,172.5213826746833,173.9513327998332,55809500
2023-05-22,171.79161071777344,172.2945693897219,171.05197977463047,171.57465110395842,43570900
2023-05-23,169.1881103515625,170.9829553293692,168.9119826700276,170.7364116817252,50747300
2023-05-24,169.4642333984375,170.03621645106807,168.16249079935005,168.7246024757336,45143500
2023-05-25,170.59835815429688,171.49576564962197,169.31632809947834,170.02637505144457,56058300
2023-05-26,173.0045928955078,173.3399036765556,170.7166757800904,170.92377905521317,54835000
2023-05-30,174.84873962402344,176.5153769153671,174.12883646161984,174.51344390978926,55964400
2023-05-31,174.79946899414062,176.8704419237823,174.31623796446905,174.87836477742368,99625300
2023-06-01,177.60018920898438,177.62977324467488,174.4838737017158,175.24323239604442,68901800
2023-06-02,178.4482879638672,179.2668146743205,176.78165050926717,178.52718373632618,61996900
2023-06-05,177.0972442626953,182.3929972823034,175.57852688511534,180.10507993454968,121946500
2023-06-06,176.73236083984375,177.62976831057978,174.97695616659206,177.4818481362361,64848400
2023-06-07,175.36155700683594,178.7046879636189,174.86846975629078,175.97298038220674,61944600
2023-06-08,178.0735626220703,178.33981894141047,175.0065588784877,175.44046308150416,50214900
2023-06-09,178.4581756591797,179.71060666093933,178.13273621096323,178.99070336218668,48900000
2023-06-12,181.2490234375,181.34764691680866,178.468018885392,178.7638742754878,54274900
2023-06-13,180.7756805419922,181.60406367252176,179.91771337450308,180.27273686584886,54929100
2023-06-14,181.40679931640625,181.84071851135664,179.50348972235338,180.83481629104696,57462900
2023-06-15,183.43833923339844,183.94129793003785,181.23917400121888,181.4166932611595,65433200
2023-06-16,182.3634033203125,184.40479194393566,181.72239585614398,184.14837692000424,101256200
2023-06-20,182.45216369628906,183.52710548415504,181.86046794433722,181.86046794433722,49799100
2023-06-21,181.41668701171875,182.84663717983523,180.0656175699355,182.34367850052172,49515700
2023-06-22,184.41464233398438,184.46395407144706,181.1306792503188,181.19971869233248,51245300
2023-06-23,184.09906005859375,184.96689848868263,182.45215034536935,182.98469303577104,53117000
2023-06-26,182.70855712890625,185.45012108460458,182.66910172140945,184.24698696904443,48088700
2023-06-27,185.4600067138672,185.78544616190248,183.10304984582174,183.32000947784528,50730800
2023-06-28,186.633544921875,187.27455239917202,185.00636283468697,185.33178721386028,51216800
2023-06-29,186.96884155273438,187.4422162021352,186.32783407243755,186.4658979165552,46347300
2023-06-30,191.28829956054688,191.79124321876165,188.61575961709715,188.98065447297634,85213200
2023-07-03,189.79916381835938,191.19952989799955,189.10882958307744,191.10090642215079,31458200
2023-07-05,188.68478393554688,190.311965971159,187.98459336367247,188.92147125163748,46920300
2023-07-06,189.15817260742188,189.36527592182694,186.58425595947688,187.21540718494302,45094300
2023-07-07,188.04376220703125,190.0062550438309,187.60985803081866,188.7636804868427,46815000
2023-07-10,186.0023956298828,187.36332142042107,184.4540942539423,186.6434031135775,59922200
2023-07-11,185.479736328125,186.68287064614393,184.02020200954667,186.54480679233018,46638100
2023-07-12,187.14637756347656,189.04968751691854,185.86434744027207,187.05761040387253,60750200
2023-07-13,187.90570068359375,188.54672319895087,187.15621340871894,187.8662603208446,41342300
2023-07-14,188.05361938476562,188.53683526319492,187.00827681367923,187.59997248992855,41616200
2023-07-17,191.3080291748047,191.6334686208352,189.1581605746784,189.2469126832782,50520200
2023-07-18,191.0515899658203,191.64330071063998,189.75970372238763,190.6768538720752,48288200
2023-07-19,192.40267944335938,195.48939585264796,189.9865395225249,190.4303301514657,80507300
2023-07-20,190.4598846435547,193.7537038386121,189.83858989767532,192.39277822300156,59581200
2023-07-21,189.286376953125,192.2744851317762,188.58618628535973,191.41651794617295,71951700
2023-07-24,190.0851593017578,192.21530010696893,189.59207198839397,190.73603816687742,45377800
2023-07-25,190.943115234375,191.75178560391285,190.2527960456413,190.65713123041024,37283200
2023-07-26,191.8109588623047,192.9351972994816,190.64728006234532,190.99243214213982,47471900
2023-07-27,190.5486602783203,194.47363103189025,189.8879250921341,193.3099522093675,47460200
2023-07-28,193.12255859375,193.91150122150714,191.45592124266818,191.9785925358936,48291400
2023-07-31,193.73399353027344,193.77344894031904,192.56044337061044,193.34938604539337,38824100
2023-08-01,192.9055938720703,194.0101044929012,192.58015448246934,193.52688862020202,35175100
2023-08-02,189.91751098632812,192.48155598125388,189.19760772385698,192.3434921357412,50389300
2023-08-03,188.52700805664062,189.71041463976601,188.0536484329567,188.92148694956984,61235200
2023-08-04,179.47390747070312,184.78938756590674,179.4048680308995,182.95510234495143,115956800
2023-08-07,176.37730407714844,180.59812946369578,174.89804242164368,179.6119550266926,97576100
2023-08-08,177.31419372558594,177.77769698523286,175.12488493894773,177.205713919119,67823000
2023-08-09,175.72645568847656,178.42856448196,174.56276182695083,178.3693964131728,60378500
2023-08-10,175.50949096679688,178.25105509162734,175.14461118800062,176.99860916334498,54686900
2023-08-11,175.56875610351562,176.38838822312198,174.34425781198718,175.10464195853916,52036700
2023-08-14,177.2178955078125,177.44501774834183,175.09474782272636,175.74650562753334,43675600
2023-08-15,175.23300170898438,177.23763842738072,174.8380051896738,176.64514364841483,43622600
2023-08-16,174.36402893066406,176.30940286172734,174.2948962433497,174.91703015656563,46964900
2023-08-17,171.8260955810547,175.29223725703497,171.31258808782235,174.9268647491592,66062900
2023-08-18,172.3099822998047,172.91236175457905,169.81159252872837,170.14734105941557,61172200
2023-08-21,173.64312744140625,173.92951274494206,171.56937297444222,172.88275833759562,46311900
2023-08-22,175.01576232910156,175.46013721394584,174.04801023595033,174.8478880423005,42038900
2023-08-23,178.8571319580078,179.28176749229362,176.1019960768648,176.28962468028294,52722800
2023-08-24,174.17637634277344,178.8374075605793,173.8109887437673,178.41277199096436,54945800
2023-08-25,176.37847900390625,176.91172570988553,173.62334339807447,175.1638506244018,51449600
2023-08-28,177.9387664794922,178.33376298082638,176.31925671498092,177.8400098200833,43820700
2023-08-29,181.81968688964844,182.589940732724,177.25741180863895,177.45491008950265,53003900
2023-08-30,185.3055419921875,185.50305529692773,182.43191025327192,182.62940848986258,60813900
2023-08-31,185.52279663085938,186.75717945843076,185.1376697913831,185.49317264844964,60794500
2023-09-01,187.0929412841797,187.54718572230075,185.92767607044595,187.1225652663115,45766500
2023-09-05,187.32992553710938,187.60642607121574,185.26604116890505,185.92766852324166,45280000
2023-09-06,180.62478637695312,186.4905763861184,179.20277485131902,186.04618648324464,81755800
2023-09-07,175.34164428710938,175.98353252575788,171.37186410651492,172.99137409505227,112488800
2023-09-08,175.953857421875,177.9881329660241,175.56873058484743,176.121746745329,65551300
2023-09-11,177.11915588378906,178.0474143493556,175.12438865362392,177.82029208697838,58953100
2023-09-12,174.09738159179688,177.8795329175836,172.63587633671216,177.2475294233725,90370200
2023-09-13,172.03347778320312,175.08486860955094,171.8063404869434,174.30473020059844,84267900
2023-09-14,173.5443572998047,173.89986015970092,171.4113401404273,171.82609096561458,60895800
2023-09-15,172.82347106933594,174.29486087176767,171.6483512368518,174.27510652680778,109259500
2023-09-18,175.7465057373047,177.13889330258442,173.96899129951683,174.27511585610648,67257600
2023-09-19,176.832763671875,177.38576479928514,174.91699900323943,175.30212586469654,51826900
2023-09-20,173.29750061035156,177.45489404541186,173.20861358406935,177.0203888259045,58436200
2023-09-21,171.75697326660156,174.09737357666756,171.68785565712008,172.36923745366522,63149100
2023-09-22,172.60623168945312,174.8676297137013,171.87548661966315,172.48773574692532,56725400
2023-09-25,173.88009643554688,174.75897636563758,171.97420160197885,172.02357992644104,46172700
2023-09-26,169.8115997314453,173.01111068359924,169.51534481079926,172.63586851438868,64588900
2023-09-27,168.30072021484375,170.87811270067803,166.93797153448685,170.46336179203436,66921800
2023-09-28,168.55747985839844,169.8807348967939,165.52582779726043,167.2243401117975,56294400
2023-09-29,169.0709991455078,170.9077618887565,168.2118582205317,169.87087702160497,51861100
2023-10-02,171.5792236328125,172.12235512412923,168.79444856905252,169.0808338409062,52164500
2023-10-03,170.24609375,171.46073744550782,168.6858469308082,170.1078434596355,49594600
2023-10-04,171.49032592773438,172.03345733749015,168.83393190668662,168.95242782585208,53020300
2023-10-05,172.72471618652344,173.25796291419545,170.5225664715738,171.61869897615148,48527900
2023-10-06,175.27249145507812,175.76624458491796,171.016326818613,171.6285909459562,57266700
2023-10-09,176.75375366210938,176.81300162773064,173.60360623261292,174.60098214625398,42390800
2023-10-10,176.16123962402344,177.4746247468579,175.72673446240606,175.87486944103904,43698000
2023-10-11,177.5536346435547,177.60301297187604,175.3811238107674,175.9736185461729,47551100
2023-10-12,178.4522705078125,180.06189553412176,176.80312172309905,177.82026707710477,56743100
2023-10-13,176.6155242919922,179.65703072033497,175.91438812346496,179.15340788479125,51427100
2023-10-16,176.4871368408203,176.84263973108403,174.3047411678942,174.54174811745375,52517000
2023-10-17,174.93673706054688,176.19087429527403,172.61610626933813,174.44298390478113,57549400
2023-10-18,173.64312744140625,175.36139405816417,172.92225196490105,173.38638119353993,54764400
2023-10-19,173.26783752441406,175.6180919396984,173.00120664203897,173.84057783744473,59302900
2023-10-20,170.7200927734375,173.22835212793277,170.4830858385587,173.11972583296543,64244000
2023-10-23,170.83860778808594,171.8359838309846,167.80695589693704,168.77472302133776,55980100
2023-10-24,171.27310180664062,171.50022404547477,169.30795876796012,170.88797493724758,43816600
2023-10-25,168.96234130859375,170.89784530264086,168.51795139973865,169.73259505065448,57157000
2023-10-26,164.804931640625,169.2388405091802,163.600172706508,168.2414494672427,70625300
2023-10-27,166.11831665039062,166.8490767618186,164.7456834493569,164.82468576422622,58499100
2023-10-30,168.1624298095703,169.0314401165317,166.7601727667049,166.90830774256386,51131000
2023-10-31,168.63645935058594,168.76482492650203,165.80230595130433,167.23420217717043,44846000
2023-11-01,171.79649353027344,172.05323977559237,167.9945877763323,168.86359824995364,56934900
2023-11-02,175.35150146484375,175.5588693503195,173.26786256268767,173.32711052996643,77334800
2023-11-03,174.4429931640625,174.61088250590672,171.18423421755685,172.06311427874405,79829200
2023-11-06,176.99072265625,177.18822087218612,174.008464938874,174.1763391758271,63841300
2023-11-07,179.5484161376953,180.1606652677133,176.7340169447808,176.94138484513783,70530000
2023-11-08,180.6050567626953,181.15805797213443,179.32129534469576,180.07180990163698,49340300
2023-11-09,180.1310272216797,181.81965455110011,179.53851741631973,180.67415869856794,53763500
2023-11-10,184.31365966796875,184.48177017271385,181.47578777634308,181.91086536697577,66133400
2023-11-13,182.7315673828125,183.94779597294095,182.1481747757102,183.74015491726047,43627500
2023-11-14,185.34207153320312,186.004570716613,184.21483163951993,185.59915603948022,60108400
2023-11-15,185.9056396484375,187.3789678351275,185.67821821290843,185.74744196041772,53790500
2023-11-16,187.586669921875,188.82267924718175,186.53852134009114,187.44823748096084,54412900
2023-11-17,187.56686401367188,188.24914348244,186.4594046371221,188.12059370194675,50922700
2023-11-20,189.30715942382812,189.7620174322178,187.75473976876387,187.76462241033667,46505100
2023-11-21,188.5062255859375,189.37638084971888,187.61630503925363,189.2676114417462,38134500
2023-11-22,189.16871643066406,190.77057938008178,188.6940931656517,189.3467095850447,39617700
2023-11-24,187.8437042236328,188.76328767363577,187.13176183550132,188.733624664797,24048300
2023-11-27,187.6657257080078,188.53588093642713,186.78568783853885,187.79427548166112,40552600
2023-11-28,188.26889038085938,188.9412871423915,187.28008315178343,187.6558347269926,38415400
2023-11-29,187.2504425048828,189.93999969621768,186.85492560121705,188.76331653900834,43014200
2023-11-30,187.82391357421875,188.18978247653794,186.0836184362666,187.71514418509676,48794400
2023-12-01,189.09950256347656,189.4159130354433,187.11199034893104,188.1996843513192,45704800
2023-12-04,187.30975341796875,187.92282418358675,185.35191925319242,187.85360043262926,43389500
2023-12-05,191.25511169433594,192.22413865175915,188.05137051787239,188.08104861869373,66628400
2023-12-06,190.16744995117188,192.5801273781731,189.95979375458376,192.2735994925461,41089700
2023-12-07,192.09559631347656,192.81742141001197,191.42319951100376,191.46276025185608,47477700
2023-12-08,193.51947021484375,193.79633503305183,191.50229501018384,192.0263616366492,53406400
2023-12-11,191.0177764892578,191.32431940935732,189.2774811684409,190.94856782781682,60943700
2023-12-12,192.5306854248047,192.54056806660662,189.57414602172835,190.9189246189266,52696900
2023-12-13,195.74427795410156,195.78382360297798,192.6690869899489,192.90639105920806,70404200
2023-12-14,195.89259338378906,197.38568681182426,193.96442237725344,195.80360435764135,66831600
2023-12-15,195.35865783691406,196.17935458626624,194.79503045579114,195.3190970971854,128538400
2023-12-18,193.69747924804688,194.42920214917604,192.21426816132805,193.89523770867535,55751900
2023-12-19,194.7357177734375,194.7456004150459,193.69746706046115,193.96444926391277,40714100
2023-12-20,192.6493377685547,195.46742966263125,192.6493377685547,194.69616113684165,52242800
2023-12-21,192.5009765625,194.8741228719849,191.33419132020353,193.9050960501454,46482500
2023-12-22,191.43309020996094,193.22282892375426,190.81013681243016,192.9953923922105,37149600
2023-12-26,190.88926696777344,191.71986154255086,190.67172813799795,191.44299668429173,28919300
2023-12-27,190.9881134033203,191.3342019743918,188.9511728919884,190.33551208827305,48087700
2023-12-28,191.413330078125,192.4812438348005,191.00791544042355,191.96705978425237,34049900
2023-12-29,190.3750762939453,192.2241411947973,189.5840274029703,191.72973752393827,42672100
2024-01-02,183.5622100830078,186.3308738952772,181.83179708633995,185.05530386559408,82488700
2024-01-03,182.187744140625,183.79950485996184,181.37691491631995,182.15808112880916,58414500
2024-01-04,179.87393188476562,181.04071720671112,178.85546161628733,180.11123597031312,71983600
2024-01-05,179.152099609375,180.7144169560074,178.15340966673114,179.95304619735901,62379700
2024-01-08,183.48309326171875,183.52265400582175,179.46853775144191,180.05193047893468,59144500
2024-01-09,183.06776428222656,183.0776469225398,180.68473531069785,181.86141829199212,42841800
2024-01-10,184.10604858398438,184.31368968460146,181.86145160567418,182.28664662503843,46792900
2024-01-11,183.51275634765625,184.9564217479187,181.56480461990643,184.45212033242825,49128400
2024-01-12,183.83908081054688,184.6499101684802,183.11725559073133,183.9775132511691,40477800
2024-01-16,181.57469177246094,182.1976301200088,178.90489995610474,180.12114381484557,65603000
2024-01-17,180.6353302001953,180.88253205239923,178.28197882705663,179.2411232206481,47317400
2024-01-18,186.5187225341797,187.02300881659582,183.75005912545993,184.0071435872404,78005800
2024-01-19,189.41590881347656,189.80154302609114,186.7065866846462,187.21087293560348,68903000
2024-01-22,191.71983337402344,193.14371820043874,190.1080727596782,190.14763349819026,60133900
2024-01-23,192.99542236328125,193.55904982724218,191.66054141727486,192.83722464512005,42355600
2024-01-24,192.32302856445312,194.18199120084623,192.16481576816378,193.23272951111284,53631300
2024-01-25,191.9967041015625,194.07320538533628,190.9485708187439,193.0349547434494,54822100
2024-01-26,190.26629638671875,192.58010181757646,189.7916731135176,192.09559590318426,44594000
2024-01-29,189.58399963378906,190.04874022336423,187.45807019569023,189.86086444187634,47145600
2024-01-30,185.93531799316406,189.65324309628332,185.37170567810733,188.80286821503816,55859400
2024-01-31,182.33609008789062,185.00588230760198,182.28666178515888,184.9465411859158,55467800
2024-02-01,184.76853942871094,184.85752846784007,181.76257176566293,181.93066720224104,64885400
2024-02-02,183.76983642578125,185.2332669548565,177.24370243482153,177.84687547061628,102551700
2024-02-05,185.579345703125,187.1317803970082,183.75994390321247,186.0440863383638,69668800
2024-02-06,187.1812286376953,187.19111127921153,184.67954732588265,184.76853636353553,43490800
2024-02-07,187.2899932861328,188.91163664571195,186.49894443287428,188.50622203381667,53439000
2024-02-08,186.2122039794922,187.418535043408,185.2530596605407,187.27021997882892,40962000
2024-02-09,186.97454833984375,188.10322646586073,186.13298359451971,186.77652244170517,45155200
2024-02-12,185.2914276123047,186.79633688725167,184.93500212895557,186.54881961012742,41781900
2024-02-13,183.20237731933594,184.36077144619387,181.68757282391297,183.92513863049606,56529500
2024-02-14,182.32119750976562,183.68749754312392,180.6281880058035,183.47959151637605,54630500
2024-02-15,182.0341033935547,182.65785175424014,179.54903541760635,181.727184392981,65434500
2024-02-16,180.49949645996094,183.0142804515248,179.86585283584154,181.5984737728991,49752500
2024-02-20,179.7569122314453,180.61826736487214,178.21240712023044,179.984623854957,53665600
2024-02-21,180.5093994140625,181.0737309260645,178.86588113831095,180.13316833455778,41371400
2024-02-22,182.53903198242188,183.1231842228548,180.64801151557128,181.65787110291916,52292200
2024-02-23,180.7073974609375,183.20236045475278,180.4202689919066,183.1726595934398,45119700
2024-02-26,179.3609161376953,180.9450175834942,178.85597124394113,180.43019254491847,40867400
2024-02-27,180.81631469726562,182.09349711935678,177.77679547469845,179.30151026553332,54318900
2024-02-28,179.61831665039062,181.30143093346823,178.34113428414614,180.69748823755316,48953900
2024-02-29,178.95497131347656,180.75690414056305,177.74708592784262,179.46981142225187,136682600
2024-03-01,177.87582397460938,178.7371792855814,175.61846756104012,177.76691576574171,73563100
2024-03-04,173.36109924316406,175.14321147352493,172.06409607852763,174.4006596751229,81510100
2024-03-05,168.4305419921875,170.33147275577412,167.93550746706842,169.0641855800497,95132400
2024-03-06,167.44049072265625,169.53944760498507,167.00485787713032,169.3612273012443,68587700
2024-03-07,167.32167053222656,169.0344857697736,166.81674075207243,167.47017484778516,71765100
2024-03-08,169.0345001220703,171.97500667784078,167.2622830078253,167.3216847390924,76267000
2024-03-11,171.034423828125,172.64824117092596,170.34137853305091,171.22253935977105,60139500
2024-03-12,171.50965881347656,172.3017170819102,169.31170429451927,171.43045147590772,59825400
2024-03-13,169.43051147460938,171.4700511814422,169.0641756745517,171.05422401757613,52488700
2024-03-14,171.28195190429688,172.57893998999515,170.34138929390355,171.19284931228447,72913500
2024-03-15,170.90573120117188,170.90573120117188,168.5988682774061,169.47013396047814,121752700
2024-03-18,171.99481201171875,175.94519331439105,171.79680120539754,173.82644596151624,75604200
2024-03-19,174.33135986328125,174.85609525037736,171.31164624406932,172.6086342803731,55215200
2024-03-20,176.89564514160156,176.89564514160156,173.35119593354977,173.97494430389506,53423100
2024-03-21,169.6681365966797,175.72736975318543,169.14340118299,175.29173693263047,106181300
2024-03-22,170.56910705566406,171.33146450930536,168.37115239719608,170.05426688241553,71160100
2024-03-25,169.15330505371094,170.2324767040703,167.76719930445816,168.87608692531137,54288300
2024-03-26,168.02464294433594,169.71765273934344,167.89592911986227,168.3117563520967,57388400
2024-03-27,171.58885192871094,171.87598039200594,168.42063422483255,168.7176579392829,60273300
2024-03-28,169.7770233154297,170.51957504542207,168.8166552027259,170.04434616825796,65672700
2024-04-01,168.34144592285156,169.54933141950085,167.79690490268092,169.48992969134684,46240500
2024-04-02,167.16326904296875,167.65830361021796,166.55932626663449,167.40089107386055,49329500
2024-04-03,167.9652099609375,168.98497988400436,166.90584392266877,167.11374996517486,47691700
2024-04-04,167.14346313476562,170.21266810452119,167.14346313476562,168.59885072968464,53704400
2024-04-05,167.8959197998047,168.69787335368648,167.2721714324497,167.90581505219322,42104800
2024-04-08,166.77713012695312,167.51968192191484,166.5692240844266,167.3513719945941,37425500
2024-04-09,167.98501586914062,168.39094781013864,166.67813256359855,167.02464767080627,42373800
2024-04-10,166.11380004882812,167.41078821247058,165.45045553411236,167.1236748074244,49709300
2024-04-11,173.30166625976562,173.71750852250418,166.49000200344838,166.6682071669761,91070300
2024-04-12,174.7967071533203,176.58872985356905,172.47994902506244,172.52944039553972,101670900
2024-04-15,170.97503662109375,174.8759113224836,170.7869210734751,173.61851932570818,73531800
2024-04-16,167.69789123535156,172.03438316124112,166.59891404642835,170.0443499195711,73711200
2024-04-17,166.3316192626953,168.95529649982927,166.3316192626953,167.92563121825307,50901200
2024-04-18,165.3811492919922,166.96526602396756,164.896025062108,166.36132321946832,43122900
2024-04-19,163.36138916015625,164.74747975255278,162.45052746983075,164.559379327856,68149400
2024-04-22,164.19305419921875,165.59895049362888,163.1336881290828,163.87623994630854,48116400
2024-04-23,165.24252319335938,165.39104261951863,163.28219064755024,163.70792820716713,49537800
2024-04-24,167.3414764404297,167.6186945681344,164.55938480415762,164.88609429896647,48251800
2024-04-25,168.20281982421875,168.91567070440144,166.48009434590165,167.84639438412742,50558300
2024-04-26,167.6186981201172,169.63843239437367,167.49987955768663,168.19293999888993,44838400
2024-04-29,171.77696228027344,174.2818355072499,171.38094074443057,171.64824848286057,68169400
2024-04-30,168.6384735107422,173.2521991943247,168.31174889120035,171.60868084411632,65934800
2024-05-01,167.6186981201172,170.99483730573115,167.43058257791944,167.8959162536964,50383100
2024-05-02,171.3116455078125,171.69777183075684,169.19289835753364,170.79680537480178,94214900
2024-05-03,181.5588836669922,185.14292911827533,180.84603267784937,184.7963988764884,163224100
2024-05-06,179.90545654296875,182.3707188474722,178.62825898838415,180.53910014061182,78569700
2024-05-07,180.5885772705078,183.0637497391675,179.5193160584302,181.62815272879564,77305800
2024-05-08,180.9252166748047,181.25194126160505,179.64801918938014,181.0341248704048,45057100
2024-05-09,182.73704528808594,182.82614787366472,180.3014688648197,180.74699689996783,48983000
2024-05-10,181.47796630859375,183.50044009541958,180.56586910059414,183.31206939842306,50759500
2024-05-13,184.68019104003906,185.4931559868038,183.03444380225457,183.84740874901934,72044800
2024-05-14,185.82032775878906,186.68286641073877,184.69011878206607,185.89964252722956,52393600
2024-05-15,188.09068298339844,189.01268886802714,185.76085876781028,186.2962297111884,70400000
2024-05-16,188.2096405029297,189.458829238671,188.03119361367854,188.83423487080034,52845200
2024-05-17,188.2393798828125,189.1713095252472,187.55530322495105,187.8824709799172,41282900
2024-05-20,189.3993377685547,190.2717851507536,187.38677266186554,187.70403175639103,44361300
2024-05-21,190.69810485839844,191.07483113273048,189.2803778274553,189.44891605266244,42309400
2024-05-22,189.26052856445312,191.16405275409193,188.63594934473116,190.61877317517173,34648500
2024-05-23,185.2750701904297,189.35968258649532,185.02721720275102,189.3398501117122,51005900
2024-05-24,188.3484344482422,188.94328765804346,186.42509288132968,187.19840810516956,36327000
2024-05-28,188.3583526611328,191.34249703943843,187.47599667367734,189.86528785982966,52280100
2024-05-29,188.65577697753906,190.59895109353056,187.8824768517226,187.98162409974876,53068000
2024-05-30,189.64718627929688,190.52954231443272,188.99286588586446,189.12173915319045,49889100
2024-05-31,190.59893798828125,190.9161970579539,188.2790377703441,189.79589676882185,75158300
2024-06-03,192.36366271972656,193.31542486412093,190.86663609575578,191.24336235629542,50080500
2024-06-04,192.680908203125,193.64257895328527,191.37223723797064,192.96841099700254,47471400
2024-06-05,194.18785095214844,195.20900403542353,193.19643901671662,193.72188613227584,54156800
2024-06-06,192.80979919433594,194.8124556459051,192.5024638984892,194.0094143560484,41181800
2024-06-07,195.19911193847656,195.2486855650071,192.47272888451312,192.978343568532,53103900
2024-06-10,191.4614715576172,195.60558138834554,190.49980075281104,195.20900753042525,97010200
2024-06-11,205.37098693847656,205.38091074009856,191.96710777388114,191.98692512163242,172373300
2024-06-12,211.24012756347656,218.30888368086454,205.1231032111954,205.5890679852297,198134300
2024-06-13,212.40008544921875,214.88852380834695,209.782758705521,212.8957913864929,97862700
2024-06-14,210.6651153564453,213.32209192759066,209.48533280144244,212.01343611534222,70122700
2024-06-17,214.8092041015625,217.06962191331422,210.89313031273133,211.53754196526575,93728300
2024-06-18,212.44964599609375,216.7523850703462,211.17073132176122,215.7213082393038,79943300
2024-06-20,207.8792266845703,212.40007736780652,207.0563681724187,212.0927269910851,86172500
2024-06-21,205.70806884765625,210.07027533194446,205.33132746963062,208.58315742215362,241805100
2024-06-24,206.3524932861328,210.87332959032133,204.8158016590104,205.93610206103614,80727000
2024-06-25,207.27452087402344,209.56468024841507,206.8184646829133,207.35382052419757,55549700
2024-06-26,211.41859436035156,213.01476817493463,208.8310086144187,209.68362348048936,66213200
2024-06-27,212.2613067626953,213.88722177256454,210.5263358320774,212.8462361886446,49772700
2024-06-28,208.8111572265625,214.21436386520998,208.49391330369318,213.91693728719588,82542700
2024-07-01,214.88853454589844,215.64200216221636,210.10001313722785,210.26855134899324,60402900
2024-07-02,218.3782958984375,218.48735180877674,213.2526983679821,214.293668724795,58046200
2024-07-03,219.64730834960938,219.64730834960938,217.14894613859082,218.11061688690268,37369800
2024-07-05,224.3961639404297,224.5052198536283,219.7464397478406,219.7464397478406,60412400
2024-07-08,225.86349487304688,225.89323602358715,221.33273465594922,225.1397532025748,59085900
2024-07-09,226.716064453125,227.42988222637766,224.4259054004998,225.9725055332989,48076100
2024-07-10,230.97915649414062,231.0783037422216,227.28119408246098,227.3307677065015,62627700
2024-07-11,225.61561584472656,230.39421338925845,223.83107137940016,229.40280147827102,64710600
2024-07-12,228.56011962890625,230.64209091466597,226.71609267309665,226.95403700304678,53046500
2024-07-15,232.38697814941406,235.19267606238645,231.08823078613918,234.44911702590872,62631300
2024-07-16,232.80335998535156,234.24090427881208,230.33473879844306,232.98180687397965,43234300
2024-07-17,226.91436767578125,229.47221227385296,224.69359950369105,227.47946461019197,57345900
2024-07-18,222.25473022460938,228.46097889584826,220.36114484151935,228.3023493485251,66034600
2024-07-19,222.3836212158203,224.85224251867803,221.36246807560826,222.88925101284036,49151500
2024-07-22,222.03663635253906,225.82382229500527,221.17409763275575,225.06043082550624,48201800
2024-07-23,223.07760620117188,224.9910392063895,220.7676144514488,222.44310313331528,39960300
2024-07-24,216.6631622314453,222.86941075843336,215.26528287042115,222.07627816799848,61777600
2024-07-25,215.6221923828125,218.95333716975932,212.77682977395946,217.04981289629316,51391200
2024-07-26,216.08815002441406,217.6050090608147,214.15488466672127,216.8217851678197,41601300
2024-07-29,216.36575317382812,217.41664743865044,213.8971319294418,215.09674706599597,36311800
2024-07-30,216.9209442138672,218.43780333279796,214.26395224147618,217.3075942808937,41643800
2024-07-31,220.17276000976562,221.89782218872546,218.7352157578384,219.53825698895486,50036300
2024-08-01,216.48472595214844,222.55216258005441,215.15623749650504,222.44310665442717,62501000
2024-08-02,217.9718475341797,223.66255798049997,215.8403177402066,217.26793834308685,105568600
2024-08-05,207.4727783203125,211.66644653820467,194.31673780556494,197.38019703112641,119548600
2024-08-06,205.45028686523438,208.18659343179937,199.34320096724198,203.53686913101606,69660500
2024-08-07,208.01805114746094,211.80523672133984,204.61750047992084,205.12311510057037,63516400
2024-08-08,211.4780731201172,212.36042911915672,207.03655197769595,211.27979376271134,47161100
2024-08-09,214.38291931152344,214.91827509282652,210.1495861717322,210.2784745623819,42201600
2024-08-12,215.9114532470703,217.8767166928247,213.99582080224636,214.46232494953352,38028100
2024-08-13,219.62364196777344,220.23902400333975,217.38044783379533,217.38044783379533,44155300
2024-08-14,220.07028198242188,221.37053243582614,218.06530765715263,218.9288446755302,41960600
2024-08-15,223.04794311523438,223.67326036559285,221.10252008370475,222.92884083716766,46414000
2024-08-16,224.36807250976562,225.14226768918678,221.98592068094572,222.25391598005478,44340200
2024-08-19,224.20924377441406,224.30850577318623,221.3804434072076,224.04051049270504,40687800
2024-08-20,224.8246307373047,225.4797235950926,223.77252016614798,224.09014645304697,30299000
2024-08-21,224.71546936035156,226.28371522001356,223.37552309496598,224.8345868015738,34765500
2024-08-22,222.85939025878906,226.64103964823346,222.23407290784718,226.09512887719345,43695300
2024-08-23,225.15219116210938,226.52192810531062,222.66087229355688,223.98097823318813,38677300
2024-08-26,225.4896697998047,225.58893181224732,222.22415556593285,225.07279660900764,30602200
2024-08-27,226.33334350585938,227.14724957253156,223.21670725505913,224.31844891527626,35934600
2024-08-28,224.8048095703125,228.149730282918,224.00082364270057,226.22416240429726,38052200
2024-08-29,228.08026123046875,231.18697758967758,227.1770435151196,228.38796742499142,51906300
2024-08-30,227.29612731933594,228.68570457235603,225.78743262658827,228.4772755570311,52990800
2024-09-03,221.1124725341797,227.29611365629745,219.52437135882835,226.84946493362216,50190600
2024-09-04,219.20675659179688,220.1298295937355,215.86182100754215,220.01072730838987,43840200
2024-09-05,220.7253875732422,223.80231295165626,219.87178579311316,219.9809679444758,36615400
2024-09-06,219.177001953125,223.56411324365834,218.13481142105056,222.2837029728863,48423000
2024-09-09,219.26632690429688,219.6236489368284,215.09757995493325,219.17700018247805,67180000
2024-09-10,218.47225952148438,219.83206111139577,215.1174037589381,217.29111136152258,51591000
2024-09-11,221.0032958984375,221.43008920211523,216.26878297144034,219.81222755985956,44587100
2024-09-12,221.1124725341797,221.88666769221828,218.18442519080247,220.8444772424724,37455600
2024-09-13,220.84449768066406,222.37303270856336,220.25889118684435,221.9164638014437,36766600
2024-09-16,214.71046447753906,215.6037619118882,212.32831274384958,214.9288136198369,59357400
2024-09-17,215.17698669433594,215.28616885496612,212.9040318988166,214.14473138540643,45519300
2024-09-18,219.0479736328125,221.05294820219595,215.92140190435074,215.93133719300198,59894900
2024-09-19,227.1671142578125,228.1100580083486,222.95867118282095,223.31599325006152,66781300
2024-09-20,226.50205993652344,231.35567496568984,225.9263736470506,228.25889437635817,318679900
2024-09-23,224.7849578857422,227.74278104335218,224.12986496132828,225.64847983003366,54146000
2024-09-24,225.67825317382812,227.64353192764617,224.05045616714196,226.94872814757065,43556100
2024-09-25,224.68568420410156,225.59883710649478,222.35317851779175,223.2563961324406,42308700
2024-09-26,225.8271484375,226.79985253593196,223.73284722402752,225.608784129346,36636700
2024-09-27,226.0950927734375,227.81223139225995,225.60874837392768,226.76012088076428,34026000
2024-09-30,231.266357421875,231.266357421875,227.9412771261621,228.3283747151782,54541900
2024-10-01,224.5269012451172,227.94129335648356,222.0752779583648,227.81227091446172,63285000
2024-10-02,225.0926513671875,225.67825786117984,221.36063294746157,224.2092739820147,32880600
2024-10-03,223.9908905029297,225.12240767637772,221.65838486968212,223.46483520314058,34044200
2024-10-04,225.1125030517578,226.30357145139808,222.46237094034984,226.20430944090455,37245100
2024-10-07,220.04052734375,224.01076551273388,219.68320530273118,222.8296172342201,39505400
2024-10-08,224.0901641845703,224.298593199742,221.58890998571715,222.63110049734397,31855700
2024-10-09,227.8321075439453,228.04055170887608,223.1571606453159,223.554178398676,33591100
2024-10-10,227.3358154296875,227.7923994519787,225.47973405841245,226.0851959438118,28183500
2024-10-11,225.85691833496094,227.70307961960657,225.6484741750507,227.5938974682738,31759200
2024-10-14,229.5790252685547,230.00581860221664,226.89911753216435,226.99836439928595,39882100
2024-10-15,232.11004638671875,235.7229623804217,230.6410474142004,231.87182665313995,64751400
2024-10-16,230.055419921875,230.39288648800354,228.1298522341637,229.87676649695567,34082200
2024-10-17,230.4226837158203,232.11004699556463,228.8048220166126,231.69315867439417,32993800
2024-10-18,233.25148010253906,234.4226930307779,232.26884075534687,234.4226930307779,46431500
2024-10-21,234.720458984375,235.08771628667242,232.7055644739604,232.7055644739604,36254500
2024-10-22,234.10508728027344,234.4624093106695,230.86934872103873,232.14974382855843,38846600
2024-10-23,229.0430145263672,233.3904297884605,226.06533615950997,232.33831918874512,52287000
2024-10-24,228.8544464111328,229.10258628095696,226.71051430099084,228.26882480795348,31109500
2024-10-25,229.68820190429688,231.484732210271,227.86189602437614,228.03062932515897,38802300
2024-10-28,231.66336059570312,232.983466430484,230.8196941830456,231.58396917060392,36087100
2024-10-29,231.93138122558594,232.5864741436605,230.59143496071306,231.36563017470797,35417200
2024-10-30,228.38795471191406,231.73287549326048,227.8420439394486,230.8792736886572,47070900
2024-10-31,224.2291259765625,228.11995749798112,223.69313535160188,227.63359787833264,64370100
2024-11-01,221.25143432617188,223.67328184782377,218.6310779402587,219.32586653780092,65276700
2024-11-04,220.35813903808594,221.13233427123137,218.07526420177624,219.34573920720757,44944500
2024-11-05,221.78741455078125,222.28369429475046,219.49460455688452,220.14969745378525,28111300
2024-11-06,221.06283569335938,224.38791581537038,219.54422098922427,220.95365355112233,54561100
2024-11-07,225.78741455078125,226.18444740932767,222.8990781242877,222.95862926675593,42137700
2024-11-08,225.51914978027344,227.20835428792034,224.9726384261151,225.72780810336752,38328800
2024-11-11,222.80645751953125,224.26712634517858,220.0937933412938,223.5715733715174,42005600
2024-11-12,222.80645751953125,224.15782408060912,221.94198562097503,223.1244332571579,40398300
2024-11-13,223.69082641601562,225.2111120360391,221.34580821096,222.58787261698694,48566200
2024-11-14,226.77114868164062,227.41701609796436,223.57158960851197,223.59146688403666,44923900
2024-11-15,223.57159423828125,225.47940335635096,222.8462328667566,224.96270031544069,47923700
2024-11-18,226.5724334716797,228.28151537171908,223.74052045447314,223.82001439888424,44633700
2024-11-19,226.8307647705078,228.6988344551977,225.22105418122663,225.53901477922054,36211800
2024-11-20,227.5461883544922,228.47027695087482,224.45593165289552,226.61215353970658,35169600
2024-11-21,227.0692596435547,228.6988476019872,224.27710117470866,227.42697481306035,42108300
2024-11-22,228.41065979003906,229.25526960886552,226.6121530455377,226.6121530455377,38168300
2024-11-25,231.39161682128906,231.7692092379923,228.28149797848934,229.99057974831032,90152800
2024-11-26,233.56773376464844,234.07450576495518,231.8487208075284,231.8487208075284,45986200
2024-11-27,233.43853759765625,234.1937224347506,232.32565277909848,232.9814664022851,33498400
2024-11-29,235.82330322265625,236.3002516789311,232.48463370489634,233.3192972938568,28481400
2024-12-02,238.06895446777344,239.26133321145704,235.654388648958,235.76369091824088,48137100
2024-12-03,241.1095428466797,241.21884512379424,237.38334952948236,238.2875760799829,38861000
2024-12-04,241.4672393798828,242.5602620666903,239.71841824290905,241.32812877991805,44383900
2024-12-05,241.49705505371094,242.98753231090083,240.59284370740727,242.4410361127995,40033900
2024-12-06,241.29832458496094,243.0769692456264,240.5431549096241,241.36788746709487,36870600
2024-12-09,245.1835174560547,245.67041216886827,240.21525975684386,240.29475369946152,44649200
2024-12-10,246.19705200195312,246.63426111556626,243.78247081974237,245.3226337747269,36914800
2024-12-11,244.9251708984375,249.20780656351602,244.69662013013263,246.3858398593606,45205800
2024-12-12,246.3858184814453,247.1608653940442,244.1202792424049,245.32260415969785,32777500
2024-12-13,246.55474853515625,247.70737273801882,244.67674782957272,246.24671899982582,33155300
2024-12-16,249.44625854492188,249.78411156803347,246.07778066556844,246.41563368868003,51694800
2024-12-17,251.8707733154297,252.21855739876366,248.19426586582333,248.49236434269267,51356400
2024-12-18,246.4752655029297,252.6657103008961,246.1672359539693,250.55917390522964,56774100
2024-12-19,248.2041778564453,250.40015413338242,245.5213220945425,245.92872280957204,60882300
2024-12-20,252.87437438964844,253.38113119374523,244.13023820234332,246.46531011815415,147495300
2024-12-23,253.6494140625,254.02699130961165,251.84096111600803,253.15258832932108,40858800
2024-12-24,256.560791015625,256.57070690893096,253.66924678278625,253.86798918256417,23234700
2024-12-26,257.3755798339844,258.44874034869076,255.99442012888886,256.55086249805703,27237100
2024-12-27,253.9674072265625,257.05767945175137,251.4534699071419,256.19317709309894,42355300
2024-12-30,250.59890747070312,251.890657464443,249.15811581542044,250.6287158030117,35557500
2024-12-31,248.8302001953125,251.6720440162376,247.84647977817443,250.83738041728796,39480700
2025-01-02,242.30194091796875,247.51861164989126,240.2848294479123,247.34967754084445,55740700
2025-01-03,241.81503295898438,242.62981931594805,240.3543640210219,241.81503295898438,40244100
2025-01-06,243.44464111328125,245.75985115227877,241.65606520741187,242.7590190858713,45045600
2025-01-07,240.67233276367188,243.99112508347835,239.81779188041267,241.43743349025635,40856000
2025-01-08,241.1592254638672,242.1628232218062,238.52605495049286,240.38417847646193,37628900
2025-01-10,235.34637451171875,238.63535869995312,231.5208099984783,238.48630187104285,61710900
2025-01-13,232.91189575195312,233.180185891021,228.26161420500546,232.04742383507855,49630700
2025-01-14,231.79901123046875,234.62097773623856,230.9941559742804,233.2596800887061,39435300
2025-01-15,236.35989379882812,237.4429855317883,232.94172997653553,233.1504034772107,39832000
2025-01-16,226.81088256835938,236.49898454969573,226.58234697208553,235.84318609247865,71759100
2025-01-17,228.5199737548828,230.8153063545454,227.02949646555186,230.6463874145182,68488300
2025-01-21,221.2265625,222.99526090225285,217.98726416864307,222.57792910461188,98070400
2025-01-22,222.40902709960938,222.6971793763667,218.39466636780546,218.39466636780546,64126500
2025-01-23,222.24009704589844,225.58869773276695,220.88873040600683,223.3132424800993,60234800
2025-01-24,221.36569213867188,224.19760513427786,220.00439436057442,223.35299524803202,54697900
2025-01-27,228.40072631835938,230.67618150163648,222.5580508531902,222.5978054024586,94863400
2025-01-28,236.74740600585938,238.66516132615985,229.3447052045828,229.3844597561093,75707600
2025-01-29,237.8404083251953,238.33723404319062,232.52436707787834,232.63366934231402,45486100
2025-01-30,236.08163452148438,239.26131599650066,235.70405729633438,237.15477986216186,55658300
2025-01-31,234.50173950195312,245.62070152543137,231.9579942451269,245.62070152543137,100959800
2025-02-03,226.56248474121094,230.35824094469035,224.2671520837408,228.52992572925916,73063300
2025-02-04,231.3220672607422,231.64997406812495,225.21110156992967,225.80729852188347,45067300
2025-02-05,230.99417114257812,231.19289841511937,226.82083777153602,227.0791817096477,39620300
2025-02-06,231.7394256591797,232.31574540236795,228.96712922491054,229.8216702010973,29925300
2025-02-07,226.18490600585938,232.5144614947352,225.81724462416,231.12335539671392,39707200
2025-02-10,226.45346069335938,229.378010419489,226.00582893863492,228.36338248973718,33115600
2025-02-11,231.3973388671875,233.99362125199642,226.93094812871882,227.000572314181,53718400
2025-02-12,235.625,235.71453849328682,229.4675323792709,229.98480349517558,45243300
2025-02-13,240.26051330566406,241.06625350434595,234.33184765944378,235.66480095549997,53614100
2025-02-14,243.31439208984375,244.25939586817944,239.72336558929686,239.981993568851,40896200
2025-02-18,243.18507385253906,243.8913336127375,240.56889220053384,242.86674847770814,48822500
2025-02-19,243.5829620361328,244.716969605811,241.88195827091008,243.37407429304395,32204200
2025-02-20,244.53790283203125,245.4829065325138,243.00598867544505,243.6525813389452,32316900
2025-02-21,244.25938415527344,247.38287960480025,243.93111682470231,244.6572756706751,53197400
2025-02-24,245.80125427246094,247.55199828948733,243.1353323966777,243.64264638435856,51326400
2025-02-25,245.74156188964844,248.68601093773057,243.62276739789988,246.69652285022872,48013300
2025-02-26,239.09666442871094,243.6923767743236,237.87313357927937,243.04579925662603,44433600
2025-02-27,236.05274963378906,241.1856322165831,235.81400561415145,238.15166004001364,41153600
2025-02-28,240.56887817382812,240.8175641664438,228.9900589647863,235.70458076540925,56833400
2025-03-03,236.77891540527344,242.74737946323825,234.8690087281554,240.51914741730602,47184000
2025-03-04,234.68994140625,238.80819608105105,233.44651142335266,236.46059966619734,53798100
2025-03-05,234.50094604492188,235.30668622205877,228.02515316620742,234.18262069274581,47227600
2025-03-06,234.09310913085938,236.60981025581015,231.93451645578955,233.20778757123546,45170400
2025-03-07,237.81346130371094,240.10136041796665,233.5261018066448,233.87426828677374,46273600
2025-03-10,226.28436279296875,234.91874867921032,223.04150278970278,234.3019970725287,72071200
2025-03-11,219.67926025390625,224.65298022983382,216.30707871737093,222.63365113389432,76137400
2025-03-12,215.83956909179688,220.58450266635003,213.78045671174684,218.98296406915986,62547500
2025-03-13,208.5779266357422,215.70029772842102,207.3245545879158,214.81497612462363,61368300
2025-03-14,212.36788940429688,212.82546311709572,208.47843695256688,210.13965751241793,60107600
2025-03-17,212.875244140625,214.08883319534013,208.86642650497433,212.18886826131668,48073400
2025-03-18,211.57211303710938,214.019174884069,210.3784232206469,213.0343879953175,42432400
2025-03-19,214.10870361328125,217.6101915579757,212.6265295918345,213.0940604852241,54385400
2025-03-20,212.97470092773438,216.3468825511506,211.10457731145533,212.86527847830126,48862900
2025-03-21,217.12277221679688,217.68976839110027,210.16950634984832,210.4480334492585,94127800
2025-03-24,219.56985473632812,220.31591279023903,217.43116105321957,219.83843988574125,44299500
2025-03-25,222.57398986816406,222.92215637067883,218.9232808837126,219.60965673355645,34493600
2025-03-26,220.36563110351562,223.83729303324841,219.31120492080973,222.3352199198642,34466100
2025-03-27,222.67344665527344,223.80745418869535,219.40073045135125,220.22636977863218,37094800
2025-03-28,216.75469970703125,222.63364006926244,216.5358548246797,220.50488863250547,39818600
2025-03-31,220.9624786376953,224.4341253115235,215.09348022110552,215.86937928840504,65299300
2025-04-01,222.0169219970703,222.50433685640354,217.749461617725,218.65468232589998,36412700
2025-04-02,222.71324157714844,224.00641185945875,219.8583310514353,220.15675729790527,35905900
2025-04-03,202.12203979492188,206.39944211542388,200.19223396809613,204.4596791341039,103419000
2025-04-04,187.38987731933594,198.82943318150367,186.3553350717911,192.87091122900438,125910900
2025-04-07,180.50625610351562,193.12954493623218,173.70219548773406,176.26863687444822,160466300
2025-04-08,171.51377868652344,189.3395914266431,168.32065857366717,185.71872345097177,120859500
2025-04-09,197.8048553466797,199.55559936553783,170.98654976711688,171.04623198001363,184395900
2025-04-10,189.4191436767578,193.7562279640405,182.03814529024513,188.07624843340898,121880000
2025-04-11,197.10853576660156,198.49122944739574,185.0820833366806,185.12188160037283,87435900
2025-04-14,201.45555114746094,211.82078139531484,200.10269875392328,210.32866545443895,101352900
2025-04-15,201.0775604248047,202.4403549077855,198.7498630049633,200.7990333068026,51343900
2025-04-16,193.24891662597656,199.64511311117855,191.35889396287376,197.31741584829123,59732400
2025-04-17,195.94467163085938,197.78495412822454,193.39812938355274,196.16351652823,52164700
2025-04-21,192.1447296142578,192.78136508405416,188.81233157759124,192.25415204712533,46742500
2025-04-22,198.690185546875,200.53045296496776,194.93999616163734,195.0892017003565,52976400
2025-04-23,203.52462768554688,206.9067512010516,201.7340854567431,204.9172632087338,52929200
2025-04-24,207.27481079101562,207.73239972806866,201.87335793866913,203.81310578126346,47311000
2025-04-25,208.1800079345703,208.64753879478604,205.11619481641537,205.2852994626612,38222300
2025-04-28,209.0355224609375,210.38837503045187,206.36961558551846,208.89625889548412,38743100
2025-04-29,210.09988403320312,211.12446912484504,207.27479957627347,207.59312493762445,36827600
2025-04-30,211.3831024169922,212.4574277707069,205.5837430092506,208.19992461631293,52286500
2025-05-01,212.19879150390625,213.43226431553572,207.8020097882055,207.98107159612528,57365700
2025-05-02,204.27069091796875,205.9020705063368,201.09745506032002,205.0067917796952,101010600
2025-05-05,197.84463500976562,203.02725796650907,197.1682163705072,202.03251395918386,69018500
2025-05-06,197.46664428710938,199.5953960373684,195.98448530396325,197.16823320230833,51216500
2025-05-07,195.21852111816406,198.3917570874617,192.23428894820486,198.12317194216024,68536700
2025-05-08,196.45199584960938,198.99853803284546,193.65675249053749,196.68078271707188,50478900
2025-05-09,197.4865264892578,199.48595647897335,196.50172445806652,197.95405738682032,36453900
2025-05-12,209.95704650878906,210.435160708662,205.93301745006437,210.13634313336473,63775800
2025-05-13,212.08859252929688,212.55673652410627,208.17412935394688,209.59847136477597,51909300
2025-05-14,211.49098205566406,213.09462076548897,209.74789716231066,211.59057778761635,49325800
2025-05-15,210.6144561767578,212.11849916658366,208.71199985896817,210.11643191755599,45029500
2025-05-16,210.42520141601562,211.73003772257164,208.94109887256835,211.52086084946143,54737900
2025-05-19,207.9550018310547,208.65223273202483,203.45285841572866,207.0884445111699,46140500
2025-05-20,206.04258728027344,207.64622592622177,204.2198167548668,206.84938410987283,42496600
2025-05-21,201.29144287109375,206.2218800326306,199.91690624087693,204.35927415345975,59211800
2025-05-22,200.56431579589844,201.94882252859867,198.91087172706415,199.91689038506837,46742400
2025-05-23,194.49838256835938,196.91877297523902,192.6955373289648,192.9046989896,78432900
2025-05-27,199.4188690185547,199.94677348688452,196.64984031499387,197.51641281084125,56288500
2025-05-28,199.62803649902344,201.9289060786693,199.11008702875665,199.79736291846774,45339700
2025-05-29,199.15989685058594,203.00464471322186,197.72558456215265,202.775557811137,51396800
2025-05-30,200.0563507080078,201.16196516975768,196.00242594876025,198.58218796001185,70819900
2025-06-02,200.90298461914062,201.3312933884623,199.3292261245183,199.4885975362889,35423300
2025-06-03,202.46678161621094,202.96480586317466,200.16591202699755,200.55437033168948,46381600
2025-06-04,202.01853942871094,205.42502305946414,201.30138338029005,202.10818013514051,43604000
2025-06-05,199.8372039794922,203.94091870107042,199.35908978394463,202.69585814733983,55126100
2025-06-06,203.11419677734375,204.8871617909174,201.2515910514923,202.19783403313102,46607700
2025-06-09,200.65396118164062,205.18598475848052,199.22961916524454,203.58234611432158,72862600
2025-06-10,201.869140625,203.54250994980842,199.77744796710627,199.8073282051838,54672600
2025-06-11,197.9945068359375,203.69190510411792,197.62597377823997,202.69585666840098,60989900
2025-06-12,198.41285705566406,198.890956077424,196.58013147350607,198.29333609984755,43904600
2025-06-13,195.67372131347656,199.57822954037988,194.92668495173118,198.94075911963023,51447300
2025-06-16,197.6359405517578,197.90487790098294,195.78328974313985,196.52037110088898,43020700
2025-06-17,194.86691284179688,197.60604600468164,194.43861931524052,196.42074594971083,38856200
2025-06-18,195.80320739746094,196.7893008408277,194.2991796996429,195.16573699325735,45394700
2025-06-20,200.20574951171875,200.90298042554332,196.08210930882012,197.45666110928434,96813500
2025-06-23,200.70376586914062,201.50060768152076,198.17380945321412,200.83325703321927,55814300
2025-06-24,199.50851440429688,202.63610603642124,199.4089034764897,201.78945874554142,54064000
2025-06-25,200.76351928710938,202.8651820841085,199.82723133036671,200.65395335177794,39525700
2025-06-26,200.20574951171875,201.8392684520338,198.67184150130464,200.63404307360597,50799100
2025-06-27,200.2854461669922,202.41698947637084,199.20971189891864,201.09224306842364,73188600
2025-06-30,204.35926818847656,206.570497066428,198.47261792694385,201.21175129212304,91912800
2025-07-01,206.99879455566406,209.35942450018746,205.3254252695324,205.85332972802502,78788900
2025-07-02,211.6005401611328,212.49697770796604,207.31752868499885,208.08449026524102,67941800
2025-07-03,212.70614624023438,213.8017903991559,210.97301649264048,211.31166931275297,34955800
2025-07-07,209.120361328125,215.37554414763466,207.97491173225177,211.8395692407974,50229000
2025-07-08,209.18014526367188,210.59453234535175,207.62631199643187,209.26980118177752,42848900
2025-07-09,210.30567932128906,210.49493096772343,206.40117103180637,208.7020406311003,48749400
2025-07-10,211.57066345214844,212.63642743345136,209.2000631819418,209.67816220166208,44443600
2025-07-11,210.32559204101562,211.29176024279,209.03072603053,209.73792710960444,39765800
2025-07-14,207.79562377929688,210.07658325197187,206.71988962428105,209.10044482334126,38840100
2025-07-15,208.28370666503906,211.05272033528996,208.09445501444372,208.39327261019983,42296300
2025-07-16,209.3295440673828,211.5606828488181,207.8155461810567,209.4689902412225,47490500
2025-07-17,209.19009399414062,210.96305897069354,208.761785269157,209.7379236663323,48068100
2025-07-18,210.3455047607422,210.95309492429405,208.87135730762196,210.0367321724359,48974600
2025-07-21,211.640380859375,214.92734394651046,210.79374875413163,211.26189276464606,51377400
2025-07-22,213.5527801513672,214.1006098348481,211.39135685335447,212.29776458434165,46404100
2025-07-23,213.3037872314453,214.29983576430007,211.5706725113145,214.15043456376964,46989300
2025-07-24,212.91531372070312,214.83769515517375,212.68622683006964,213.05475989741393,46022600
2025-07-25,213.03485107421875,214.38947759784276,212.5567368669443,213.85160291428238,40268800
2025-07-28,213.20419311523438,214.00103498726418,212.21809958876685,213.18426788884761,37858000
2025-07-29,210.43516540527344,213.96117031669576,209.9869466315705,213.33365491441555,51411700
2025-07-30,208.2239227294922,211.55072076453234,206.89917652304968,211.06265157316113,45512500
2025-07-31,206.74978637695312,209.01080544085684,206.3414028602417,207.66614913739534,80698400
2025-08-01,201.58029174804688,212.73603143542957,200.7037642416869,210.03673342752194,104434500
2025-08-04,202.5464630126953,207.0585613783641,200.88304868853191,203.70186769022786,75109300
2025-08-05,202.11814880371094,204.52858421879685,201.36115745633876,202.59624780213056,44155100
2025-08-06,212.40733337402344,214.52892145014,204.77759854868273,204.81744899810374,108483100
2025-08-07,219.16053771972656,219.97730473834642,215.7241736307253,218.01508808955717,90224800
2025-08-08,228.44371032714844,230.08718413442585,218.3836152444713,219.95737356583322,113854000
2025-08-11,226.53909301757812,228.91238364576833,224.12592192869855,227.27701087414155,61806100
2025-08-12,229.0021209716797,230.14888579943394,226.429412881848,227.36674823663387,55626200
2025-08-13,232.6717529296875,234.33703985510917,229.77992501054072,230.4181341091737,69878500
2025-08-14,232.123291015625,234.4566858681212,230.1987431425788,233.39967872378062,51916300
2025-08-15,230.9366455078125,233.6190590405621,228.69299310222902,233.33985018068216,56038700
2025-08-18,230.23863220214844,232.46233685580373,229.46083388892833,231.04634466466607,37476200
2025-08-19,229.90956115722656,232.2130419457167,228.70298322789472,230.62753117126795,39402600
2025-08-20,225.3723907470703,229.81981519856654,225.13307755654054,229.33119207499826,42263900
2025-08-21,224.26553344726562,225.88097364743615,223.14869792378403,225.6316789169631,30621200
2025-08-22,227.11746215820312,228.44371192910324,224.77410085849388,225.53195134940427,42477800
2025-08-25,226.51914978027344,228.6531118971015,225.59176554347297,225.84106025439092,30983100
2025-08-26,228.6630859375,228.84258604761433,224.05612439304167,226.22996704217394,54575100
2025-08-27,229.8397674560547,230.24859923631865,227.6160475796746,227.96506627689797,31259500
2025-08-28,231.9039306640625,232.75153884501827,228.69301327644948,230.16884905542523,38074700
2025-08-29,231.485107421875,232.7216147258446,230.71727541448905,231.85405874294378,39418400
2025-09-02,229.0719451904297,230.19876225122124,226.32970313085187,228.6032698757151,44075600
2025-09-03,237.79725646972656,238.17618932549604,233.69885053091846,236.5408165177042,66427800
2025-09-04,239.10354614257812,239.2232027368954,236.0721290991865,237.77729643117493,47549400
2025-09-05,239.0137939453125,240.63920029193574,237.81718240373485,239.32291694518142,54870400
2025-09-08,237.2089080810547,239.47249309970456,235.67324414176576,238.62490021245955,48999500
2025-09-09,233.68887329101562,238.1063683630383,232.70166073618753,236.33139119913957,66313900
2025-09-10,226.1501922607422,231.76431424305812,225.31256565050364,231.53496736029473,83440800
2025-09-11,229.3810577392578,229.7998710451417,226.010588238333,226.23995033725743,50208600
2025-09-12,233.40966796875,233.84841389514688,228.3739115767776,228.5733443098202,55824200
2025-09-15,236.0322265625,237.5180285002954,234.3669397384463,236.33138325533858,42699500
2025-09-16,237.4781494140625,240.53949594661788,235.65332541334,236.51088466190768,63421100
2025-09-17,238.3157958984375,239.42266510979977,237.05934071942244,238.2958480596019,46508000
2025-09-18,237.2089080810547,240.51953392817583,235.98236714862816,239.2930082114909,44249600
2025-09-19,244.8074188232422,245.60516498271895,239.53234916144805,240.5494606794321,163741300
2025-09-22,255.35755920410156,255.9160073848096,247.42002368458668,247.5995237986898,105517400
2025-09-23,253.71221923828125,256.6140134777918,252.86462630601793,255.15814081026073,60275200
2025-09-24,251.59820556640625,255.01853710208397,250.33178410429736,254.49999981420794,42303700
2025-09-25,256.14532470703125,256.4444966190252,250.99989343760635,252.49566170312627,55202100
2025-09-26,254.73931884765625,256.87328100426123,253.06405044687503,253.38315498635407,46076300
2025-09-29,253.71221923828125,254.28061851263055,252.29622703166862,253.84185736381545,40127700
2025-09-30,253.9116668701172,255.1980209495745,252.39595068950493,254.1410137555297,37704300
2025-10-01,254.72933959960938,258.0599285933123,254.21080232618834,254.32049261064776,48713900
2025-10-02,256.40460205078125,257.45162766856953,253.43299812845933,255.85613542550084,42630200
2025-10-03,257.2920837402344,258.5086431914624,253.23357360959045,253.9515436206674,49155600
2025-10-06,255.96583557128906,258.33912604890287,254.3304629034206,257.2621558739689,44664100
2025-10-07,255.75645446777344,256.6738420114173,254.70939836699205,256.0855101139428,31955800
2025-10-08,257.3320007324219,257.7906945345413,255.38748958216482,255.79633660873378,36496900
2025-10-09,253.32330322265625,257.27213808351553,252.42584836214985,257.08267167133846,38322000
2025-10-10,244.57806396484375,255.6567217403356,243.3116425485481,254.2207817432353,61999100
2025-10-13,246.96133422851562,248.98560621270488,244.86725241658198,248.67648318296307,38142900
2025-10-14,247.07101440429688,248.14796941642882,244.00966795095763,245.90431694508948,35478000
2025-10-15,248.63658142089844,251.10959602979932,246.77186176083558,248.78616738422895,33893600
2025-10-16,246.75192260742188,248.33743345063007,244.43847540742667,247.54966879270205,39777000
2025-10-17,251.5782470703125,252.66518358811555,246.57242016484557,247.3203043073955,49147000
2025-10-20,261.50018310546875,263.63416054313814,254.90884523128253,255.168106265739,90483000
2025-10-21,262.0286560058594,264.5415659974475,261.0913055219307,261.1411827196178,46695900
2025-10-22,257.72088623046875,262.1084670888602,254.70938662410154,261.9090191460537,45015300
2025-10-23,258.84765625,259.8847307097371,257.2821086816683,259.2066564378435,32754900
2025-10-24,262.0785827636719,263.3848847726989,258.4488367256365,260.4531761824355,38253700
2025-10-27,268.0516662597656,268.36078929414754,263.90339825112477,264.13276036080543,44888200
2025-10-28,268.2411193847656,269.12862319727753,267.39351124836816,268.23113785786586,41534800
2025-10-29,268.93914794921875,270.6443152614699,266.35642794866993,268.5203194424725,51086700
2025-10-30,270.63433837890625,273.36662916750566,267.72259312931254,271.2226702585742,69886500
2025-10-31,269.6072692871094,276.53767519933945,268.40069127196034,276.2085891024436,86167100
2025-11-03,268.29095458984375,270.08589475979994,265.49886601188945,269.65711516237894,50194600
2025-11-04,269.2781982421875,270.72408938596277,266.86501191822913,267.5730004152706,49274800
2025-11-05,269.3779296875,270.9335263776032,266.17696342424256,267.8522167164328,43683100
2025-11-06,269.0089416503906,272.6287059365568,267.1342708755924,267.1342708755924,51204000
2025-11-07,267.7126159667969,271.5218466038475,266.0173996929098,269.03885049148494,48227400
2025-11-10,268.93035888671875,273.22240319845355,266.96401085683,268.46122924118225,41312400
2025-11-11,274.73956298828125,275.3983427074405,269.2996575494418,269.3096487524697,46208300
2025-11-12,272.9628601074219,275.2186787593472,271.19615348009904,274.49002155435767,48398000
2025-11-13,272.44384765625,276.1868935731559,271.5854266195937,273.6016697208788,49602800
2025-11-14,271.9048156738281,275.44821996704485,269.10002929321837,270.54732197227213,47431300
2025-11-17,266.9639892578125,269.98836893107386,265.237217022597,268.3214829895084,45018300
2025-11-18,266.9440612792969,270.2079864201871,264.8279974843966,269.48932037088264,45677300
2025-11-19,268.06195068359375,271.7051756343288,265.00762791735707,265.0375710636542,40424500
2025-11-20,265.7562561035156,274.91922505965954,265.42688147061517,270.327749378444,45823600
2025-11-21,270.98651123046875,272.8230952896135,265.17732758833057,265.4568071090486,59030800
2025-11-24,275.4083251953125,276.4863089537433,270.397615191446,270.397615191446,65585800
2025-11-25,276.4563903808594,279.8600705608694,274.73957871594786,274.75953066216096,46914200
2025-11-26,277.0352783203125,279.01161742605893,276.1170014953278,276.44637611579356,33431400
2025-11-28,278.3328857421875,278.4826014787427,275.4781737009374,276.7458380127342,20135600
2025-12-01,282.57501220703125,282.89442609469603,275.62792768573877,277.4944549964911,46587700
2025-12-02,285.6592712402344,286.86701880065203,282.10587559562896,282.47518456741903,53669500
2025-12-03,283.623046875,288.0847586222564,282.77461708045536,285.6692634925469,43538700
2025-12-04,280.179443359375,284.20196835267484,278.07334059490756,283.5731318378766,43989100
2025-12-05,278.26300048828125,280.6186397013617,277.53434330937836,280.01974631085085,47265800
2025-12-08,277.3746643066406,279.15136205700173,275.6378704438954,277.6142094762677,38211800
2025-12-09,276.66595458984375,279.5106752769474,276.40645748061854,277.64414811825674,32193300
2025-12-10,278.26300048828125,279.2312028389952,275.92734368017386,277.23491184461454,33038300
2025-12-11,277.514404296875,279.07150890817053,273.3022288840155,278.5824273392719,33248000
2025-12-12,277.7639465332031,278.70220580092337,276.30666253778065,277.38464634485007,39532900
2025-12-15,273.6016540527344,279.63046152672615,272.33402020742307,279.63046152672615,50409100
2025-12-16,274.1007385253906,274.9891026980292,271.2859911871425,272.3140798989353,37648600
2025-12-17,271.33587646484375,275.6478724530811,271.13626563598973,274.50001118897205,50138700
2025-12-18,271.68524169921875,273.12257373871984,266.4549687260805,273.1025913325419,51630700
2025-12-19,273.1625061035156,274.09077415448866,269.399477884542,271.6453053723066,144632000
2025-12-22,270.4674987792969,273.37210596231955,270.00836035897595,272.3539780142796,36571800
2025-12-23,271.85491943359375,271.99467443806464,269.06012395403746,270.3377490962612,29642000
2025-12-24,273.3022155761719,274.9192064044749,271.69521595033444,271.8349404799371,17910600
2025-12-26,272.8929748535156,274.859322715931,272.35396775197984,273.65157518449314,21521800
2025-12-29,273.2523498535156,273.8512128461511,271.8449608988494,272.1843267483383,23715200
2025-12-30,272.5735778808594,273.5717234473003,271.77507361210075,272.304089543875,22139600
2025-12-31,271.3558349609375,273.17246717497864,271.24605357156486,272.553621806917,27293600
2026-01-02,270.5074157714844,277.32473598417806,268.5011336129586,271.75509761912826,37838100
2026-01-05,266.7643737792969,271.0064921177503,265.6464557026853,270.1381104139889,45647200
2026-01-06,261.8734436035156,267.0538212812338,261.6338984265986,266.504853430471,52352100
2026-01-07,259.8471984863281,263.1909919246956,259.32817380451803,262.71190159101934,48309800
2026-01-08,258.55963134765625,258.80916773471864,255.22581364132833,256.5433578451618,50419300
2026-01-09,258.8890075683594,259.7274461787287,255.74485516422806,258.5995368285105,39997000
2026-01-12,259.76739501953125,260.8154357257053,256.32378048041085,258.6794199598783,45263800
2026-01-13,260.5658874511719,261.3244878277737,257.9108470550362,258.24022168851656,45730800
2026-01-14,259.4779052734375,261.33447181199796,256.23393227813756,259.0087756526009,40019400
2026-01-15,257.73114013671875,260.5559089501236,256.5732877053955,260.1666175851947,39388600
2026-01-16,255.05613708496094,258.41988279267105,254.45724364888233,257.4217372195352,72142800
2026-01-20,246.2425079345703,254.31750190322293,242.9685916985444,252.26132447540706,80267500
2026-01-21,247.1907501220703,251.09350304772093,244.72532928784554,248.23880604127606,54641700
2026-01-22,247.8894500732422,250.53452965267718,247.68980878155546,248.737864640942,39708300
2026-01-23,247.58001708984375,248.94748685874615,244.22624741136653,246.86136630134166,41689000
2026-01-26,254.9363555908203,256.08421686766076,249.336758511775,251.01363570547153,55969200
2026-01-27,257.791015625,261.46421404872183,257.73112933459527,258.68937090303496,49648300
2026-01-28,255.96446228027344,258.3799575946877,254.03803333601454,257.17220993748055,41288000
2026-01-29,257.801025390625,259.16847988830324,253.93820707645818,257.52154586161765,67253000
2026-01-30,258.9988098144531,261.41430490835,251.7123292610244,254.69678984095313,92443400
2026-02-02,269.5093078613281,269.98839826257677,258.7293169184304,259.5478036352127,73913400
2026-02-03,268.98028564453125,271.3758289780004,267.11372779647115,268.70080609664296,64394700
2026-02-04,275.97723388671875,278.432693698261,271.7850411492978,271.7850411492978,90545700
2026-02-05,275.3983459472656,278.98168486317746,272.72332314901723,277.6142303156022,52977400
2026-02-06,277.6042175292969,280.3890519626743,276.4164219647768,276.6060720438839,50453400
2026-02-09,274.3672180175781,277.9439398399519,271.4499228389202,277.6541982366954,44623400
2026-02-10,273.4280700683594,275.11651686144285,272.68876099546605,274.6369782150198,34376900
2026-02-11,275.24639892578125,279.92208361183503,274.1973776592452,274.44714753122867,51931300
2026-02-12,261.4891052246094,275.46621856633783,259.94051360693726,275.3363333447182,81077200
2026-02-13,255.5445556640625,261.9886306947134,255.21485759663088,261.7688319830923,56290700
2026-02-17,263.6371154785156,266.0449008431299,255.30478047881587,257.8124646511843,58469100
2026-02-18,264.106689453125,266.57441720150126,262.20844437502524,263.35737977838915,34203300
2026-02-19,260.3401184082031,264.2365527856389,259.81060750150084,262.35827847824623,30845300
2026-02-20,264.3364562988281,264.5063132392292,257.9223826043077,258.73163460792017,42070500
2026-02-23,265.9349670410156,269.1819753311392,263.13755670993424,263.24744081710827,37308200
2026-02-24,271.8895263671875,274.6369951599546,267.46358073991865,267.61343657617186,47014600
2026-02-25,273.97760009765625,274.6869380517792,270.8005039088116,271.5298429675081,33714300
2026-02-26,272.6987609863281,275.8558253670768,270.55071567552415,274.6969199809464,32345100
2026-02-27,263.93682861328125,272.5588900215503,262.6480379442022,272.5588900215503,72366500
2026-03-02,264.476318359375,266.2846497598317,259.960490133898,262.16844722421786,41827900
2026-03-03,263.5072326660156,265.31556422164516,259.8905695547566,263.23749216234586,38568900
2026-03-04,262.2783508300781,265.9050144519466,261.179387723623,264.4063951364299,39803100
2026-03-05,260.0504150390625,261.3192350446657,257.01320478174756,260.54995479568396,49658600
2026-03-06,257.2229919433594,258.53178361058343,254.13584003818684,258.39192833924307,41120000
2026-03-09,259.6407775878906,260.9095975388004,253.44647267699952,255.45463216869055,38218500
2026-03-10,260.58990478515625,262.2384104290217,256.71350175461305,257.4128391437035,30590800
2026-03-11,260.5699157714844,261.888707997661,259.3110658747261,260.8496568052655,26218900
2026-03-12,255.52456665039062,258.71164792954545,253.94601921584928,258.4219063383753,40794000
2026-03-13,249.8897705078125,256.0940459350445,249.29033192864068,255.24483747003174,36930000
2026-03-16,252.58729553222656,253.6563027081548,249.6499992581203,251.87794235419486,32074200
2026-03-17,253.99598693847656,254.89516767044782,251.94787083452104,252.72716690012706,32361600
2026-03-18,249.70994567871094,254.70534343896443,248.7708084606242,252.3974721128864,35757900
2026-03-19,248.73085021972656,251.5982036354298,247.0723745163624,249.17043241392184,34864100
2026-03-20,247.76173400878906,248.97061168291066,245.77356028907465,247.7517334570195,88331100
2026-03-23,251.25851440429688,254.3656523266213,250.0496214753341,253.73622734962268,40546100
2026-03-24,251.4083709716797,254.5954370944537,249.32029842391177,250.1195650925759,45152300
2026-03-25,252.38746643066406,254.76528059453105,251.3684162845015,253.86611511385965,28476700
2026-03-26,252.6572265625,256.76344411909713,250.53918279672283,251.88793104116345,41796700
2026-03-27,248.57098388671875,255.2548282141602,247.8416601166152,253.666280215245,47900000
2026-03-30,246.40298461914062,250.63907198816298,245.28400520065438,249.83982057534305,39446200
2026-03-31,253.55638122558594,255.24482803058763,246.87255213324852,247.6818040942864,49598100
2026-04-01,255.3946990966797,255.94418062939917,253.096813183035,253.8461228128272,40059400
2026-04-02,255.68443298339844,255.89424639361263,250.4192795609811,253.96601496217014,31289400
2026-04-06,258.6217041015625,261.9186847371787,256.2239194053331,256.27389167390277,29329900
2026-04-07,253.26666259765625,255.96418954301222,245.47383916108728,255.92421782448065,62148000
2026-04-08,258.66168212890625,259.51090582044134,256.29386854025813,258.2121146377317,41032800
2026-04-09,260.2502136230469,260.879638597066,255.8342992320816,258.7615948993736,28121600
2026-04-10,260.240234375,261.94865175168746,258.78155637925676,259.7406946341393,31291500
2026-04-13,258.96142578125,259.9405042051452,256.4237552437805,259.49093671136296,36234700
2026-04-14,258.59173583984375,261.68888841493145,256.9532612999924,259.01136264890187,48370700
2026-04-15,266.18475341796875,266.3146386359468,257.57269269729437,257.92237663273806,49913500
2026-04-16,263.15753173828125,266.91408037974617,261.0294875448873,266.55439590858066,43323100
2026-04-17,269.98126220703125,272.0493335842862,266.47448343207725,266.7142527536172,61436200
2026-04-20,272.79864501953125,274.0275237795767,270.04120633500696,270.08114756253855,36590200
2026-04-21,265.9250183105469,272.5488901425708,265.1557075406741,271.250098918132,50209800
2026-04-22,272.9185791015625,273.48803128351057,266.62435952726383,267.5734973129919,43249200
2026-04-23,273.1783142089844,275.5161566987003,271.39995382845746,274.79681820267325,33399600
2026-04-24,270.81048583984375,272.80864483253174,269.4017800912603,272.50893317942314,38157100
2026-04-27,267.3636474609375,268.1129570778125,264.8260075108844,265.84505761361925,41466800
2026-04-28,270.4608154296875,272.97851539952296,268.4127145556596,272.0893199684016,40018900
2026-04-29,269.92132568359375,270.7905199823619,266.7942019267937,267.3037117460274,30047900
2026-04-30,271.1002502441406,275.7459641951834,267.893213328058,270.25102650288807,91848200
2026-05-01,279.88214111328125,286.95561044034525,278.1137509144006,278.6032901046287,79915400
2026-05-04,276.5751647949219,280.3716851917065,274.60697695873915,279.4025768563376,46668400
2026-05-05,283.9184265136719,284.30808218316156,276.2455026895375,276.6750995896243,49311700
2026-05-06,287.245361328125,287.76487170009636,280.8112868075762,281.66051049385584,58336100
2026-05-07,287.1754150390625,291.8611003514943,285.5169394038565,289.00371711581823,45224300
2026-05-08,293.0500183105469,294.4886952888782,289.7330669166447,289.7430674686918,52692800
2026-05-11,292.67999267578125,293.8800048828125,290.2300109863281,291.9800109863281,42247300
2026-05-12,294.79998779296875,295.2699890136719,292.55999755859375,292.55999755859375,45748100
2026-05-13,298.8699951171875,300.9200134277344,293.5,293.5,52684300
2026-05-14,298.2099914550781,300.3500061035156,295.3800048828125,299.82000732421875,32795974
